location,osm_id,lat,lon,distance_m,label,highway_type,lanes,lot_area_sqft,dist_bus_stop_m,dist_hospital_m,dist_school_m,dist_park_m,com_ratio,res_ratio,median_income
harlem,11981765092,40.8113098,-73.9462795,37.2,retail,residential,,7500.0,41.2,308.7,147.6,206.5,0.155842683894367,0.844157316105633,
harlem,11982036799,40.8116564,-73.9460305,40.0,retail,primary,2.0,11411.0,8.9,264.8,182.0,244.0,0.157334089052628,0.842665910947372,
harlem,11981765093,40.8112624,-73.9463129,40.7,personal_care,residential,,7500.0,47.1,314.6,143.3,201.6,0.155842683894367,0.844157316105633,
harlem,11981765094,40.8111327,-73.9464042,52.6,food_drink,primary,2.0,7500.0,63.3,331.0,132.1,188.3,0.155842683894367,0.844157316105633,
harlem,11982036805,40.8119396,-73.9458331,67.6,personal_care,residential,,1869.0,39.8,229.2,212.7,229.5,0.1736312073156615,0.8263687926843385,
harlem,11981765082,40.8105639,-73.9468317,118.5,office_professional,primary,2.0,1875.0,24.6,371.4,103.3,139.6,0.0693481276005547,0.9306518723994452,
harlem,11981765081,40.8105048,-73.9468761,125.8,personal_care,primary,2.0,1875.0,17.8,366.7,102.8,135.8,0.0695410292072322,0.9304589707927676,
harlem,6314496485,40.8104354,-73.9469283,134.4,food_drink,primary,2.0,1875.0,10.9,361.3,102.9,131.7,0.0695410292072322,0.9304589707927676,
harlem,11980400028,40.8103591,-73.9469252,142.5,health,primary,2.0,10000.0,13.2,353.5,99.2,124.6,0.1838016134801096,0.8161983865198903,
harlem,11980400027,40.8103162,-73.947018,149.3,food_drink,primary,2.0,10000.0,12.3,352.4,105.0,125.8,0.1838016134801096,0.8161983865198903,
harlem,11980400026,40.8102576,-73.9469818,154.7,retail,residential,,10000.0,19.4,345.2,100.2,118.9,0.1838016134801096,0.8161983865198903,
harlem,11980400025,40.8102571,-73.9470624,156.6,retail,residential,,10000.0,18.4,348.2,106.8,123.5,0.1838016134801096,0.8161983865198903,
harlem,11980400011,40.8096289,-73.947501,234.8,health,residential,,3364.0,63.4,308.9,147.3,124.6,0.1202427739913437,0.8797572260086562,
harlem,13310953021,40.8102044,-73.9441012,254.6,retail,secondary,3.0,885.0,9.4,319.5,146.9,108.0,0.2450980392156862,0.7549019607843137,
harlem,6296851635,40.8102607,-73.9439964,258.0,food_drink,secondary,3.0,1846.0,11.1,328.2,156.6,103.2,0.25,0.75,
harlem,12550855287,40.8096578,-73.9482156,259.8,leisure_entertainment,residential,,12479.0,57.1,279.6,204.8,184.6,1.0,0.0,
harlem,5402622059,40.8108361,-73.9435614,261.5,food_drink,secondary,2.0,4996.0,45.6,332.8,211.2,128.4,0.1387283236994219,0.861271676300578,
harlem,5004045121,40.8139532,-73.9467615,262.6,food_drink,residential,,1799.0,119.4,190.8,131.8,276.5,1.0,0.0,
harlem,12550855288,40.8095106,-73.948298,277.3,retail,primary,4.0,12479.0,46.2,271.0,215.4,190.3,1.0,0.0,
harlem,10742609217,40.8095139,-73.9445738,283.0,food_drink,secondary,2.0,2000.0,46.3,235.0,120.2,123.3,0.25,0.75,
harlem,6296848316,40.8137417,-73.9445114,291.1,health,primary,2.0,4992.0,45.8,0.0,156.4,89.1,0.4652658389048074,0.5347341610951926,
harlem,11940452884,40.8104444,-73.9431569,309.3,retail,secondary,2.0,12971.0,12.7,374.6,229.8,76.1,0.1566308450257858,0.8433691549742142,
harlem,2562438633,40.8092477,-73.9485008,311.1,finance,primary,,12500.0,31.3,253.2,240.8,208.7,1.0,0.0,
harlem,2767531713,40.8139066,-73.9486681,314.8,personal_care,secondary,4.0,14647.0,48.6,350.3,232.2,341.2,1.0,0.0,
harlem,1967406009,40.8109307,-73.9428375,317.1,food_drink,residential,,2500.0,63.9,342.8,271.3,128.4,0.0800284545616219,0.919971545438378,
harlem,6211784452,40.8134547,-73.9436358,317.2,leisure_entertainment,residential,,1249.0,97.0,80.3,125.7,36.2,1.0,0.0,
harlem,5298910428,40.8124665,-73.9500938,317.4,office_professional,residential,,1998.0,59.5,352.2,297.1,144.3,1.0,0.0,
harlem,7554344636,40.8088971,-73.9450332,324.9,food_drink,secondary,2.0,3386.0,8.9,160.9,134.0,105.3,0.292997542997543,0.707002457002457,
harlem,271798914,40.810129,-73.9498627,326.9,leisure_entertainment,residential,,17454.0,88.3,165.0,200.3,74.9,1.0,0.0,
harlem,271807581,40.8088135,-73.9452115,328.3,food_drink,residential,,2787.0,25.9,150.9,132.0,100.1,0.1907668828691339,0.8092331171308661,
harlem,2767552427,40.812132,-73.9426527,329.1,retail,secondary,2.0,3750.0,15.9,237.7,257.1,46.9,0.0576368876080691,0.9423631123919308,
harlem,419367529,40.810011,-73.9431823,330.4,food_drink,residential,,10978.0,52.6,331.5,222.9,32.5,0.1706990705580268,0.8293009294419732,
harlem,271810345,40.8110714,-73.9425988,333.5,food_drink,secondary,2.0,2500.0,88.8,337.7,295.8,121.9,0.2174138109535148,0.7825861890464851,
harlem,271808028,40.8087322,-73.9452922,334.7,food_drink,residential,,4678.0,36.1,142.0,127.9,102.5,0.1473932451781352,0.8526067548218648,
harlem,8270992264,40.8099499,-73.9430899,340.6,leisure_entertainment,residential,,5258.0,61.1,329.8,230.9,22.5,0.1348237709592791,0.8651762290407209,
harlem,2562438634,40.8086893,-73.9451659,342.6,food_drink,residential,,4678.0,31.1,137.1,118.2,113.0,0.1473932451781352,0.8526067548218648,
harlem,6680394972,40.8089411,-73.9486836,348.1,health,primary,,12749.0,21.5,241.4,268.7,214.5,1.0,0.0,
harlem,2767369848,40.8087213,-73.9481474,348.8,retail,primary,4.0,2523.0,42.6,284.2,243.0,195.7,1.0,0.0,
harlem,12887631691,40.8084607,-73.9466527,349.3,retail,primary,4.0,41435.0,59.4,164.8,187.3,122.8,1.0,0.0,
harlem,6680394971,40.808987,-73.9488349,350.8,retail,primary,,12749.0,27.6,228.0,278.0,208.9,1.0,0.0,
harlem,9049424117,40.8098577,-73.9499831,351.4,retail,primary,,7494.0,74.8,141.5,183.5,104.5,1.0,0.0,
harlem,6680394970,40.8090259,-73.9489416,352.4,leisure_entertainment,primary,,22571.0,33.5,218.5,275.9,205.9,1.0,0.0,
harlem,2767369894,40.8091977,-73.9492769,354.9,retail,primary,,7872.0,37.7,188.3,244.4,187.2,1.0,0.0,
harlem,4449731898,40.8142327,-73.9441134,355.0,food_drink,primary,2.0,1879.0,23.0,64.1,105.0,58.5,0.1433938634940513,0.8566061365059486,
harlem,12887631690,40.8084055,-73.9465169,355.2,retail,primary,4.0,,46.7,152.3,187.9,124.2,,,
harlem,1292296493,40.8087066,-73.9482997,355.6,food_drink,primary,2.0,2523.0,36.9,278.5,254.4,208.1,1.0,0.0,
harlem,2767369784,40.8084913,-73.9454233,357.4,leisure_entertainment,residential,,4678.0,33.1,116.4,114.4,119.7,0.1473932451781352,0.8526067548218648,
harlem,6680394969,40.809035,-73.9490688,357.9,leisure_entertainment,primary,,22571.0,36.3,207.7,265.3,199.7,1.0,0.0,
harlem,6296852085,40.8145607,-73.9481969,358.9,food_drink,secondary,4.0,2683.0,49.3,323.3,184.1,302.3,0.289210233592881,0.710789766407119,
harlem,5406266154,40.8092396,-73.9494538,361.5,retail,primary,,9768.0,50.8,173.1,228.9,178.6,1.0,0.0,
harlem,12887631689,40.8083439,-73.9463436,362.3,retail,primary,4.0,,31.7,137.1,171.8,126.9,,,
harlem,9049400016,40.8099674,-73.9502326,362.8,retail,primary,,9992.0,54.0,129.2,165.4,94.9,1.0,0.0,
harlem,271823346,40.8142704,-73.9440239,362.8,leisure_entertainment,primary,2.0,3746.0,31.6,71.7,96.8,50.0,0.15,0.85,
harlem,2767369937,40.809347,-73.9496298,363.5,retail,primary,,5046.0,64.9,158.1,212.5,163.8,1.0,0.0,
harlem,8827329058,40.8083727,-73.9473479,365.9,retail,primary,4.0,20183.0,36.0,206.6,223.9,163.8,1.0,0.0,
harlem,5420936939,40.8084179,-73.947616,366.1,leisure_entertainment,primary,4.0,5046.0,18.8,228.8,233.6,176.4,1.0,0.0,
harlem,9049400015,40.810012,-73.9503144,366.4,retail,primary,,9992.0,48.2,126.5,160.2,92.0,1.0,0.0,
harlem,12887631688,40.8082993,-73.9462173,367.8,retail,primary,4.0,,21.7,126.2,160.1,130.1,,,
harlem,4231923696,40.8086285,-73.9445189,370.1,food_drink,secondary,2.0,2805.0,45.9,142.8,94.8,157.9,0.1996007984031936,0.8003992015968064,
harlem,6680394967,40.8094281,-73.9498531,371.4,retail,primary,,5046.0,84.4,139.8,192.8,152.6,1.0,0.0,
harlem,9049400014,40.8100567,-73.9504391,373.3,food_drink,primary,,9992.0,39.9,121.6,151.8,91.3,1.0,0.0,
harlem,8333828578,40.808729,-73.9488499,375.5,food_drink,primary,2.0,12749.0,10.1,233.2,292.2,188.4,1.0,0.0,
harlem,271813871,40.8147182,-73.9482587,377.0,retail,secondary,4.0,5308.0,55.8,333.5,185.1,284.1,1.0,0.0,
harlem,2883793012,40.8081849,-73.9459886,382.2,retail,primary,4.0,,12.0,104.0,137.6,142.0,,,
harlem,2767369945,40.8096064,-73.9502428,385.2,leisure_entertainment,primary,,5005.0,62.3,111.1,159.2,134.4,1.0,0.0,
harlem,8019763087,40.810819,-73.9509742,386.4,food_drink,residential,,19983.0,43.7,172.5,167.9,40.5,1.0,0.0,
harlem,2883793011,40.8081402,-73.9458769,388.3,retail,primary,4.0,,19.3,94.4,127.1,133.9,,,
harlem,5302771422,40.8080988,-73.9457657,394.2,food_drink,primary,4.0,,28.7,85.2,116.8,126.2,,,
harlem,1740707014,40.8122296,-73.9418363,398.7,food_drink,residential,,20042.0,16.8,281.0,261.1,111.3,1.0,0.0,
harlem,2562438630,40.8080704,-73.945659,398.8,health,primary,4.0,1500.0,38.0,77.9,107.3,120.3,1.0,0.0,
harlem,6814864633,40.8120101,-73.9512242,400.2,retail,residential,,2884.0,46.2,244.4,211.2,41.5,1.0,0.0,
harlem,6680394973,40.8079884,-73.9464511,401.6,retail,primary,4.0,12615.0,32.8,119.8,170.5,146.9,1.0,0.0,
harlem,8333828579,40.8085008,-73.9489844,403.1,food_drink,residential,,12749.0,34.9,231.2,278.9,163.9,1.0,0.0,
harlem,5314267214,40.8105968,-73.9511285,405.2,finance,secondary,4.0,19983.0,19.5,145.4,140.3,66.4,1.0,0.0,
harlem,12887631687,40.8079456,-73.9463634,406.5,retail,primary,4.0,12615.0,29.4,111.1,162.6,138.4,1.0,0.0,
harlem,2562438629,40.8123399,-73.9417629,407.1,retail,secondary,2.0,20042.0,11.2,278.9,251.8,117.0,1.0,0.0,
harlem,12662681901,40.8151344,-73.9478027,408.0,food_drink,residential,,1666.0,9.9,317.3,144.0,251.2,0.0552486187845303,0.9447513812154696,
harlem,550033231,40.8106752,-73.9512222,410.5,retail,secondary,4.0,19983.0,29.1,152.5,143.0,60.1,1.0,0.0,
harlem,5317574170,40.8079097,-73.9462451,410.9,retail,primary,4.0,12615.0,26.5,100.5,152.3,128.8,1.0,0.0,
harlem,2767531716,40.8151768,-73.9477363,411.1,retail,residential,,1666.0,14.2,314.8,138.9,249.2,0.0552486187845303,0.9447513812154696,
harlem,6680394966,40.8098613,-73.9508754,415.9,retail,primary,,5046.0,4.9,80.2,110.1,128.9,1.0,0.0,
harlem,9543860017,40.8149807,-73.9443109,418.6,food_drink,primary,2.0,1154.0,28.7,138.8,133.6,76.8,0.1656236962870254,0.8343763037129746,
harlem,5317574172,40.8078374,-73.9460878,419.8,retail,primary,4.0,32800.0,31.9,85.0,138.5,114.1,1.0,0.0,
harlem,6680394965,40.8099292,-73.9510415,425.0,retail,primary,,20184.0,14.7,78.2,99.4,132.0,1.0,0.0,
harlem,5317574171,40.8077792,-73.9462736,425.3,retail,primary,4.0,32800.0,40.8,96.2,154.0,119.9,1.0,0.0,
harlem,271798850,40.8079659,-73.9449106,425.7,food_drink,secondary,3.0,1500.0,23.2,62.1,44.5,107.1,1.0,0.0,
harlem,13133487854,40.8131954,-73.941872,428.0,food_drink,secondary,2.0,3380.0,56.8,230.3,162.7,104.9,0.1716417910447761,0.8283582089552238,
harlem,5314268567,40.8104834,-73.9513956,430.3,leisure_entertainment,primary,5.0,3000.0,10.5,129.6,117.2,85.4,1.0,0.0,
harlem,12887631693,40.8078918,-73.9450326,430.4,retail,secondary,3.0,6993.0,14.9,50.7,51.1,96.8,1.0,0.0,
harlem,5317574169,40.8077449,-73.9459069,431.6,retail,primary,4.0,32800.0,15.6,66.7,123.1,96.7,1.0,0.0,
harlem,13133487853,40.8132341,-73.9418383,432.4,health,secondary,2.0,3380.0,51.9,231.9,160.6,104.4,0.1716417910447761,0.8283582089552238,
harlem,12887631692,40.8078568,-73.9450583,433.5,finance,secondary,3.0,6993.0,15.6,46.4,52.4,92.6,1.0,0.0,
harlem,8333828580,40.8083041,-73.9492718,434.4,food_drink,residential,,21460.0,67.3,219.6,263.3,131.5,0.0805286823817958,0.919471317618204,
harlem,5314268566,40.8105106,-73.9514575,434.5,retail,primary,5.0,3000.0,10.3,132.3,117.1,85.0,1.0,0.0,
harlem,2562438646,40.8078217,-73.9450772,436.9,food_drink,primary,4.0,6993.0,17.8,42.2,53.5,88.4,1.0,0.0,
harlem,2501567185,40.8121987,-73.9516713,440.3,food_drink,residential,,8278.0,46.2,225.2,169.3,60.1,0.0669351162437319,0.933064883756268,
harlem,2562438626,40.8077868,-73.9449933,442.6,retail,primary,4.0,6993.0,25.1,41.1,46.2,86.0,1.0,0.0,
harlem,2562438642,40.8077525,-73.9449111,448.2,food_drink,primary,4.0,6993.0,32.6,41.5,39.4,84.4,1.0,0.0,
harlem,9966728418,40.8105595,-73.9516922,452.0,retail,primary,5.0,2000.0,16.5,138.6,114.0,91.8,1.0,0.0,
harlem,10969505900,40.8134445,-73.9417023,452.9,retail,residential,1.0,2500.0,30.3,238.7,149.1,102.5,0.1696352841391009,0.8303647158608991,
harlem,5314268565,40.8101236,-73.9515356,454.5,finance,primary,5.0,61660.0,26.7,89.2,77.8,126.8,1.0,0.0,
harlem,271823290,40.8146993,-73.9429514,456.0,leisure_entertainment,tertiary,4.0,14987.0,49.1,169.0,29.6,54.7,1.0,0.0,
harlem,5266902652,40.8076644,-73.9447636,461.4,finance,primary,4.0,5758.0,29.0,44.3,29.7,80.6,1.0,0.0,
harlem,2767370101,40.8075367,-73.9453131,462.7,health,primary,4.0,8578.0,36.8,12.3,77.9,56.0,1.0,0.0,
harlem,11984324689,40.8095611,-73.9513246,465.0,personal_care,residential,,20184.0,54.1,30.8,68.2,160.3,1.0,0.0,
harlem,6680394974,40.8075171,-73.9452848,465.4,retail,primary,4.0,8578.0,33.9,9.1,76.4,53.6,1.0,0.0,
harlem,5317574174,40.8073876,-73.9461497,469.3,finance,residential,,32800.0,26.2,79.3,149.9,85.9,1.0,0.0,
harlem,10969584343,40.8074502,-73.9453853,470.9,food_drink,secondary,2.0,8578.0,40.2,14.6,87.2,47.6,1.0,0.0,
harlem,368052764,40.8091529,-73.951096,472.9,leisure_entertainment,residential,,1298.0,62.9,39.4,100.0,130.2,0.2918079600214171,0.7081920399785829,
harlem,5855850397,40.8074566,-73.9452125,473.3,health,primary,4.0,8578.0,26.4,0.0,73.9,46.8,1.0,0.0,
harlem,6511878535,40.8157311,-73.9451417,473.4,food_drink,tertiary,2.0,7361.0,86.9,227.5,112.3,184.4,0.2069536423841059,0.793046357615894,
harlem,5266902651,40.80756,-73.9445108,479.4,food_drink,primary,4.0,2498.0,36.1,60.2,24.9,84.7,1.0,0.0,
harlem,7785298654,40.8107485,-73.952123,482.6,food_drink,primary,5.0,2328.0,17.7,138.0,128.8,89.0,1.0,0.0,
harlem,2562438643,40.8098104,-73.9517284,482.9,leisure_entertainment,secondary,4.0,61660.0,54.5,57.5,42.0,135.2,1.0,0.0,
harlem,6680604278,40.8073872,-73.9449972,485.2,food_drink,primary,4.0,5634.0,9.1,19.7,63.6,44.1,1.0,0.0,
harlem,2767369969,40.807238,-73.9455502,491.6,finance,secondary,2.0,4172.0,37.7,37.4,110.7,34.4,1.0,0.0,
harlem,11980041892,40.8093213,-73.951508,491.8,health,residential,,1298.0,39.4,0.0,60.6,129.9,0.2918079600214171,0.7081920399785829,
harlem,2562438625,40.8097211,-73.9517949,492.2,leisure_entertainment,residential,,61660.0,64.5,50.6,32.0,127.9,1.0,0.0,
harlem,2767432738,40.8103269,-73.952104,492.4,retail,primary,5.0,61660.0,23.1,122.6,82.0,129.8,1.0,0.0,
harlem,2767370017,40.810804,-73.9522586,492.7,food_drink,primary,5.0,6012.0,23.8,125.9,135.4,91.3,1.0,0.0,
harlem,2562438644,40.8155747,-73.9438822,493.8,food_drink,tertiary,2.0,2500.0,20.7,210.6,151.4,114.8,0.0905387052965142,0.9094612947034856,
harlem,6511867025,40.8160376,-73.9458914,496.1,food_drink,tertiary,2.0,12890.0,34.5,280.5,113.7,254.1,1.0,0.0,
harlem,6680394962,40.8103716,-73.9521715,496.5,retail,primary,5.0,8983.0,16.3,129.5,86.9,127.5,1.0,0.0,
harlem,271800354,40.8091429,-73.9514277,496.6,hospitality,residential,,15078.0,35.2,21.0,77.5,114.3,0.0459374356257908,0.3938867798671807,
harlem,2562438638,40.8071119,-73.9463524,499.2,food_drink,residential,,3757.0,31.4,103.3,176.8,93.9,0.5085170340681363,0.4914829659318637,
harlem,11840561722,40.8077216,-73.9496813,507.6,personal_care,residential,,3200.0,49.6,235.1,200.9,75.0,0.2050590219224283,0.7949409780775717,
harlem,2562438637,40.8070737,-73.9456305,508.6,food_drink,residential,,5800.0,32.8,55.2,126.9,33.1,0.1638338446231655,0.8361661553768345,
harlem,8333828581,40.8076883,-73.9496777,510.6,food_drink,residential,,3200.0,47.5,238.1,198.7,74.9,0.2050590219224283,0.7949409780775717,
harlem,2765765931,40.8074341,-73.9491277,513.3,food_drink,residential,,3850.0,7.5,290.1,167.8,123.2,0.1489203276247207,0.8510796723752793,
harlem,5235602684,40.8162289,-73.9465284,514.7,food_drink,secondary,4.0,8050.0,17.8,324.5,130.3,227.7,0.1957141909374378,0.8042858090625622,
harlem,730049746,40.8104341,-73.9524588,518.0,retail,primary,5.0,8983.0,20.9,121.1,97.7,120.8,1.0,0.0,
harlem,6957750692,40.8073215,-73.9439667,521.3,retail,primary,4.0,11990.0,79.5,105.9,64.7,111.8,0.0625154346084578,0.937484565391542,
harlem,13136631202,40.8070888,-73.9445455,527.9,food_drink,primary,4.0,12615.0,47.9,69.5,77.1,58.8,0.1532832141787549,0.8467167858212451,
harlem,5235604703,40.8163761,-73.9469041,532.2,finance,secondary,4.0,49975.0,11.6,355.5,99.2,196.6,0.2652794774125717,0.7347205225874283,
harlem,11580920969,40.8089408,-73.9518174,536.4,food_drink,residential,,2592.0,14.2,49.7,77.0,81.8,0.0849978750531236,0.9150021249468764,
harlem,5972702850,40.8072317,-73.9437819,536.9,health,primary,4.0,11990.0,96.6,123.0,82.4,124.7,0.0625154346084578,0.937484565391542,
harlem,9144041599,40.810303,-73.9526624,538.3,food_drink,secondary,2.0,8983.0,12.3,114.2,90.9,99.1,1.0,0.0,
harlem,2767383760,40.8089007,-73.951878,543.1,retail,residential,,2592.0,18.9,56.2,79.6,76.4,0.0849978750531236,0.9150021249468764,
harlem,5266905501,40.8073593,-73.9498334,548.7,food_drink,primary,3.0,4866.0,55.3,259.7,166.1,69.2,0.0737581046165846,0.9262418953834154,
harlem,4747992621,40.8106899,-73.9529247,550.1,finance,primary,4.0,11908.0,21.0,73.7,139.2,130.3,1.0,0.0,
harlem,11980017816,40.8101282,-73.9527803,553.3,finance,residential,,8983.0,23.9,119.9,80.9,77.4,1.0,0.0,
harlem,2767720032,40.8165807,-73.9462687,554.2,food_drink,tertiary,2.0,4000.0,14.8,348.6,107.2,198.8,0.0,1.0,
harlem,11980017820,40.8098632,-73.9528228,566.1,personal_care,residential,,16326.0,49.9,126.0,65.4,52.9,0.0182631723130307,0.9817368276869692,
harlem,2767720019,40.8167188,-73.9466099,569.3,food_drink,tertiary,2.0,1992.0,17.8,375.2,78.0,173.7,1.0,0.0,
harlem,3545220723,40.8161957,-73.9434788,570.8,office_professional,residential,,3242.0,74.7,286.4,201.7,181.1,0.0696621386276558,0.930337861372344,
harlem,2767369948,40.8064597,-73.9461118,572.5,food_drink,residential,,1756.0,53.2,134.2,187.3,97.4,0.3052917232021709,0.694708276797829,
harlem,6511811723,40.8167511,-73.9466927,573.0,food_drink,tertiary,2.0,1992.0,11.5,381.7,71.5,168.1,1.0,0.0,
harlem,3545220718,40.8167752,-73.9465861,575.5,personal_care,secondary,4.0,2000.0,19.7,379.8,73.8,168.5,1.0,0.0,
harlem,11980017793,40.8102659,-73.9532009,583.1,food_drink,residential,1.0,11100.0,16.0,86.0,117.1,79.8,0.1183291918116199,0.8816708081883801,
harlem,2767369849,40.8069759,-73.9431751,585.4,food_drink,primary,4.0,11491.0,64.0,179.6,88.7,174.0,0.2154978354978355,0.7845021645021645,
harlem,6511840938,40.8168689,-73.9465164,585.9,food_drink,secondary,4.0,2000.0,17.8,386.5,69.4,161.0,1.0,0.0,
harlem,3545220721,40.8168869,-73.9460483,589.1,food_drink,secondary,4.0,7500.0,26.1,372.9,99.6,178.8,0.1691169838549652,0.8308830161450347,
harlem,2767369853,40.8069514,-73.9431164,590.2,retail,primary,4.0,11491.0,58.4,185.1,90.2,179.0,0.2154978354978355,0.7845021645021645,
harlem,11871273548,40.8072545,-73.942467,590.5,office_professional,residential,1.0,1763.0,67.1,232.2,153.6,185.5,0.0,1.0,
harlem,3545220717,40.8169193,-73.9464788,591.5,finance,secondary,4.0,2000.0,19.9,390.2,67.8,157.2,1.0,0.0,
harlem,5186830447,40.8063573,-73.9478277,593.6,office_professional,residential,,2027.0,88.9,251.8,59.1,46.8,0.1085641515440942,0.8914358484559057,
harlem,4953971785,40.8105082,-73.9395267,599.3,food_drink,secondary,2.0,1497.0,25.0,437.2,249.5,70.6,0.2,0.8,
harlem,670990793,40.8070096,-73.942768,599.3,retail,primary,4.0,25735.0,43.8,211.7,116.9,208.1,0.7959711727728744,0.2040288272271255,
harlem,2768245722,40.8122123,-73.9536193,603.0,personal_care,residential,,7538.0,79.4,144.1,39.7,117.6,0.0677966101694915,0.9322033898305084,
harlem,5186870455,40.8061428,-73.9470016,608.3,retail,secondary,2.0,1520.0,41.9,209.8,117.0,65.2,0.25,0.75,
harlem,271805638,40.8109202,-73.9537464,614.5,health,primary,4.0,13690.0,49.7,0.0,167.1,71.2,1.0,0.0,
harlem,3545220727,40.8150731,-73.9408019,615.7,personal_care,residential,,1665.0,49.2,182.2,189.8,118.9,0.3333333333333333,0.6666666666666666,
harlem,3545220728,40.8150396,-73.9407349,617.8,food_drink,residential,,1869.0,43.1,175.6,193.8,123.7,0.2,0.8,
harlem,271822571,40.8128327,-73.9393357,618.3,leisure_entertainment,residential,,12490.0,186.9,180.0,326.0,107.2,1.0,0.0,
harlem,5187017438,40.8065824,-73.9497363,620.9,hospitality,primary,2.0,3450.0,8.4,339.1,129.1,136.9,1.0,0.0,
harlem,5422783789,40.8100505,-73.9536136,623.0,health,residential,1.0,3051.0,58.2,97.3,134.6,61.4,,,
harlem,10969580738,40.8149755,-73.9405625,624.9,retail,residential,,1869.0,29.2,159.4,205.2,134.4,0.2,0.8,
harlem,2767369865,40.8070723,-73.9420154,629.2,retail,residential,1.0,1771.0,64.4,272.5,175.0,181.5,1.0,0.0,
harlem,11980017801,40.8102327,-73.953768,630.3,leisure_entertainment,residential,1.0,2088.0,62.9,76.5,155.0,85.4,0.7297185857128131,0.2702814142871869,
harlem,8333828583,40.8064714,-73.9498101,634.7,food_drink,primary,2.0,3450.0,15.3,347.6,129.5,144.8,1.0,0.0,
harlem,8014564675,40.8080588,-73.9524756,638.7,food_drink,residential,,5000.0,124.5,162.3,172.7,41.1,0.0668363209262004,0.9331636790737996,
harlem,8333828582,40.8064436,-73.9498479,638.9,food_drink,residential,,3450.0,18.3,346.8,131.3,146.2,1.0,0.0,
harlem,10969605150,40.8150983,-73.94047,639.4,food_drink,secondary,2.0,1244.0,23.4,158.5,198.7,124.4,0.2,0.8,
harlem,5266905521,40.8058627,-73.9472248,640.9,food_drink,residential,,1600.0,20.6,245.1,99.4,87.7,0.1,0.9,
harlem,2767369780,40.8066911,-73.9424929,641.6,food_drink,primary,4.0,10894.0,6.0,244.2,122.2,234.4,1.0,0.0,
harlem,10969598287,40.8151323,-73.940449,643.1,retail,secondary,2.0,2025.0,19.7,158.8,195.9,121.6,1.0,0.0,
harlem,5266906129,40.8064034,-73.9498758,643.9,food_drink,residential,,2384.0,23.1,342.9,132.1,149.4,0.1901140684410646,0.8098859315589354,
harlem,2767633739,40.8130784,-73.9390136,651.1,health,tertiary,4.0,4996.0,190.0,148.3,292.6,69.9,1.0,0.0,
harlem,8014564676,40.8079335,-73.9525508,652.3,retail,secondary,4.0,2500.0,139.8,177.5,180.3,53.9,0.1290322580645161,0.8709677419354839,
harlem,7259558972,40.8094423,-73.9537567,656.2,food_drink,residential,,2473.0,98.1,164.3,137.6,40.5,0.4157636475158454,0.5842363524841546,
harlem,3661038149,40.8064239,-73.9426763,659.4,retail,primary,4.0,4363.0,16.3,242.4,102.1,226.3,0.4033415233415233,0.5966584766584767,
harlem,3661038148,40.8064025,-73.9426421,662.9,food_drink,primary,4.0,4363.0,17.7,246.0,104.9,229.8,0.4033415233415233,0.5966584766584767,
harlem,368052784,40.8166549,-73.9422704,665.3,leisure_entertainment,residential,,29988.0,152.9,374.8,208.0,118.0,0.3466800591431726,0.6533199408568273,
harlem,7048004285,40.805587,-73.9475248,674.2,food_drink,secondary,2.0,2073.0,24.1,284.8,87.8,117.3,0.2434350603264726,0.7565649396735273,
harlem,11984361757,40.8080665,-73.9531637,684.8,retail,secondary,2.0,23521.0,97.7,197.2,190.3,96.2,0.1448050111619902,0.8551949888380097,
harlem,6662700185,40.8075404,-73.9526453,686.5,leisure_entertainment,residential,,1976.0,164.4,219.9,149.3,91.6,0.066946218733239,0.933053781266761,
harlem,6112147957,40.8067644,-73.9413357,691.4,retail,residential,,1873.0,73.3,235.0,163.0,197.9,0.0,1.0,
harlem,271893713,40.812055,-73.9547173,693.4,retail,primary,4.0,8100.0,80.2,150.3,108.5,84.9,0.0942981077513044,0.9057018922486956,
harlem,10969603645,40.815615,-73.9401039,699.3,retail,residential,,1875.0,44.4,172.4,158.6,98.1,0.1800504141159524,0.8199495858840475,
harlem,7259558970,40.807773,-73.9531593,703.7,food_drink,residential,,2500.0,114.2,221.3,197.9,106.8,0.1492210747418169,0.8507789252581831,
harlem,5266905082,40.8052132,-73.9476498,716.7,food_drink,residential,,7569.0,61.2,323.0,110.2,159.7,0.1585517022687307,0.8414482977312693,
harlem,562540012,40.8144044,-73.9388249,717.3,health,residential,,260689.0,138.5,0.0,146.5,86.7,1.0,0.0,
harlem,9902852319,40.8122183,-73.9549914,717.9,food_drink,primary,4.0,14500.0,106.7,178.4,121.7,110.6,0.1460977430655257,0.8539022569344742,
harlem,5266905471,40.8051958,-73.947668,718.9,personal_care,residential,,7569.0,63.6,325.4,111.0,161.8,0.1585517022687307,0.8414482977312693,
harlem,3661038145,40.8061162,-73.9419313,720.9,retail,primary,,5914.0,6.5,201.8,167.5,233.1,,,
harlem,3661038146,40.8060888,-73.9418784,725.8,retail,primary,,10092.0,10.3,196.5,172.5,233.6,0.2220058422590068,0.7779941577409932,
harlem,10570582548,40.8078345,-73.9393665,732.0,retail,residential,1.0,1394.0,64.5,344.3,46.8,95.2,0.5180722891566265,0.4819277108433735,
harlem,1667400684,40.8074935,-73.9533679,736.6,retail,secondary,2.0,20570.0,124.1,256.5,191.9,138.2,0.0875756035831365,0.9124243964168636,
harlem,271628051,40.8049939,-73.944867,747.3,leisure_entertainment,residential,,6000.0,123.8,275.4,175.6,115.3,0.0,1.0,
harlem,271628046,40.8052332,-73.9432924,757.7,leisure_entertainment,residential,2.0,883660.0,116.7,259.3,138.0,89.0,1.0,0.0,
harlem,8375908256,40.8126567,-73.9553989,758.1,personal_care,primary,4.0,4800.0,51.5,238.0,149.9,169.8,0.1449122622121515,0.8550877377878484,
harlem,7169900956,40.8083599,-73.9545774,769.4,retail,residential,,1883.0,22.1,279.6,141.6,170.8,0.2327663384064458,0.7672336615935542,
harlem,271628045,40.8048268,-73.944513,771.5,leisure_entertainment,residential,,883660.0,139.8,298.3,181.5,80.2,1.0,0.0,
harlem,1667358508,40.8072019,-73.9535984,772.1,food_drink,residential,1.0,20570.0,126.5,224.1,193.6,173.6,0.0875756035831365,0.9124243964168636,
harlem,271892481,40.8175291,-73.9514195,778.5,leisure_entertainment,tertiary,,79704.0,125.3,583.8,81.7,109.9,1.0,0.0,
harlem,7620039824,40.8058245,-73.9412641,778.9,food_drink,primary,,2018.0,67.9,140.6,229.7,251.5,0.2553191489361702,0.7446808510638298,
harlem,7629823948,40.8178209,-73.9422219,779.8,food_drink,residential,,1243.0,63.6,475.4,177.1,212.6,0.5,0.5,
harlem,6511917719,40.8176235,-73.9416508,784.3,food_drink,residential,,2500.0,43.8,429.7,127.4,166.3,0.1756388864494599,0.8243611135505401,
harlem,7620039822,40.8057966,-73.9411982,784.6,retail,primary,,2018.0,65.1,134.8,232.5,254.2,0.25,0.75,
harlem,4213565912,40.8047139,-73.9485671,785.2,hospitality,residential,1.0,1817.0,83.9,399.8,147.6,235.0,0.0,0.6664308454191723,
harlem,10570579768,40.8061731,-73.9404894,787.4,food_drink,secondary,2.0,1252.0,20.9,152.4,159.7,266.4,1.0,0.0,
harlem,2765742254,40.80454,-73.9474459,789.1,food_drink,residential,1.0,1680.0,63.4,374.9,183.9,233.4,0.2711864406779661,0.7288135593220338,
harlem,1667402832,40.8068012,-73.9534135,789.5,food_drink,residential,1.0,4620.0,98.0,180.4,165.8,196.0,0.1268226517463547,0.8731773482536453,
harlem,1667359770,40.8069537,-73.9537487,799.4,food_drink,residential,1.0,20183.0,96.2,196.8,193.2,201.7,0.1047110669728756,0.8952889330271243,
harlem,3661038142,40.8056675,-73.9409175,809.9,office_professional,primary,,5803.0,51.9,109.8,222.1,266.5,0.1984984358706986,0.8015015641293014,
harlem,883337398,40.8043628,-73.9476425,810.5,food_drink,residential,1.0,3159.0,37.7,386.1,196.0,253.8,0.043331311205477,0.9566686887945228,
harlem,10798119179,40.8137808,-73.9557256,813.4,food_drink,secondary,,3768.0,21.0,245.1,87.8,138.9,1.0,0.0,
harlem,12828976082,40.8060518,-73.9401974,813.6,personal_care,secondary,2.0,1745.0,19.4,137.8,148.3,278.3,0.2181500872600349,0.7818499127399651,
harlem,6511912113,40.8180893,-73.9420069,814.6,food_drink,residential,,7936.0,39.2,483.2,166.4,213.3,0.2599520872623477,0.7400479127376522,
harlem,2767404506,40.8068092,-73.9538552,816.7,retail,secondary,2.0,20183.0,77.9,181.5,191.3,219.4,0.1047110669728756,0.8952889330271243,
harlem,271626093,40.8043981,-73.9484157,816.9,food_drink,secondary,2.0,1615.0,49.7,368.4,181.9,263.0,0.4286886927970449,0.5713113072029551,
harlem,5972704270,40.8042822,-73.9474319,817.5,retail,residential,1.0,3159.0,47.6,385.6,207.4,262.0,0.043331311205477,0.9566686887945228,
harlem,6511898056,40.8188292,-73.9446254,819.2,leisure_entertainment,residential,,4147.0,35.6,486.3,266.1,234.3,0.1301706682094301,0.8698293317905699,
harlem,1667418892,40.8061352,-73.9530327,819.5,food_drink,residential,,2600.0,100.0,116.5,105.8,172.6,0.2131106471816284,0.7868893528183716,
harlem,1667419712,40.8062286,-73.9532312,823.2,food_drink,residential,,2600.0,83.5,120.4,124.5,183.3,0.2131106471816284,0.7868893528183716,
harlem,6680604279,40.8058081,-73.9404039,823.4,retail,secondary,2.0,7621.0,17.6,111.3,179.5,304.4,1.0,0.0,
harlem,5972704885,40.8042478,-73.9477261,824.0,food_drink,secondary,2.0,1530.0,24.0,371.5,198.3,267.1,0.1995685005393743,0.8004314994606256,
harlem,7290190311,40.8060758,-73.9530327,824.4,food_drink,residential,,2600.0,100.4,110.5,104.6,166.0,0.2131106471816284,0.7868893528183716,
harlem,12286201163,40.8179503,-73.9413546,828.3,food_drink,primary,2.0,9992.0,13.9,448.1,109.5,157.7,1.0,0.0,
harlem,7125417492,40.8064359,-73.953656,832.1,personal_care,residential,,5000.0,56.2,139.0,165.5,211.4,0.0908907291456271,0.9091092708543728,
harlem,3449999556,40.8052533,-73.9412506,832.6,health,residential,,5551.0,71.6,96.5,255.4,221.0,0.0531188344210047,0.9468811655789952,
harlem,10195939473,40.8066718,-73.9539564,833.1,food_drink,secondary,2.0,20183.0,60.5,167.6,191.2,236.3,0.1047110669728756,0.8952889330271243,
harlem,3661038141,40.8055427,-73.940603,836.6,finance,secondary,3.0,7806.0,25.8,86.0,212.4,278.1,1.0,0.0,
harlem,7125417493,40.806371,-73.9536786,838.5,food_drink,residential,,5000.0,51.0,131.8,165.0,204.9,0.0908907291456271,0.9091092708543728,
harlem,6680604280,40.8057261,-73.9402243,840.0,food_drink,primary,,1857.0,16.8,101.5,176.0,293.7,0.5741444866920152,0.4258555133079847,
harlem,5400474152,40.8171459,-73.9532953,841.0,food_drink,secondary,,4925.0,69.3,423.1,226.7,167.4,0.0751653638003607,0.9248346361996392,
harlem,3661038140,40.8055163,-73.9405433,842.0,food_drink,primary,,7806.0,20.3,81.7,211.2,274.3,1.0,0.0,
harlem,6680604282,40.8057302,-73.9401648,842.8,personal_care,primary,,1857.0,19.0,102.3,172.5,293.7,0.5741444866920152,0.4258555133079847,
harlem,6680604281,40.805705,-73.9401762,844.4,food_drink,primary,,1857.0,16.1,99.4,175.3,291.0,0.5741444866920152,0.4258555133079847,
harlem,5266906021,40.8040727,-73.9478588,844.8,food_drink,secondary,2.0,1530.0,9.6,349.2,177.4,287.8,,,
harlem,7125397465,40.8065375,-73.9540554,849.3,food_drink,residential,,20183.0,43.6,154.7,192.7,232.0,0.1047110669728756,0.8952889330271243,
harlem,10195646156,40.8138643,-73.9561495,850.2,food_drink,secondary,,4725.0,29.8,214.5,67.8,130.6,1.0,0.0,
harlem,2768392113,40.8137873,-73.9562105,852.6,food_drink,secondary,,4725.0,25.5,218.2,76.0,139.9,1.0,0.0,
harlem,6680604283,40.8056564,-73.9400586,854.8,personal_care,primary,,1682.0,19.6,95.3,173.8,285.0,0.248015873015873,0.751984126984127,
harlem,10195646154,40.8137475,-73.9563324,861.2,health,primary,4.0,4725.0,18.0,216.0,80.8,146.5,1.0,0.0,
harlem,6680604284,40.80563,-73.9399632,862.2,food_drink,primary,,3314.0,26.3,94.2,171.9,281.9,0.1258389261744966,0.8741610738255033,
harlem,2765639628,40.805611,-73.9399502,864.5,retail,primary,,3314.0,27.0,92.5,173.1,279.8,0.1258389261744966,0.8741610738255033,
harlem,10969587131,40.8039558,-73.9486227,868.6,food_drink,residential,,7569.0,36.7,316.5,169.0,315.2,0.0971340839303991,0.9028659160696008,
harlem,271291111,40.8060811,-73.95382,869.6,food_drink,residential,,4000.0,35.0,100.9,153.6,177.5,0.2,0.8,
harlem,2767707740,40.8142537,-73.9367717,870.3,food_drink,residential,,3120.0,43.4,173.6,196.5,171.1,0.1269035532994923,0.8730964467005076,
harlem,1666605529,40.8063138,-73.9542239,876.4,finance,residential,,20183.0,16.5,135.3,192.1,214.8,0.2899122207689955,0.7100877792310045,
harlem,13541547191,40.8038597,-73.9487211,880.7,food_drink,secondary,4.0,7569.0,24.6,304.2,161.2,311.5,0.0971340839303991,0.9028659160696008,
harlem,271291107,40.8058403,-73.9539949,898.9,food_drink,residential,,2000.0,39.0,79.3,137.2,159.2,0.1296176279974076,0.8703823720025924,
harlem,1667353975,40.8061134,-73.9543707,900.6,retail,secondary,2.0,20183.0,13.9,121.0,180.3,201.5,0.2899122207689955,0.7100877792310045,
harlem,10969577294,40.8169403,-73.9384196,902.8,food_drink,secondary,3.0,31150.0,147.6,284.0,136.9,116.0,1.0,0.0,
harlem,8375950593,40.8123847,-73.9572358,907.7,retail,secondary,,339250.0,68.9,334.7,169.1,136.3,0.0042517970929046,0.9957482029070954,
harlem,1667402828,40.8056378,-73.9538775,908.3,food_drink,residential,,2018.0,42.8,54.7,113.1,134.8,0.0641711229946524,0.9358288770053476,
harlem,9482649821,40.8047396,-73.9523755,909.1,food_drink,secondary,,9378.0,137.3,115.8,60.0,62.4,0.1241498299659932,0.0,
harlem,10570594107,40.8170044,-73.9383736,910.4,retail,secondary,3.0,31150.0,155.7,291.6,143.4,118.0,1.0,0.0,
harlem,7125417491,40.8047922,-73.9525262,911.2,food_drink,secondary,,9378.0,142.4,101.9,46.8,52.6,0.1241498299659932,0.0,
harlem,8375950592,40.8122461,-73.9573375,914.9,finance,secondary,,375650.0,86.4,336.3,157.1,126.0,0.1390336204863395,0.8609663795136605,
harlem,6296851690,40.8048134,-73.9402618,919.3,health,residential,,17409.0,75.0,0.0,263.6,193.2,1.0,0.0,
harlem,2768136308,40.8198671,-73.9460727,920.0,food_drink,tertiary,,12295.0,39.9,491.2,285.6,135.6,0.033290056260195,0.9667099437398048,
harlem,8375950591,40.8121006,-73.957435,922.0,health,secondary,,2000.0,74.0,337.0,145.4,117.9,0.0739098300073909,0.9260901699926092,
harlem,1666603088,40.80593,-73.9545289,924.2,food_drink,residential,,20183.0,33.2,112.7,173.6,192.7,0.2899122207689955,0.7100877792310045,
harlem,2767778130,40.8174709,-73.9387241,924.3,retail,residential,,11990.0,190.9,341.1,119.8,90.4,0.0760618230497748,0.9239381769502252,
harlem,607275263,40.804182,-73.951475,925.0,hospitality,primary,2.0,4000.0,112.2,212.2,152.6,88.9,0.0660283922086497,0.9339716077913502,
harlem,357642771,40.8051864,-73.9536189,931.4,health,residential,,12523.0,82.7,0.0,61.0,80.6,1.0,0.0,
harlem,8375950590,40.8119034,-73.9575829,933.3,retail,secondary,,2000.0,51.2,340.9,132.7,109.5,0.0739098300073909,0.9260901699926092,
harlem,12401145040,40.8059923,-73.9547674,934.3,leisure_entertainment,residential,,20183.0,49.6,131.8,192.9,207.8,0.2899122207689955,0.7100877792310045,
harlem,8375950588,40.8117166,-73.9577238,944.7,food_drink,secondary,,2000.0,32.9,346.3,118.9,106.5,0.0739098300073909,0.9260901699926092,
harlem,6680630095,40.8038223,-73.9418061,950.8,health,residential,,81405.0,63.1,170.4,131.3,173.6,0.0710688138823292,0.9289311861176708,
harlem,8385594245,40.811599,-73.9578096,951.8,food_drink,secondary,,2000.0,26.4,350.2,108.2,107.5,0.0739098300073909,0.9260901699926092,
harlem,6680630094,40.8037777,-73.941717,958.4,health,residential,,81405.0,64.6,168.1,128.9,169.2,0.0710688138823292,0.9289311861176708,
harlem,2768405698,40.8114761,-73.9579151,960.8,food_drink,residential,,2000.0,29.1,356.2,98.8,109.8,0.0739098300073909,0.9260901699926092,
harlem,2767863002,40.8190756,-73.9406209,967.3,personal_care,residential,,3992.0,121.2,374.1,135.3,168.4,0.1036484245439469,0.896351575456053,
harlem,2767863006,40.8191141,-73.9405931,972.2,retail,residential,,3992.0,125.8,370.2,133.7,164.8,0.1036484245439469,0.896351575456053,
harlem,2768419000,40.8112405,-73.9580424,972.2,food_drink,residential,,2000.0,45.5,363.3,82.5,123.7,0.0739098300073909,0.9260901699926092,
harlem,8375908265,40.8112013,-73.9580793,975.5,retail,residential,,2700.0,50.4,366.0,81.3,125.8,0.1885014137606032,0.8114985862393967,
harlem,6296848390,40.8192569,-73.9522014,977.3,office_professional,secondary,,4000.0,76.6,635.8,200.5,99.7,0.0965872504829362,0.9034127495170636,
harlem,2883793060,40.805106,-73.9386709,977.6,finance,primary,1.0,8993.0,67.2,137.8,205.2,247.1,1.0,0.0,
harlem,2767778168,40.8179115,-73.9384039,978.1,retail,residential,,11990.0,245.8,391.6,149.9,136.5,0.0768804969555323,0.9231195030444675,
harlem,2767863009,40.8191781,-73.940541,980.6,food_drink,primary,2.0,4000.0,133.8,363.9,131.6,158.6,0.1353100364748794,0.8646899635251206,
harlem,8375908255,40.8110692,-73.9581775,984.5,food_drink,secondary,,2692.0,65.8,373.3,78.1,135.1,0.1886792452830188,0.8113207547169812,
harlem,1667420596,40.8051525,-73.9545347,985.5,health,residential,,22400.0,56.9,77.2,127.9,137.3,0.0491071428571428,0.9508928571428572,
harlem,2767863013,40.8192262,-73.9405059,986.7,food_drink,primary,2.0,4000.0,139.7,359.2,130.2,154.4,0.1353100364748794,0.8646899635251206,
harlem,8375908253,40.8110353,-73.9582026,986.9,food_drink,secondary,,2692.0,69.8,375.3,77.9,137.8,0.1886792452830188,0.8113207547169812,
harlem,11004300914,40.8194303,-73.95207,988.8,personal_care,secondary,,4000.0,98.8,657.0,186.7,118.9,0.1120866803661498,0.8879133196338502,
harlem,4176537295,40.8193775,-73.9522582,991.3,food_drink,secondary,,4000.0,87.4,641.5,186.3,113.5,0.0934055669717915,0.9065944330282084,
harlem,8375908250,40.8109478,-73.9582686,993.1,finance,secondary,,4000.0,80.4,380.6,78.4,144.9,0.0895736295234682,0.9104263704765316,
harlem,2767863016,40.8192764,-73.9404693,993.1,health,primary,2.0,4000.0,145.8,354.3,128.9,150.1,0.1529591716672549,0.8470408283327451,
harlem,2883793061,40.805029,-73.9385081,993.1,food_drink,primary,,8993.0,68.2,149.5,215.4,245.7,1.0,0.0,
harlem,5972704904,40.8029195,-73.9493836,995.3,finance,residential,,8241.0,22.4,192.7,118.1,275.0,0.0765391932504342,0.9234608067495658,
harlem,12118471440,40.8109107,-73.9582924,995.4,food_drink,secondary,,5092.0,84.7,382.6,78.8,148.2,0.1770455295282085,0.8229544704717915,
harlem,2767863020,40.8193128,-73.9404428,997.7,personal_care,primary,2.0,4000.0,150.2,350.8,128.2,147.1,0.1529591716672549,0.8470408283327451,
harlem,11610701050,40.8053513,-73.9379238,1001.9,office_professional,residential,,5296.0,74.6,205.7,194.9,250.7,1.0,0.0,
harlem,8375948908,40.8103874,-73.9583183,1003.7,food_drink,secondary,,25669.0,106.1,389.3,82.8,195.5,1.0,0.0,
harlem,7598923198,40.8146913,-73.9577661,1008.5,retail,primary,4.0,32050.0,47.4,75.5,131.3,161.5,,,
harlem,2767863027,40.8194118,-73.9403706,1010.2,personal_care,primary,2.0,4000.0,162.3,341.3,127.2,139.4,0.1352941176470588,0.8647058823529412,
harlem,12414899829,40.80492,-73.954757,1017.2,food_drink,residential,,7566.0,38.6,100.3,141.5,124.9,0.1832111925383077,0.8167888074616922,
harlem,6991157015,40.8105995,-73.9585406,1019.4,retail,residential,2.0,9092.0,121.1,405.1,95.5,177.3,0.0946657239374656,0.9053342760625344,
harlem,2767863031,40.8194939,-73.9403181,1020.3,personal_care,residential,,3900.0,172.0,333.5,126.7,134.2,0.1017609061145031,0.8982390938854968,
harlem,5972704910,40.8027065,-73.9495427,1021.5,finance,residential,,17581.0,36.6,168.8,123.7,272.0,0.1717997208338961,0.8282002791661038,
harlem,12414899832,40.8048688,-73.9547937,1023.5,personal_care,residential,,7566.0,32.4,105.0,144.3,119.6,0.1832111925383077,0.8167888074616922,
harlem,5799683086,40.8048767,-73.9381538,1025.8,food_drink,primary,,2498.0,34.1,177.6,233.2,247.7,0.5625,0.4375,
harlem,2762553969,40.8048187,-73.9548295,1029.6,food_drink,secondary,2.0,7566.0,26.5,109.8,145.0,114.6,0.1832111925383077,0.8167888074616922,
harlem,6863378285,40.8024849,-73.9489635,1034.5,finance,residential,,80731.0,35.2,151.1,72.6,280.0,0.2779697179366728,0.7220302820633271,
harlem,11772978388,40.8153704,-73.9577427,1034.9,health,residential,,5325.0,30.7,0.0,161.7,160.0,0.1666666666666666,0.8333333333333334,
harlem,12414899830,40.8047726,-73.9548625,1035.2,food_drink,secondary,2.0,7566.0,21.2,114.3,145.0,110.1,0.1832111925383077,0.8167888074616922,
harlem,6925950132,40.810375,-73.958715,1037.0,retail,secondary,,10092.0,93.4,422.5,113.1,172.5,0.08847600088476,0.91152399911524,
harlem,6927650853,40.8097913,-73.9586122,1039.0,food_drink,residential,,10092.0,37.4,428.3,126.4,134.2,0.0419682170150311,0.0,
harlem,11772965585,40.8150334,-73.9579873,1039.4,retail,primary,5.0,32050.0,25.8,42.8,160.3,175.9,,,
harlem,6296848309,40.8184147,-73.9380432,1039.6,personal_care,secondary,2.0,4000.0,223.9,450.8,198.1,139.8,0.1074454163509883,0.8925545836490116,
harlem,12414899831,40.8047268,-73.9548953,1040.8,retail,secondary,2.0,7566.0,16.4,119.0,145.2,105.7,0.1832111925383077,0.8167888074616922,
harlem,2714230679,40.8024331,-73.9490146,1041.1,finance,residential,,80731.0,28.3,144.3,77.1,272.9,0.2779697179366728,0.7220302820633271,
harlem,2768438939,40.8102639,-73.9587532,1041.9,health,secondary,,10092.0,80.7,427.6,108.0,160.8,0.08847600088476,0.91152399911524,
harlem,6927650854,40.8097457,-73.9586465,1042.8,personal_care,residential,,10092.0,31.8,432.6,125.4,129.1,0.0419682170150311,0.0,
harlem,2340474679,40.8035548,-73.9528936,1044.0,food_drink,tertiary,,9411.0,12.8,191.4,78.0,50.0,0.0905305087814593,0.9094694912185406,
harlem,6799248313,40.8024052,-73.9490379,1044.5,retail,residential,,80731.0,24.9,140.8,79.3,269.3,0.2779697179366728,0.7220302820633271,
harlem,2768438938,40.8102164,-73.9587861,1045.4,health,secondary,,10092.0,75.0,431.3,104.9,155.0,0.08847600088476,0.91152399911524,
harlem,9543863717,40.8041731,-73.9541227,1045.8,food_drink,tertiary,,4037.0,89.6,120.4,66.4,97.7,0.1377410468319559,0.8622589531680441,
harlem,1667407048,40.8049414,-73.955275,1045.8,food_drink,secondary,2.0,7283.0,34.7,142.0,184.5,89.9,1.0,0.0,
harlem,5399812753,40.8154688,-73.9578278,1045.9,retail,primary,5.0,4992.0,31.5,13.1,167.9,169.8,0.0826901874310915,0.9173098125689084,
harlem,6927650856,40.8097065,-73.9586754,1046.1,food_drink,secondary,3.0,10092.0,27.1,436.2,124.9,124.7,0.0419682170150311,0.0,
harlem,11181174755,40.8151027,-73.9580489,1047.1,health,primary,5.0,32050.0,17.1,39.4,168.2,181.3,,,
harlem,7004396464,40.8101272,-73.9587896,1047.2,food_drink,residential,,10092.0,65.2,433.5,104.5,147.3,0.08847600088476,0.91152399911524,
harlem,9553068946,40.8038486,-73.9535718,1047.5,food_drink,tertiary,,7592.0,56.5,148.8,41.2,90.2,0.1376617525592571,0.8623382474407428,
harlem,2762553960,40.8046483,-73.9549514,1050.5,retail,secondary,2.0,4541.0,10.5,127.1,146.1,98.6,0.1828917803208444,0.8171082196791556,
harlem,9432238405,40.8028171,-73.9511423,1051.9,food_drink,tertiary,,2876.0,58.6,227.8,238.1,139.6,0.2,0.8,
harlem,2768086327,40.8199553,-73.9406341,1052.1,retail,residential,,34970.0,194.3,277.5,87.0,160.4,0.0,1.0,
harlem,10570592044,40.8185364,-73.9379651,1053.9,retail,residential,,3992.0,209.0,465.1,210.3,130.7,0.1059602649006622,0.8940397350993378,
harlem,1667407727,40.8048764,-73.955334,1054.4,food_drink,secondary,2.0,7283.0,31.8,148.4,185.7,81.4,1.0,0.0,
harlem,11040269752,40.8023211,-73.9490789,1054.4,retail,secondary,2.0,80731.0,18.2,130.9,84.3,259.4,0.2779697179366728,0.7220302820633271,
harlem,2762553956,40.8046013,-73.954985,1056.2,food_drink,secondary,2.0,4541.0,10.6,132.1,147.0,94.5,0.1828917803208444,0.8171082196791556,
harlem,9553068947,40.8026563,-73.9507343,1056.4,food_drink,tertiary,,4205.0,75.9,193.5,222.4,171.6,0.0914014517029592,0.9085985482970408,
harlem,9553134899,40.8041288,-73.9542537,1056.4,food_drink,tertiary,,4037.0,81.3,129.2,77.6,90.9,0.1120071684587813,0.8879928315412187,
harlem,11772965584,40.8151875,-73.9581244,1056.5,food_drink,primary,5.0,32050.0,8.7,38.0,178.0,188.3,,,
harlem,7004396462,40.8099828,-73.9588851,1057.7,food_drink,residential,,10092.0,48.3,444.9,98.5,130.0,0.08847600088476,0.91152399911524,
harlem,9553153273,40.8041913,-73.9543835,1057.8,food_drink,tertiary,,4035.0,68.4,128.0,88.4,97.3,0.1120071684587813,0.8879928315412187,
harlem,2768392163,40.8155844,-73.9579278,1058.9,finance,primary,5.0,7300.0,38.6,28.4,175.2,176.3,0.2098743689092403,0.7901256310907596,
harlem,9049400010,40.8025986,-73.9506242,1059.4,food_drink,tertiary,,4205.0,64.6,183.1,212.7,180.6,0.0914014517029592,0.9085985482970408,
harlem,12414103707,40.8045591,-73.9550152,1061.4,food_drink,secondary,2.0,4541.0,13.1,136.7,148.0,91.1,0.1828917803208444,0.8171082196791556,
harlem,9049400012,40.8025525,-73.9505182,1061.4,retail,tertiary,,4205.0,54.4,174.2,203.5,189.5,0.0914014517029592,0.9085985482970408,
harlem,10798127337,40.8152329,-73.9581647,1061.5,food_drink,primary,5.0,32050.0,8.0,38.7,183.3,192.2,,,
harlem,4987134521,40.8024602,-73.9502299,1063.7,food_drink,tertiary,,20022.0,29.2,154.2,179.2,214.2,1.0,0.0,
harlem,11772978389,40.8156413,-73.957977,1065.3,finance,primary,2.0,7300.0,43.7,36.0,179.2,168.8,0.2098743689092403,0.7901256310907596,
harlem,9553068944,40.8043897,-73.954836,1065.4,retail,tertiary,,8073.0,25.2,135.4,128.8,104.7,0.0671641791044776,0.9328358208955224,
harlem,3661038129,40.8044651,-73.9380441,1065.8,food_drink,primary,,2523.0,18.3,190.6,242.8,212.1,1.0,0.0,
harlem,11772965583,40.8152992,-73.9582237,1068.9,finance,primary,,4992.0,13.5,41.2,191.2,196.9,0.0826901874310915,0.9173098125689084,
harlem,9553068942,40.804484,-73.9550689,1070.6,retail,tertiary,,4541.0,7.1,144.9,150.1,85.4,0.1828917803208444,0.8171082196791556,
harlem,1115907819,40.8047935,-73.9555304,1072.6,food_drink,tertiary,,7283.0,39.8,166.7,197.4,62.9,1.0,0.0,
harlem,13324400764,40.815329,-73.9582622,1073.2,food_drink,primary,,4992.0,17.8,44.0,195.6,192.8,0.0826901874310915,0.9173098125689084,
harlem,7004396461,40.80993,-73.9590645,1073.6,office_professional,residential,,25125.0,43.9,460.9,85.4,115.5,0.1032679738562091,0.8967320261437909,
harlem,4707297289,40.8094157,-73.9589337,1074.2,retail,residential,,12615.0,14.9,467.5,124.3,91.2,0.0407037554912085,0.9592962445087916,
harlem,10969661823,40.8187143,-73.9378267,1076.4,food_drink,residential,,4000.0,186.1,486.5,230.5,120.8,0.1610478849044449,0.8389521150955551,
harlem,9553127998,40.8028721,-73.9521254,1079.8,food_drink,tertiary,,6405.0,24.9,286.4,176.7,63.5,0.146055182303423,0.853944817696577,
harlem,2762496233,40.8029592,-73.9523662,1080.2,retail,tertiary,,6405.0,44.4,269.2,157.5,54.5,0.146055182303423,0.853944817696577,
harlem,11743347550,40.8034811,-73.9536097,1083.1,retail,tertiary,,2119.0,48.1,189.6,80.3,67.4,0.1,0.9,
harlem,11743347548,40.8035511,-73.9537852,1084.9,office_professional,tertiary,,10647.0,62.5,182.4,78.8,56.5,0.0939236111111111,0.9060763888888888,
harlem,11743347547,40.8035832,-73.9538656,1085.8,retail,tertiary,,2534.0,69.4,179.5,79.3,52.5,0.0842535431701591,0.9157464568298408,
harlem,11743274418,40.8036612,-73.9540174,1086.1,retail,tertiary,,2658.0,83.2,172.9,80.9,49.0,0.0507202272266179,0.949279772773382,
harlem,6957709100,40.8020588,-73.9492663,1086.2,health,tertiary,,4541.0,25.5,98.8,109.0,226.3,1.0,0.0,
harlem,271885447,40.82136,-73.9473012,1087.4,leisure_entertainment,tertiary,,1180.0,88.1,518.8,127.7,25.3,0.0,0.75,
harlem,2762513256,40.8037936,-73.9543191,1089.3,retail,tertiary,,5046.0,98.9,165.7,93.0,53.3,1.0,0.0,
harlem,4450364090,40.8213006,-73.9445186,1091.5,food_drink,residential,,1825.0,130.4,297.8,190.5,167.6,0.2344827586206896,0.7655172413793103,
harlem,11743274417,40.8038225,-73.9544171,1091.7,health,tertiary,,7569.0,91.0,165.9,99.1,56.3,0.0413223140495867,0.9586776859504132,
harlem,11743274415,40.8038531,-73.9544974,1093.2,personal_care,tertiary,,7569.0,84.0,165.7,104.2,60.5,0.0413223140495867,0.9586776859504132,
harlem,9553068941,40.8023545,-73.9509307,1093.6,food_drink,tertiary,,5046.0,78.5,176.9,238.6,156.7,0.0549860837689226,0.9450139162310772,
harlem,2768450166,40.8091195,-73.9591532,1100.0,health,secondary,,12138.0,30.6,473.8,137.7,67.4,0.0700053421839302,0.9299946578160696,
harlem,6957709107,40.8018484,-73.9488107,1101.6,personal_care,tertiary,,80731.0,19.8,93.6,92.8,225.4,0.2779697179366728,0.7220302820633271,
harlem,11743274414,40.8040946,-73.9550567,1102.3,health,tertiary,,2125.0,38.7,171.4,145.3,92.9,1.0,0.0,
harlem,9553068943,40.8020781,-73.9502363,1104.5,personal_care,tertiary,,7197.0,21.4,116.7,185.4,208.2,1.0,0.0,
harlem,2762496181,40.8020332,-73.9501159,1106.5,personal_care,tertiary,,7197.0,18.5,107.3,176.9,204.1,1.0,0.0,
harlem,5641033121,40.8041377,-73.9377954,1106.9,retail,secondary,2.0,3532.0,36.4,212.3,245.5,180.0,,,
harlem,5171178887,40.8047366,-73.9369699,1107.2,food_drink,secondary,2.0,5995.0,29.2,159.6,149.9,234.0,0.1472185110435203,0.8527814889564798,
harlem,7620039830,40.8018746,-73.9436715,1107.3,health,residential,,6069.0,164.4,0.0,55.9,65.9,1.0,0.0,
harlem,271290745,40.8041908,-73.9552951,1107.6,food_drink,tertiary,,467.0,26.9,179.3,165.1,70.3,1.0,0.0,
harlem,9553068950,40.8020016,-73.9500536,1108.4,health,tertiary,,7197.0,20.6,101.7,173.0,201.3,1.0,0.0,
harlem,6957709110,40.801767,-73.9486604,1108.4,food_drink,tertiary,,80731.0,29.6,95.6,92.9,226.1,0.2779697179366728,0.7220302820633271,
harlem,9726158587,40.8040936,-73.9378101,1109.8,health,secondary,2.0,216.0,31.3,213.4,249.5,174.9,1.0,0.0,
harlem,2217164106,40.8090061,-73.9592428,1110.6,food_drink,secondary,,12138.0,26.4,459.2,144.9,61.6,0.0700053421839302,0.9299946578160696,
harlem,6957709097,40.8017353,-73.94858,1110.8,food_drink,tertiary,,80731.0,36.4,98.5,92.8,227.9,0.2779697179366728,0.7220302820633271,
harlem,271608077,40.8039695,-73.9379677,1111.6,retail,secondary,2.0,3828.0,16.2,214.7,268.5,159.5,1.0,0.0,
harlem,2768450163,40.8089776,-73.9592575,1112.6,personal_care,secondary,,12138.0,27.0,455.8,147.2,61.2,0.0700053421839302,0.9299946578160696,
harlem,12414103704,40.8041025,-73.9552581,1112.8,personal_care,tertiary,,2546.0,31.7,183.2,162.2,77.1,0.1463057790782735,0.8536942209217264,
harlem,271607997,40.8040303,-73.937834,1113.8,retail,secondary,2.0,216.0,24.0,215.6,255.5,167.7,1.0,0.0,
harlem,12414103703,40.8041375,-73.9553389,1114.4,food_drink,secondary,2.0,467.0,24.0,185.9,168.8,69.3,1.0,0.0,
harlem,9553068948,40.8043653,-73.9556713,1114.9,food_drink,tertiary,,4092.0,11.3,195.4,197.9,34.7,0.1658447611970546,0.8341552388029454,
harlem,2768459581,40.8153944,-73.9588496,1121.7,food_drink,primary,1.0,8021.0,50.4,93.2,160.3,178.8,0.1376609491935109,0.8623390508064891,
harlem,1037001758,40.8044313,-73.9559025,1123.2,food_drink,tertiary,,4092.0,16.5,209.7,218.2,15.1,0.1658447611970546,0.8341552388029454,
harlem,9646952139,40.8168,-73.9579462,1123.5,food_drink,primary,,79621.0,64.1,159.9,101.5,80.6,1.0,0.0,
harlem,9509327346,40.8153657,-73.9588901,1123.6,health,primary,1.0,8021.0,47.0,96.6,156.2,182.0,0.1376609491935109,0.8623390508064891,
harlem,9646952140,40.8168315,-73.9579315,1124.2,food_drink,primary,,79621.0,67.8,163.2,97.8,80.9,1.0,0.0,
harlem,9646952142,40.8168589,-73.9579113,1124.4,food_drink,primary,,79621.0,71.2,166.1,94.5,81.9,1.0,0.0,
harlem,1049736135,40.8168992,-73.95788,1124.4,food_drink,residential,1.0,79621.0,76.2,170.4,89.7,83.7,1.0,0.0,
harlem,9646952141,40.8168842,-73.9578926,1124.5,food_drink,residential,1.0,79621.0,74.3,168.8,91.5,82.9,1.0,0.0,
harlem,2768451031,40.8150497,-73.9590898,1126.8,food_drink,primary,2.0,4000.0,20.1,118.8,134.4,217.9,0.0922887612797375,0.9077112387202624,
harlem,9646952138,40.8169614,-73.9578631,1126.9,food_drink,residential,1.0,79621.0,83.3,177.2,82.6,84.5,1.0,0.0,
harlem,9692914589,40.8166213,-73.9581389,1127.4,leisure_entertainment,residential,2.0,17798.0,41.9,143.0,124.7,74.4,1.0,0.0,
harlem,2768450161,40.808784,-73.9593763,1128.0,retail,residential,,12138.0,39.3,432.0,163.1,43.6,0.0460977873520413,0.9539022126479586,
harlem,10969587472,40.8017203,-73.9495714,1128.6,retail,secondary,2.0,4541.0,42.2,59.4,150.3,181.5,1.0,0.0,
harlem,9553068949,40.8016692,-73.9492812,1128.8,food_drink,tertiary,,2523.0,17.4,56.6,134.7,187.1,0.1231884057971014,0.8768115942028986,
harlem,9509211693,40.8149795,-73.9591551,1129.4,food_drink,primary,2.0,4000.0,14.9,126.6,128.8,226.2,0.1113792463337664,0.8886207536662335,
harlem,9509211694,40.814926,-73.9591949,1130.6,food_drink,primary,2.0,4000.0,9.6,131.8,125.8,232.5,0.1113792463337664,0.8886207536662335,
harlem,9509211695,40.8148934,-73.9592291,1132.1,food_drink,primary,2.0,4000.0,8.3,135.9,123.3,236.5,0.1113792463337664,0.8886207536662335,
harlem,9509211696,40.8148374,-73.9592623,1132.8,food_drink,primary,2.0,8167.0,9.2,140.9,121.3,243.0,0.1092199872576681,0.8907800127423319,
harlem,9509211697,40.8147613,-73.9593075,1133.7,food_drink,primary,2.0,8167.0,16.0,148.1,119.2,251.9,0.1092199872576681,0.8907800127423319,
harlem,8424054821,40.8146576,-73.9593713,1135.3,food_drink,primary,2.0,4158.0,27.8,158.3,117.4,264.1,0.1050972149238045,0.8949027850761955,
harlem,13324405038,40.8159131,-73.9587349,1135.9,food_drink,secondary,4.0,18100.0,61.5,103.0,179.0,121.6,0.039487215719523,0.960512784280477,
harlem,12410916768,40.8041782,-73.9557859,1136.6,office_professional,secondary,2.0,18615.0,10.2,214.1,206.4,35.6,0.2877272053835297,0.7122727946164703,
harlem,2768451039,40.8151423,-73.9591928,1138.5,personal_care,residential,,4000.0,33.1,124.6,126.5,208.6,0.0922887612797375,0.9077112387202624,
harlem,9553068938,40.8015444,-73.9491125,1139.5,food_drink,tertiary,,2225.0,14.4,51.3,135.1,183.2,0.2,0.8,
harlem,12118435378,40.8145806,-73.9594549,1139.5,food_drink,primary,2.0,4158.0,38.9,168.7,114.1,272.1,0.1074498567335243,0.8925501432664756,
harlem,9509211698,40.8144899,-73.9595004,1140.3,food_drink,primary,2.0,4158.0,49.2,177.4,107.0,263.0,0.1099102399706906,0.8900897600293094,
harlem,5781387953,40.8194853,-73.955164,1140.3,retail,primary,2.0,17984.0,48.4,506.4,129.2,256.9,1.0,0.0,
harlem,9509211699,40.8144371,-73.959541,1141.9,food_drink,primary,2.0,4158.0,51.5,183.5,100.4,258.1,0.1099102399706906,0.8900897600293094,
harlem,5263688560,40.801468,-73.9488612,1144.0,retail,tertiary,,21444.0,28.8,62.2,130.2,189.9,,,
harlem,9509211700,40.8143629,-73.9595938,1144.0,food_drink,primary,2.0,4158.0,46.7,191.9,91.4,251.2,0.0716332378223495,0.9283667621776504,
harlem,13598070918,40.8203184,-73.9537637,1146.1,food_drink,residential,,9992.0,72.1,644.1,96.5,127.3,0.0289017341040462,0.9710982658959536,
harlem,11004300913,40.8214295,-73.9506464,1147.3,food_drink,residential,,10000.0,48.0,611.8,153.9,153.6,0.11151350928845,0.88848649071155,
harlem,9509211701,40.8142658,-73.9596702,1147.3,food_drink,primary,2.0,4167.0,43.3,203.5,79.3,242.5,0.1095690284879474,0.8904309715120526,
harlem,2714226125,40.8014498,-73.943959,1148.7,food_drink,residential,,2168.0,153.3,53.1,108.7,61.9,0.2128522197445773,0.7871477802554226,
harlem,2765578587,40.8043147,-73.9368122,1149.4,retail,primary,4.0,5995.0,20.2,131.7,172.3,226.6,1.0,0.0,
harlem,2768418995,40.8141651,-73.9597532,1151.3,food_drink,primary,2.0,4500.0,43.7,215.8,66.7,232.0,0.1093613298337707,0.8906386701662292,
harlem,5972697822,40.8035481,-73.9378506,1153.9,food_drink,residential,,3802.0,20.2,225.2,293.9,114.7,1.0,0.0,
harlem,2768451029,40.8140333,-73.9598316,1154.1,food_drink,primary,2.0,5500.0,47.3,230.2,52.8,219.0,0.1396977805761057,0.8603022194238942,
harlem,5972697424,40.8035129,-73.9378803,1155.4,food_drink,secondary,2.0,3802.0,24.2,228.7,298.5,110.3,1.0,0.0,
harlem,2768451028,40.8139935,-73.9598689,1156.1,retail,residential,,5500.0,50.5,235.5,47.9,214.1,0.1396977805761057,0.8603022194238942,
harlem,2762571608,40.8049571,-73.9570766,1156.7,retail,residential,2.0,3092.0,22.5,292.1,306.9,103.7,0.1142872128396097,0.8857127871603903,
harlem,2765578595,40.8042749,-73.9367044,1158.9,finance,primary,4.0,53954.0,19.5,122.0,170.2,220.7,1.0,0.0,
harlem,2762571610,40.8050043,-73.957175,1159.8,personal_care,tertiary,,3092.0,27.8,300.0,304.8,113.5,0.1142872128396097,0.8857127871603903,
harlem,9633471059,40.8167277,-73.9585099,1160.4,food_drink,residential,2.0,79621.0,61.7,164.2,126.6,42.7,1.0,0.0,
harlem,11255243799,40.8042603,-73.9366585,1162.8,food_drink,primary,4.0,53954.0,21.0,118.0,169.3,217.0,1.0,0.0,
harlem,6296848388,40.8217176,-73.9429665,1163.7,food_drink,residential,,2492.0,112.0,160.1,179.0,143.0,0.085304822565969,0.914695177434031,
harlem,2768451049,40.8152608,-73.9594573,1163.9,personal_care,residential,,11967.0,52.8,144.8,107.0,199.9,0.0544840361774,0.9455159638226,
harlem,2768419049,40.8137515,-73.96004,1164.3,retail,primary,2.0,2863.0,71.4,264.2,27.8,189.4,0.1926040061633282,0.8073959938366718,
harlem,11772961764,40.8136792,-73.9600959,1167.3,office_professional,primary,2.0,2706.0,79.2,273.1,25.7,182.0,0.0,1.0,
harlem,2768451021,40.8140293,-73.959994,1167.3,food_drink,residential,,5500.0,60.9,241.1,41.5,206.9,0.1396977805761057,0.8603022194238942,
harlem,2768451050,40.8152861,-73.9595173,1169.7,food_drink,residential,,11967.0,57.8,149.6,103.0,198.5,0.0544840361774,0.9455159638226,
harlem,6296848317,40.8010858,-73.9459088,1170.2,food_drink,secondary,2.0,11101.0,52.3,111.5,233.4,149.7,0.0718690039306272,0.9281309960693728,
harlem,9553068951,40.8011293,-73.9480206,1171.3,personal_care,tertiary,,54186.0,107.2,83.8,151.2,223.9,0.2465804229039551,0.7534195770960449,
harlem,2883793306,40.804192,-73.9365157,1176.7,retail,primary,4.0,53954.0,11.6,105.1,169.3,203.6,1.0,0.0,
harlem,9509315842,40.8138225,-73.9601752,1177.1,personal_care,residential,,2863.0,79.3,267.5,16.7,182.4,0.1926040061633282,0.8073959938366718,
harlem,2768450159,40.8082515,-73.9597714,1177.4,food_drink,secondary,3.0,7483.0,28.0,364.5,213.9,25.2,0.16113588487949,0.83886411512051,
harlem,9509315841,40.8140805,-73.960112,1178.3,leisure_entertainment,residential,,5500.0,71.2,245.6,39.2,201.5,0.1396977805761057,0.8603022194238942,
harlem,9509315843,40.8138324,-73.9602013,1179.5,food_drink,residential,,2863.0,81.1,268.4,14.9,181.0,0.1926040061633282,0.8073959938366718,
harlem,13324386215,40.8138519,-73.9602311,1182.4,health,residential,,2863.0,83.1,269.0,13.6,179.8,0.1926040061633282,0.8073959938366718,
harlem,2340960685,40.8094957,-73.9602878,1183.7,food_drink,residential,,25125.0,77.1,484.0,77.5,48.7,0.1032679738562091,0.8967320261437909,
harlem,11033496966,40.8011884,-73.9495007,1184.9,health,residential,,2828.0,64.5,0.0,186.4,132.0,1.0,0.0,
harlem,5540463958,40.8009812,-73.9476848,1185.0,retail,tertiary,,7064.0,88.2,51.1,171.1,243.0,,,
harlem,2765578605,40.8041597,-73.9364188,1185.1,retail,primary,4.0,53954.0,8.8,96.6,168.6,195.9,1.0,0.0,
harlem,2768450158,40.8081613,-73.9598318,1185.4,personal_care,residential,,7483.0,38.8,353.3,221.9,36.2,0.16113588487949,0.83886411512051,
harlem,9081448356,40.8013289,-73.9423745,1193.7,food_drink,residential,,2288.0,196.4,124.9,144.9,131.5,0.2663371773750686,0.7336628226249313,
harlem,9509315844,40.8130156,-73.9605656,1194.2,food_drink,primary,2.0,10538.0,110.1,353.6,45.6,130.1,0.0134952766531713,0.9865047233468286,
harlem,2758924029,40.8220999,-73.9496705,1197.6,food_drink,residential,,3997.0,142.6,533.1,107.7,163.7,0.0967240001682156,0.9032759998317844,
harlem,5813555226,40.8172422,-73.9586445,1199.2,leisure_entertainment,residential,1.0,79621.0,106.0,221.5,92.8,32.5,1.0,0.0,
harlem,2768451022,40.8141743,-73.9603481,1200.1,food_drink,residential,,10000.0,92.3,256.4,43.2,191.7,0.0179283761373313,0.9820716238626688,
harlem,664903764,40.8172335,-73.9586965,1202.5,leisure_entertainment,residential,1.0,79621.0,101.5,222.2,97.0,29.4,1.0,0.0,
harlem,2765578609,40.8040526,-73.9362468,1203.7,retail,primary,4.0,17993.0,19.6,82.0,173.6,177.7,0.5578826367879542,0.4421173632120458,
harlem,2768171697,40.8221776,-73.9496155,1205.0,personal_care,secondary,,3997.0,152.4,524.6,111.5,155.6,0.0967240001682156,0.9032759998317844,
harlem,9553068940,40.8007532,-73.9471583,1207.4,health,tertiary,,54918.0,37.9,0.0,208.6,254.6,0.1607285869766104,0.8392714130233895,
harlem,13207644501,40.8012553,-73.9421334,1207.6,food_drink,residential,,2288.0,175.6,146.6,132.9,122.3,0.2663371773750686,0.7336628226249313,
harlem,2765578612,40.8040311,-73.9361953,1208.5,finance,primary,4.0,17993.0,24.4,77.8,174.4,173.3,0.5578826367879542,0.4421173632120458,
harlem,12738710869,40.821342,-73.9401091,1209.4,personal_care,residential,,4996.0,56.1,154.2,61.5,105.9,0.0761140326598394,0.9238859673401604,
harlem,7395477870,40.8072257,-73.9596805,1211.3,food_drink,residential,,62064.0,96.2,267.6,240.7,23.9,1.0,0.0,
harlem,4111168786,40.820979,-73.9391505,1212.5,finance,residential,,4992.0,59.5,239.7,143.5,161.7,1.0,0.0,
harlem,2758924035,40.8222749,-73.9495427,1214.3,food_drink,secondary,,3997.0,164.8,514.0,117.0,143.9,0.0967240001682156,0.9032759998317844,
harlem,5719013573,40.8006868,-73.9470452,1214.4,retail,tertiary,,54918.0,27.2,12.0,219.1,244.2,0.1607285869766104,0.8392714130233895,
harlem,2768451052,40.8154613,-73.9600115,1215.4,food_drink,residential,,13650.0,99.5,191.2,75.7,196.6,0.0225021362787606,0.9774978637212394,
harlem,2768078666,40.822137,-73.9426556,1215.5,retail,residential,,2492.0,58.6,118.5,176.6,143.9,0.3809523809523809,0.6190476190476191,
harlem,2883793318,40.8039697,-73.9360191,1223.9,office_professional,primary,4.0,17993.0,37.2,64.2,175.2,159.6,0.5578826367879542,0.4421173632120458,
harlem,2768438965,40.8113713,-73.961115,1230.3,food_drink,primary,,9983.0,80.2,527.5,85.1,207.8,0.0699614221666145,0.0,
harlem,12574374150,40.81998,-73.9369224,1232.0,retail,residential,,5304.0,33.8,455.7,356.4,144.9,0.0,1.0,
harlem,11772947998,40.8113267,-73.9611465,1233.0,personal_care,primary,,9983.0,85.8,533.1,83.0,211.3,0.0699614221666145,0.0,
harlem,11772947997,40.8112835,-73.9611781,1235.8,personal_care,primary,,9983.0,91.3,538.6,81.3,214.7,0.0699614221666145,0.0,
harlem,2768171701,40.8225009,-73.9493735,1236.0,food_drink,tertiary,,3497.0,149.9,489.7,133.5,117.3,0.0955292319449751,0.9044707680550248,
harlem,10196098734,40.8033615,-73.9563955,1238.1,food_drink,residential,,2500.0,48.0,309.5,195.3,119.5,0.1007252215954875,0.8992747784045125,
harlem,5719018954,40.8004366,-73.9463914,1241.3,food_drink,tertiary,,2139.0,30.7,73.5,269.7,187.8,1.0,0.0,
harlem,2768438958,40.811191,-73.9612444,1241.7,retail,residential,,9983.0,102.9,550.3,78.7,222.5,0.0699614221666145,0.0,
harlem,271844919,40.8208508,-73.9382143,1242.7,retail,secondary,4.0,5304.0,97.4,311.1,223.5,149.7,0.0,1.0,
harlem,12036720765,40.8032998,-73.9564167,1244.4,health,residential,,2542.0,41.0,315.4,189.9,126.6,0.0847816871555744,0.9152183128444256,
harlem,2340960566,40.808949,-73.9609388,1250.4,food_drink,residential,,734180.0,114.3,415.3,155.3,85.6,1.0,0.0,
harlem,12162106178,40.8215475,-73.9394828,1253.9,food_drink,primary,2.0,4000.0,9.9,179.4,118.3,135.8,0.15576688364524,0.84423311635476,
harlem,10570629806,40.8201562,-73.9367899,1254.2,food_drink,secondary,2.0,5304.0,17.9,453.7,359.7,151.0,0.0,1.0,
harlem,4111168787,40.8212432,-73.9387526,1254.9,retail,secondary,4.0,12384.0,42.0,249.5,174.3,187.1,1.0,0.0,
harlem,10207581130,40.8088483,-73.9609987,1258.0,food_drink,secondary,3.0,734180.0,114.6,403.7,166.0,93.7,1.0,0.0,
harlem,2768317001,40.8227323,-73.9491916,1258.4,retail,tertiary,,1699.0,121.0,465.4,121.5,91.6,0.0,1.0,
harlem,12921493565,40.8040944,-73.9352742,1260.6,health,secondary,4.0,45564.0,21.9,0.0,122.5,151.8,0.2364573930546477,0.7635426069453523,
harlem,10969660093,40.8216029,-73.9394424,1260.9,retail,secondary,4.0,4000.0,10.1,179.1,123.5,131.5,0.15576688364524,0.84423311635476,
harlem,5781374053,40.8210794,-73.9547411,1261.7,retail,primary,2.0,9992.0,29.6,683.2,148.1,107.4,0.0697465895262697,0.9302534104737302,
harlem,6549322049,40.8029397,-73.956201,1262.5,food_drink,residential,,15142.0,30.8,331.1,145.9,158.8,0.1258469487185297,0.8741530512814703,
harlem,11748916764,40.8217199,-73.9396933,1262.7,personal_care,secondary,4.0,4000.0,21.0,154.4,109.8,111.8,0.15576688364524,0.84423311635476,
harlem,2768316981,40.8228216,-73.9491325,1267.3,personal_care,secondary,,1699.0,110.2,456.1,110.6,82.3,0.0,1.0,
harlem,11255243809,40.8037632,-73.935539,1269.0,retail,primary,5.0,45564.0,24.5,43.0,165.5,121.2,0.2364573930546477,0.7635426069453523,
harlem,1667412535,40.8030944,-73.95657,1270.0,food_drink,residential,,2462.0,16.1,340.3,176.3,133.3,0.0894854586129754,0.9105145413870246,
harlem,4111168990,40.8207203,-73.9373244,1274.6,food_drink,secondary,4.0,68730.0,56.0,382.6,299.8,174.7,1.0,0.0,
harlem,11040513632,40.8028363,-73.9562879,1276.0,food_drink,secondary,2.0,15142.0,26.7,344.6,139.4,167.1,0.1258469487185297,0.8741530512814703,
harlem,4865590021,40.822703,-73.9426364,1276.7,retail,secondary,4.0,49346.0,33.1,118.0,218.1,190.3,0.3342478217712584,0.6657521782287416,
harlem,2603955336,40.8219224,-73.9531711,1277.7,retail,residential,,16986.0,42.9,621.8,108.3,61.8,1.0,0.0,
harlem,2768074409,40.8224012,-73.9412917,1278.5,health,secondary,4.0,10054.0,37.3,0.0,134.9,105.9,1.0,0.0,
harlem,10177409692,40.8213859,-73.9544803,1278.7,food_drink,residential,,12490.0,41.5,723.0,134.2,77.4,0.1180120035066423,0.8819879964933576,
harlem,2603955421,40.8214023,-73.954469,1279.7,food_drink,residential,,12490.0,41.3,725.1,134.0,76.3,0.1180120035066423,0.8819879964933576,
harlem,12989736580,40.8224338,-73.941369,1279.7,health,secondary,4.0,10054.0,30.0,7.4,140.0,111.2,1.0,0.0,
harlem,12162116557,40.8225708,-73.9418953,1280.0,food_drink,secondary,4.0,4000.0,22.4,54.2,170.5,149.5,1.0,0.0,
harlem,2768074413,40.8224741,-73.9414644,1281.3,personal_care,secondary,4.0,10054.0,21.1,16.6,146.5,118.0,1.0,0.0,
harlem,11255243806,40.8037045,-73.9354025,1281.9,food_drink,primary,5.0,45564.0,21.1,44.7,165.1,111.4,0.2364573930546477,0.7635426069453523,
harlem,12994269269,40.8205216,-73.9368396,1282.6,office_professional,secondary,4.0,7983.0,25.8,429.0,344.3,186.1,1.0,0.0,
harlem,5981262800,40.8034524,-73.9357042,1283.1,food_drink,primary,5.0,9675.0,21.7,80.0,202.1,96.9,0.088916797488226,0.911083202511774,
harlem,2768074420,40.8225428,-73.9416271,1284.0,food_drink,secondary,4.0,4000.0,7.9,32.3,158.2,130.4,1.0,0.0,
harlem,10969665277,40.8226359,-73.9418476,1288.1,retail,secondary,4.0,4000.0,18.1,53.6,175.1,148.1,1.0,0.0,
harlem,12036720756,40.8029183,-73.9566863,1291.1,food_drink,secondary,2.0,4750.0,10.6,360.9,166.3,133.5,0.1211453744493392,0.8788546255506607,
harlem,10177409691,40.8220128,-73.9533003,1291.6,food_drink,residential,,6797.0,29.3,618.0,120.1,66.1,0.6603,0.0,
harlem,3843956495,40.807525,-73.9608785,1292.2,food_drink,secondary,2.0,4004.0,55.8,259.4,134.7,82.3,1.0,0.0,
harlem,10067749670,40.8227754,-73.9422037,1294.2,retail,secondary,4.0,49346.0,22.7,87.3,203.1,178.3,0.3342478217712584,0.6657521782287416,
harlem,2603955339,40.8217049,-73.9542468,1299.0,health,primary,2.0,12490.0,24.5,688.2,134.5,63.9,0.1316729077767134,0.8683270922232866,
harlem,368062431,40.8096772,-73.9617322,1299.7,leisure_entertainment,residential,,734180.0,75.1,494.4,134.6,161.3,1.0,0.0,
harlem,5981255820,40.8033818,-73.9355044,1300.6,health,primary,5.0,9675.0,15.8,81.6,200.8,81.3,0.088916797488226,0.911083202511774,
harlem,2767864654,40.8216995,-73.9386991,1300.8,office_professional,primary,2.0,4000.0,10.4,231.7,186.3,159.8,0.1574403250380904,0.8425596749619096,
harlem,10969651111,40.8222778,-73.9401791,1301.0,food_drink,secondary,4.0,3997.0,89.6,94.6,128.8,45.3,0.1760970702879416,0.8239029297120584,
harlem,2308955289,40.8101961,-73.9618962,1305.1,food_drink,primary,4.0,38866.0,16.4,552.8,130.7,201.4,1.0,0.0,
harlem,13089860686,40.8217585,-73.938659,1308.2,retail,primary,2.0,3983.0,11.8,232.8,191.5,158.0,0.075,0.925,
harlem,10177409693,40.8218738,-73.9541186,1310.0,food_drink,primary,2.0,10000.0,6.9,666.6,139.3,66.0,0.0856237691583183,0.9143762308416816,
harlem,12036720755,40.8027452,-73.9568209,1313.0,food_drink,secondary,2.0,3750.0,31.2,382.5,160.1,135.9,0.1071428571428571,0.8928571428571429,
harlem,13089648758,40.8218148,-73.9386159,1315.4,personal_care,primary,2.0,3983.0,8.4,234.4,196.9,156.8,0.075,0.925,
harlem,9484086236,40.806807,-73.9607926,1315.7,food_drink,residential,2.0,10092.0,19.6,183.7,178.1,89.6,0.1363735544403229,0.863626445559677,
harlem,2762470557,40.8025114,-73.9565294,1316.8,food_drink,residential,,2542.0,48.8,385.3,124.4,171.6,0.2,0.8,
harlem,2603955349,40.823133,-73.9501667,1319.0,retail,residential,,5060.0,133.5,419.4,163.2,81.9,0.082389289392379,0.917610710607621,
harlem,11749021327,40.8231944,-73.9431768,1319.2,health,tertiary,,19542.0,102.0,181.5,211.0,261.1,0.2152302389749759,0.7847697610250242,
harlem,13089859112,40.8218535,-73.9385851,1320.4,personal_care,primary,2.0,4000.0,9.3,235.8,200.8,156.3,0.0777705767984445,0.9222294232015554,
harlem,4450329793,40.8229043,-73.9415929,1323.1,food_drink,secondary,4.0,19983.0,8.6,61.4,195.4,129.0,0.1213333333333333,0.8786666666666667,
harlem,2767864672,40.8207038,-73.9363757,1323.1,retail,secondary,4.0,7983.0,24.2,454.7,352.5,186.7,1.0,0.0,
harlem,10570623818,40.820769,-73.9363447,1330.3,food_drink,secondary,4.0,7983.0,26.7,454.1,345.1,192.7,1.0,0.0,
harlem,11748980858,40.8230758,-73.9419972,1331.1,finance,secondary,4.0,4369.0,29.8,95.7,224.9,166.6,0.0960614793467819,0.903938520653218,
harlem,2762442267,40.8005894,-73.9527099,1331.2,food_drink,residential,,3590.0,147.7,197.8,263.5,200.2,0.2,0.8,
harlem,5599581921,40.804048,-73.9342033,1332.8,health,residential,3.0,50957.0,94.3,0.0,107.8,161.5,1.0,0.0,
harlem,11748941382,40.8219514,-73.9385123,1332.9,food_drink,primary,2.0,4000.0,18.4,239.2,210.5,155.4,0.0777705767984445,0.9222294232015554,
harlem,6957709099,40.7997712,-73.9439222,1333.1,food_drink,tertiary,4.0,2523.0,50.0,234.8,209.8,78.4,1.0,0.0,
harlem,11748988895,40.820797,-73.9363126,1334.5,food_drink,residential,,7983.0,29.9,455.4,341.7,194.9,1.0,0.0,
harlem,10762002913,40.8234667,-73.9441098,1334.8,personal_care,tertiary,,1840.0,38.4,243.9,148.0,315.2,0.1922337562475971,0.8077662437524029,
harlem,271923842,40.8175864,-73.9602803,1337.2,food_drink,secondary,4.0,6300.0,29.9,326.1,71.8,121.6,1.0,0.0,
harlem,11749043624,40.8231414,-73.9420319,1337.3,retail,secondary,4.0,4369.0,34.3,103.2,232.8,171.4,0.0960614793467819,0.903938520653218,
harlem,7620039825,40.799575,-73.9457054,1338.8,food_drink,residential,,2523.0,85.1,179.2,343.1,129.0,1.0,0.0,
harlem,11748941892,40.8220107,-73.9384776,1340.1,food_drink,primary,2.0,4000.0,24.8,240.7,215.8,154.6,0.0777705767984445,0.9222294232015554,
harlem,10570670803,40.8208444,-73.9362759,1340.5,food_drink,residential,,2008.0,25.9,456.2,336.2,199.0,1.0,0.0,
harlem,2762470556,40.8023112,-73.9566682,1341.4,food_drink,residential,,2514.0,71.5,410.0,120.7,160.8,0.1600176522506619,0.839982347749338,
harlem,7004346066,40.8065783,-73.9609934,1341.5,food_drink,secondary,2.0,10092.0,31.4,154.6,183.7,116.1,0.1363735544403229,0.863626445559677,
harlem,9459167484,40.8001097,-73.9513997,1342.6,food_drink,residential,,1891.0,48.8,176.2,200.5,86.1,0.0,1.0,
harlem,271844957,40.8209428,-73.9363828,1343.2,food_drink,secondary,4.0,2008.0,29.0,443.8,326.2,212.1,1.0,0.0,
harlem,4111168991,40.8233265,-73.9426474,1343.6,food_drink,secondary,4.0,34293.0,88.7,153.6,257.7,227.0,0.2265702980179666,0.7734297019820333,
harlem,2603955364,40.8235504,-73.9490856,1346.5,food_drink,residential,,4600.0,33.6,376.4,63.7,16.2,0.1223241590214067,0.8776758409785933,
harlem,11748939280,40.8220596,-73.938434,1346.6,retail,residential,,4000.0,31.2,243.4,221.4,155.3,0.102748522989982,0.897251477010018,
harlem,2768128864,40.8235771,-73.9440803,1347.3,food_drink,tertiary,,1840.0,30.9,231.5,156.6,326.3,0.1922337562475971,0.8077662437524029,
harlem,7125399099,40.8022415,-73.9567108,1349.6,food_drink,secondary,2.0,2425.0,79.6,418.3,120.2,154.0,0.0634746922024623,0.9365253077975376,
harlem,10762002910,40.823628,-73.9443151,1350.0,personal_care,secondary,4.0,1648.0,14.4,232.5,144.2,318.9,0.2360717658168083,0.7639282341831917,
harlem,10762002912,40.8236254,-73.9441951,1351.2,food_drink,secondary,4.0,1552.0,20.1,229.3,151.9,324.6,0.25,0.75,
harlem,9979394746,40.8221072,-73.9383984,1352.7,food_drink,residential,,4000.0,37.1,245.6,226.3,155.8,0.102748522989982,0.897251477010018,
harlem,10762002911,40.8236462,-73.9442446,1352.9,food_drink,secondary,4.0,1600.0,15.6,228.5,150.1,324.0,0.28328611898017,0.71671388101983,
harlem,10762002909,40.8236682,-73.9442969,1354.7,food_drink,secondary,4.0,1648.0,11.0,227.8,148.3,323.4,0.2360717658168083,0.7639282341831917,
harlem,13264118101,40.8003943,-73.9401453,1356.0,retail,residential,1.0,11101.0,36.6,339.4,64.6,83.5,0.1504793843243475,0.8495206156756524,
harlem,9972770941,40.8217507,-73.9375422,1357.3,health,residential,,27337.0,97.8,323.7,270.0,237.8,1.0,0.0,
harlem,7004354698,40.8064186,-73.961107,1357.7,food_drink,secondary,2.0,10092.0,29.4,135.0,191.7,104.3,0.1363735544403229,0.863626445559677,
harlem,2768128869,40.8237149,-73.944421,1358.4,retail,secondary,4.0,1680.0,6.2,227.1,144.2,321.9,0.3446647780925401,0.6553352219074599,
harlem,10762002908,40.8237384,-73.9444768,1360.4,retail,secondary,4.0,1680.0,9.4,226.7,142.9,321.5,0.3446647780925401,0.6553352219074599,
harlem,10969575750,40.7994757,-73.9441304,1362.8,retail,tertiary,4.0,6055.0,44.0,269.5,235.6,41.4,1.0,0.0,
harlem,2603955362,40.8226457,-73.9535595,1364.4,food_drink,residential,,3990.0,60.5,569.0,193.6,132.6,0.1044932079414838,0.8955067920585162,
harlem,2562438636,40.8237853,-73.9445884,1364.5,finance,secondary,4.0,18647.0,18.4,226.3,140.7,321.1,0.0430839002267573,0.9569160997732428,
harlem,6426473697,40.8020768,-73.956844,1370.9,food_drink,secondary,2.0,2523.0,71.1,439.6,124.1,139.6,0.1599547976166016,0.8400452023833984,
harlem,368051690,40.8102679,-73.9627553,1376.0,leisure_entertainment,primary,3.0,38866.0,22.7,570.0,64.0,267.2,1.0,0.0,
harlem,6426473698,40.8019974,-73.9568844,1379.9,retail,secondary,2.0,2523.0,63.1,448.7,125.2,132.5,0.1600085451826532,0.8399914548173467,
harlem,12277592536,40.8232571,-73.9522616,1383.9,food_drink,residential,,10000.0,70.8,454.8,219.6,87.5,0.0628746279917843,0.9371253720082156,
harlem,12014383329,40.8019513,-73.9569308,1386.3,food_drink,secondary,2.0,2523.0,57.0,444.3,128.1,129.4,0.1018966644865925,0.8981033355134075,
harlem,11847603619,40.8227762,-73.953819,1387.0,food_drink,residential,,3990.0,74.9,569.8,174.7,148.7,0.1044932079414838,0.8955067920585162,
harlem,13538907410,40.8223956,-73.9381965,1389.0,personal_care,primary,2.0,4040.0,61.4,260.4,248.9,162.3,,,
harlem,2259018659,40.799966,-73.9404252,1391.0,food_drink,residential,,3936.0,25.5,346.0,91.9,30.5,0.2,0.8,
harlem,7620321375,40.7992838,-73.9435878,1391.3,retail,primary,1.0,11250.0,55.8,288.2,202.4,62.0,0.088193142983133,0.9118068570168668,
harlem,2762470553,40.8018884,-73.956978,1394.2,retail,residential,,2523.0,50.0,438.5,131.1,124.9,0.0986304977613905,0.9013695022386096,
harlem,12036720750,40.8020929,-73.9573085,1394.7,food_drink,residential,,2550.0,49.3,419.1,162.4,158.5,0.1049593282602991,0.8950406717397008,
harlem,12162042866,40.8224434,-73.9381549,1395.3,personal_care,primary,2.0,16143.0,55.1,264.0,242.5,164.8,0.1685823754789272,0.8314176245210728,
harlem,11881123112,40.8082914,-73.9304973,1396.2,retail,residential,1.0,812.0,90.0,565.6,132.8,105.8,,,
harlem,3452345664,40.8233712,-73.9523695,1399.0,food_drink,primary,2.0,10000.0,65.1,447.9,205.4,99.6,0.0628746279917843,0.9371253720082156,
harlem,2603955343,40.8241234,-73.9481734,1399.6,food_drink,secondary,,2998.0,6.7,336.6,58.5,37.1,0.1994177583697234,0.8005822416302766,
harlem,2762470554,40.8020484,-73.957343,1400.3,personal_care,residential,,2517.0,43.7,414.7,164.2,156.0,0.16,0.84,
harlem,11748913964,40.8227041,-73.9386287,1401.2,food_drink,primary,2.0,1925.0,70.0,226.6,245.9,122.9,0.1630434782608695,0.8369565217391305,
harlem,2768063546,40.8235457,-73.9411793,1401.7,retail,residential,,2500.0,41.5,127.6,259.5,133.1,0.2080220850925625,0.7919779149074375,
harlem,2562438631,40.8241121,-73.9444308,1402.1,finance,secondary,4.0,27075.0,9.8,188.1,177.8,344.3,0.0398817727004834,0.9601182272995166,
harlem,11982189827,40.8225077,-73.938104,1403.7,food_drink,primary,2.0,16143.0,46.7,268.5,234.2,168.1,0.1685823754789272,0.8314176245210728,
harlem,5281909155,40.8242066,-73.9456088,1403.8,food_drink,secondary,4.0,1549.0,71.3,246.3,157.1,252.8,0.1940133037694013,0.8059866962305987,
harlem,2562438703,40.8241317,-73.9444319,1404.3,finance,secondary,2.0,27075.0,11.4,186.3,179.6,342.3,0.0398817727004834,0.9601182272995166,
harlem,2603955348,40.8240698,-73.9491754,1404.7,retail,residential,,9737.0,42.5,318.2,87.3,48.2,0.0586277221688272,0.9413722778311728,
harlem,2767914989,40.8236762,-73.9415214,1406.7,retail,residential,,2500.0,32.5,143.1,277.8,163.8,0.1780151312861593,0.8219848687138407,
harlem,2479519219,40.8181449,-73.9608188,1407.7,food_drink,secondary,2.0,12196.0,86.9,402.7,138.8,113.7,1.0,0.0,
harlem,271922197,40.8134537,-73.9630506,1408.0,leisure_entertainment,secondary,2.0,32125.0,56.2,494.9,173.0,89.4,1.0,0.0,
harlem,12210077044,40.8235362,-73.9522214,1411.9,food_drink,primary,2.0,6993.0,55.8,425.8,208.7,95.7,0.0937207122774133,0.9062792877225868,
harlem,2762451097,40.7997636,-73.9526587,1414.5,food_drink,residential,,7971.0,103.0,105.9,244.0,197.6,0.0282246683601467,0.9717753316398532,
harlem,2603955357,40.8242375,-73.9489219,1419.9,retail,residential,,11045.0,50.7,304.2,85.5,27.8,0.0784529086415878,0.921547091358412,
harlem,5781374253,40.8202694,-73.9588986,1420.5,food_drink,unclassified,,4312.0,95.7,553.4,197.4,209.5,1.0,0.0,
harlem,7658594659,40.7990723,-73.9431084,1422.0,leisure_entertainment,primary,1.0,2523.0,30.0,315.2,183.0,99.9,1.0,0.0,
harlem,6296848389,40.8243075,-73.9443398,1424.7,health,secondary,2.0,2100.0,8.3,165.6,200.2,321.3,0.0,1.0,
harlem,2603955338,40.8243663,-73.9479888,1425.1,personal_care,residential,,2998.0,32.4,319.2,88.8,57.8,0.2201673271686481,0.7798326728313518,
harlem,11879930429,40.808656,-73.9300156,1425.4,food_drink,residential,1.0,812.0,92.5,522.6,112.3,111.1,,,
harlem,6256357203,40.7994428,-73.9519115,1426.5,retail,residential,,14675.0,47.1,91.1,172.0,154.1,1.0,0.0,
harlem,5415638292,40.8028115,-73.9341402,1427.3,retail,primary,5.0,3028.0,17.1,137.6,159.9,76.2,0.1386554621848739,0.8613445378151261,
harlem,6918962446,40.7991366,-73.9424394,1427.4,personal_care,tertiary,4.0,3606.0,45.0,321.6,139.9,115.5,1.0,0.0,
harlem,2259025504,40.801814,-73.9575077,1429.1,finance,residential,,5069.0,15.6,393.4,175.1,144.9,0.2,0.8,
harlem,7658594664,40.7989741,-73.942883,1436.6,personal_care,tertiary,4.0,3810.0,36.8,329.3,177.3,119.9,0.1357466063348416,0.8642533936651584,
harlem,5540447045,40.8000978,-73.9386949,1437.8,retail,residential,1.0,14338.0,151.2,275.1,40.9,105.7,0.1695795648985578,0.8304204351014421,
harlem,7658594654,40.7988197,-73.9438941,1437.9,food_drink,primary,1.0,1998.0,97.7,340.2,252.1,47.7,0.2144469525959368,0.7855530474040632,
harlem,12402813221,40.8003369,-73.9549778,1441.4,food_drink,primary,2.0,3350.0,21.6,262.2,163.2,126.5,0.16003080477474,0.8399691952252599,
harlem,12035353843,40.8017134,-73.9575841,1441.8,retail,secondary,2.0,2523.0,8.3,384.1,181.5,134.6,0.1129688206055128,0.8870311793944872,
harlem,562510587,40.8052353,-73.9614667,1444.8,health,residential,,64954.0,56.3,0.0,241.1,145.9,1.0,0.0,
harlem,891417655,40.810065,-73.9294266,1447.0,hospitality,residential,,369.0,132.2,393.3,228.1,170.4,,,
harlem,12035353841,40.8016597,-73.9576249,1448.6,personal_care,secondary,2.0,2523.0,10.6,379.2,185.2,127.8,0.1129688206055128,0.8870311793944872,
harlem,2765549932,40.8027071,-73.9338634,1452.2,food_drink,primary,5.0,2573.0,12.7,151.8,163.8,99.1,0.0825559316436886,0.9174440683563114,
harlem,6256357477,40.7992241,-73.9520645,1453.7,retail,secondary,2.0,14675.0,72.3,64.4,170.1,178.8,1.0,0.0,
harlem,265796841,40.7990134,-73.9417979,1454.4,retail,tertiary,4.0,10092.0,46.3,355.1,130.9,104.8,1.0,0.0,
harlem,6918962447,40.7989644,-73.942008,1455.0,finance,tertiary,4.0,2523.0,42.8,352.6,140.7,121.6,0.0,1.0,
harlem,3452345665,40.8240742,-73.9518105,1457.3,food_drink,primary,2.0,1400.0,18.9,356.7,228.2,118.8,0.397196261682243,0.602803738317757,
harlem,13264230314,40.7994831,-73.9398653,1458.5,food_drink,residential,,5139.0,94.5,291.7,79.9,62.8,0.0453103760761214,0.9546896239238786,
harlem,5782504258,40.799484,-73.9398336,1459.4,food_drink,residential,,5139.0,95.9,290.1,77.6,65.2,0.0453103760761214,0.9546896239238786,
harlem,6296848310,40.8247356,-73.9468703,1460.9,health,secondary,4.0,1599.0,68.7,314.0,175.5,160.4,0.25,0.75,
harlem,4924481993,40.8080617,-73.963265,1464.8,food_drink,primary,4.0,10091.0,48.4,348.8,75.2,203.7,0.0579330359076536,0.9420669640923464,
harlem,7620039829,40.7984216,-73.9462446,1465.5,retail,secondary,5.0,17163.0,38.7,270.4,239.5,181.9,1.0,0.0,
harlem,7658594660,40.8022538,-73.9341894,1467.5,food_drink,residential,,2288.0,8.2,199.5,108.0,55.2,0.1977045538689374,0.8022954461310625,
harlem,7658594646,40.7987711,-73.9423685,1468.3,food_drink,tertiary,4.0,2523.0,47.6,362.1,172.0,151.6,0.1951720595788392,0.8048279404211608,
harlem,1498878042,40.8024234,-73.9590764,1470.2,food_drink,residential,2.0,3400.0,22.7,304.4,180.0,153.2,0.0,1.0,
harlem,11757144940,40.7990018,-73.9411523,1471.4,food_drink,secondary,2.0,6030.0,26.1,340.5,132.4,51.7,0.250208507089241,0.749791492910759,
harlem,5598991153,40.7988968,-73.9415933,1471.7,personal_care,secondary,2.0,2422.0,34.3,367.8,141.4,86.2,0.2145922746781116,0.7854077253218884,
harlem,11833767803,40.8014683,-73.9577702,1472.7,retail,residential,,2517.0,26.3,362.4,199.8,103.6,0.1599616858237547,0.8400383141762452,
harlem,6256357476,40.7990617,-73.9521933,1474.2,food_drink,residential,,14675.0,65.5,44.2,172.8,164.2,1.0,0.0,
harlem,12233478846,40.8079265,-73.9296584,1475.1,retail,residential,1.0,812.0,8.7,558.1,60.8,99.3,,,
harlem,11757144939,40.7989449,-73.9411912,1476.4,health,secondary,2.0,1799.0,32.6,340.2,138.0,53.2,0.5164075993091537,0.4835924006908463,
harlem,2714216773,40.7988313,-73.9416629,1477.0,food_drink,secondary,2.0,2422.0,30.3,370.0,149.2,91.9,0.2145922746781116,0.7854077253218884,
harlem,2762466945,40.8014098,-73.9578145,1480.1,office_professional,residential,,2550.0,28.1,357.5,204.7,96.2,0.1599760847283908,0.8400239152716091,
harlem,2796607378,40.8081018,-73.9635058,1483.2,leisure_entertainment,primary,4.0,10091.0,37.8,362.0,95.7,216.2,0.0579330359076536,0.9420669640923464,
harlem,4363763590,40.8230831,-73.9375251,1483.5,retail,primary,2.0,16143.0,23.9,325.9,154.0,189.7,0.1685823754789272,0.8314176245210728,
harlem,12233478847,40.8080915,-73.9294894,1483.8,retail,secondary,3.0,812.0,22.4,535.0,45.4,77.1,,,
harlem,5804863158,40.7997027,-73.9385056,1484.2,retail,residential,1.0,1446.0,175.4,259.2,47.6,81.0,0.2,0.8,
harlem,2011781571,40.799638,-73.9385346,1489.5,food_drink,primary,4.0,1446.0,175.4,253.0,48.2,79.5,0.2,0.8,
harlem,12047107430,40.808128,-73.9636344,1492.8,food_drink,primary,4.0,10091.0,35.4,367.5,106.9,223.9,0.0579330359076536,0.9420669640923464,
harlem,10969669855,40.8016139,-73.93464,1493.1,retail,residential,,2257.0,63.6,131.6,39.4,61.9,0.2000265816055289,0.799973418394471,
harlem,5686427721,40.805466,-73.9622848,1493.4,food_drink,residential,,15091.0,17.5,73.5,181.4,100.3,1.0,0.0,
harlem,271585434,40.7983016,-73.9439788,1493.9,retail,primary,1.0,1998.0,142.4,382.0,256.0,95.3,0.2144469525959368,0.7855530474040632,
harlem,2765415500,40.7987043,-73.9413732,1497.5,food_drink,secondary,2.0,1440.0,7.6,342.0,162.8,69.5,1.0,0.0,
harlem,10210440444,40.8085922,-73.9291196,1500.5,food_drink,secondary,4.0,812.0,85.8,472.8,62.5,36.4,,,
harlem,5262944262,40.7986774,-73.94132,1501.6,food_drink,tertiary,,1360.0,6.6,336.7,166.1,65.9,0.3333333333333333,0.6666666666666666,
harlem,5978792513,40.8012146,-73.9579622,1504.7,retail,residential,,2550.0,24.1,341.6,221.9,71.8,0.1599760847283908,0.8400239152716091,
harlem,5924114808,40.8065269,-73.9631276,1508.8,food_drink,residential,,398094.0,141.4,200.4,155.5,68.3,1.0,0.0,
harlem,11748824591,40.8235568,-73.9380017,1509.7,food_drink,residential,,4000.0,11.2,305.2,145.2,123.7,0.0828021978021978,0.9171978021978022,
harlem,4615838012,40.7989668,-73.9399159,1510.1,personal_care,residential,,1165.0,87.9,253.3,121.9,56.6,0.25,0.75,
harlem,12233478849,40.8077697,-73.9292688,1511.5,food_drink,primary,2.0,812.0,28.5,550.8,40.5,90.3,,,
harlem,6680630128,40.7988122,-73.952602,1511.8,health,residential,,20092.0,33.3,0.0,199.1,150.9,0.1570311671535028,0.8429688328464972,
harlem,6957709096,40.7986152,-73.9411525,1512.4,food_drink,tertiary,,1360.0,18.9,321.0,174.7,55.5,0.5,0.5,
harlem,2768338990,40.8246975,-73.9513921,1513.4,food_drink,primary,2.0,10000.0,78.8,279.0,267.0,136.0,0.0902975303625445,0.9097024696374554,
harlem,835414667,40.8052757,-73.9624308,1514.0,food_drink,secondary,2.0,15091.0,11.8,81.3,162.9,84.8,1.0,0.0,
harlem,5804863157,40.7992833,-73.9388165,1514.6,personal_care,residential,,2542.0,143.5,224.8,64.7,94.0,0.2017182130584192,0.7982817869415808,
harlem,4816185281,40.8075501,-73.9636821,1514.6,food_drink,primary,3.0,10091.0,28.8,315.3,109.6,173.1,0.0579330359076536,0.9420669640923464,
harlem,11757144938,40.7986018,-73.9410974,1515.2,retail,tertiary,,1360.0,23.7,316.2,177.0,52.3,0.5,0.5,
harlem,11517472730,40.8008299,-73.9575911,1518.4,food_drink,secondary,3.0,13513.0,32.4,369.7,209.6,56.4,0.2719790959405798,0.7280209040594202,
harlem,2765399915,40.7984191,-73.9415796,1523.0,food_drink,secondary,2.0,2523.0,29.6,347.0,194.4,97.5,0.1876563803169307,0.8123436196830692,
harlem,6899386345,40.7979332,-73.9482187,1526.5,health,residential,1.0,32293.0,152.7,326.0,82.5,194.1,0.2744691224830648,0.7255308775169351,
harlem,6957709109,40.7985151,-73.9409377,1528.4,food_drink,tertiary,,1892.0,39.2,300.0,189.3,48.5,0.2219786242806248,0.7780213757193751,
harlem,4980494071,40.800795,-73.9352751,1528.4,retail,residential,,3750.0,35.4,26.7,87.7,46.6,1.0,0.0,
harlem,10969584415,40.798385,-73.9414909,1528.7,retail,tertiary,,2523.0,29.5,338.7,198.1,93.2,0.0923076923076923,0.9076923076923076,
harlem,2762477490,40.8016765,-73.959077,1529.1,retail,residential,,3951.0,8.0,263.5,217.5,142.4,0.1333403939843253,0.8666596060156746,
harlem,12174223748,40.808222,-73.9641205,1529.8,food_drink,residential,1.0,10091.0,47.3,353.8,149.1,254.7,0.0579330359076536,0.9420669640923464,
harlem,758407251,40.8006269,-73.9355022,1531.5,health,primary,4.0,2592.0,18.3,0.0,110.4,21.3,1.0,0.0,
harlem,4971119419,40.798355,-73.9414234,1533.5,food_drink,tertiary,,1682.0,31.5,332.3,201.5,90.5,0.5,0.5,
harlem,11757144937,40.7982901,-73.9416781,1534.6,food_drink,secondary,2.0,2523.0,28.7,350.9,209.2,112.1,0.1876563803169307,0.8123436196830692,
harlem,4980494072,40.8007155,-73.9352849,1534.9,health,primary,4.0,3750.0,26.7,20.8,96.5,38.9,0.0583771161704611,0.9416228838295388,
harlem,11414300881,40.8050537,-73.9625749,1536.3,health,residential,,5092.0,36.7,95.4,145.8,69.4,0.0317797795557544,0.9682202204442456,
harlem,2562438635,40.7986055,-73.9527915,1538.9,food_drink,secondary,2.0,20092.0,19.4,28.0,212.7,140.9,0.1570311671535028,0.8429688328464972,
harlem,1289037080,40.8082819,-73.9642566,1539.3,food_drink,residential,1.0,10091.0,52.1,354.0,149.0,266.9,0.0579330359076536,0.9420669640923464,
harlem,320581782,40.8079447,-73.9641843,1542.8,food_drink,primary,4.0,10091.0,16.6,324.6,148.3,234.0,0.0579330359076536,0.9420669640923464,
harlem,2603955342,40.8254651,-73.9477205,1545.1,retail,secondary,4.0,2492.0,27.4,235.5,138.0,164.4,1.0,0.0,
harlem,885730696,40.818019,-73.9301913,1547.0,hospitality,residential,,733330.0,204.0,497.0,344.7,164.9,,,
harlem,5924114807,40.8067796,-73.9637662,1548.9,food_drink,residential,,398094.0,81.0,253.2,161.4,128.1,1.0,0.0,
harlem,1802297281,40.8079748,-73.9642844,1550.1,food_drink,residential,1.0,10091.0,18.0,323.1,149.0,242.1,0.0579330359076536,0.9420669640923464,
harlem,2765415612,40.7985984,-73.9397679,1552.8,food_drink,residential,,2500.0,45.6,218.1,151.0,73.2,1.0,0.0,
harlem,7658594666,40.7982176,-73.9410668,1556.7,finance,tertiary,,5719.0,53.3,299.1,219.5,81.9,1.0,0.0,
harlem,5924114805,40.8066955,-73.9638287,1557.1,food_drink,residential,,1892.0,82.7,243.5,171.8,130.1,0.0,1.0,
harlem,7004443482,40.8078866,-73.9643469,1557.7,retail,primary,4.0,10091.0,10.0,312.0,140.0,238.6,0.0579330359076536,0.9420669640923464,
harlem,2768143145,40.8254971,-73.9439194,1560.5,retail,residential,,1498.0,28.5,52.3,225.7,187.4,0.2086811352253756,0.7913188647746243,
harlem,271877837,40.8254347,-73.9433744,1560.7,retail,secondary,2.0,2500.0,19.1,16.6,267.9,175.2,1.0,0.0,
harlem,2796467296,40.8080753,-73.9644565,1561.2,personal_care,residential,1.0,10091.0,32.8,325.9,142.4,244.1,0.0579330359076536,0.9420669640923464,
harlem,2830368770,40.824926,-73.9406083,1562.5,retail,residential,,2492.0,27.2,238.2,247.3,149.0,0.1028454196771028,0.8971545803228972,
harlem,10106777980,40.8252449,-73.9509886,1563.6,food_drink,primary,2.0,10000.0,97.6,209.3,288.0,144.0,0.127959053103007,0.872040946896993,
harlem,2091641953,40.8010232,-73.9587555,1564.3,food_drink,secondary,1.0,47533.0,22.0,272.8,286.0,68.2,0.0,1.0,
harlem,5400497481,40.8078085,-73.9644022,1564.6,food_drink,primary,4.0,10091.0,10.4,302.1,132.2,236.0,0.0579330359076536,0.9420669640923464,
harlem,9459121054,40.8191878,-73.9621644,1565.1,food_drink,secondary,2.0,143600.0,247.8,564.5,291.7,105.1,,,
harlem,625842823,40.8071007,-73.9641277,1565.7,retail,primary,3.0,7569.0,37.8,253.2,147.7,170.8,0.0863163972286374,0.9136836027713626,
harlem,6949740440,40.8010561,-73.9588351,1566.0,personal_care,secondary,1.0,47533.0,15.7,266.5,278.7,75.6,0.0,1.0,
harlem,11517456125,40.8010857,-73.9589067,1567.6,personal_care,secondary,1.0,3951.0,11.5,260.9,272.2,82.3,0.0517306028266512,0.9482693971733488,
harlem,10598256242,40.8255623,-73.9438716,1568.2,food_drink,secondary,2.0,1498.0,22.4,47.6,224.9,179.1,0.2086811352253756,0.7913188647746243,
harlem,9543870917,40.7981041,-73.9410798,1568.5,food_drink,tertiary,,6391.0,59.2,296.9,231.8,93.5,1.0,0.0,
harlem,10598256241,40.8255982,-73.9438453,1572.5,food_drink,secondary,2.0,1498.0,19.6,45.4,224.6,174.6,0.2086811352253756,0.7913188647746243,
harlem,7022680977,40.7975028,-73.9485228,1576.8,food_drink,residential,1.0,32293.0,115.4,373.0,28.3,170.6,0.2744691224830648,0.7255308775169351,
harlem,5807244946,40.7982214,-73.9402805,1577.0,finance,tertiary,,2682.0,9.6,236.5,208.0,74.2,0.2048417132216015,0.7951582867783985,
harlem,2768125214,40.8255747,-73.9433066,1577.0,health,secondary,2.0,15492.0,18.6,0.0,265.4,158.7,1.0,0.0,
harlem,11517456127,40.8012634,-73.9593439,1577.9,food_drink,secondary,1.0,3951.0,38.3,228.2,232.9,123.2,0.0517306028266512,0.9482693971733488,
harlem,6206712793,40.7975648,-73.9492703,1578.0,food_drink,residential,,5000.0,72.5,312.9,62.3,180.7,0.1166362116558454,0.8833637883441546,
harlem,1802299466,40.8076459,-73.9645252,1579.5,retail,primary,4.0,12614.0,27.9,281.3,116.4,223.4,0.0963329590916997,0.9036670409083004,
harlem,5309513732,40.7998654,-73.935909,1580.2,food_drink,primary,4.0,2778.0,80.1,91.3,201.6,70.1,0.2499619192688499,0.7500380807311501,
harlem,5263685378,40.7981927,-73.9401984,1582.4,health,tertiary,,2682.0,15.7,228.9,207.5,79.7,0.2048417132216015,0.7951582867783985,
harlem,6206711620,40.7974617,-73.949039,1586.6,food_drink,residential,,5000.0,79.0,335.4,39.7,197.1,0.1166362116558454,0.8833637883441546,
harlem,5952881385,40.7980295,-73.9406496,1587.3,retail,tertiary,,2667.0,28.3,259.8,242.6,91.6,1.0,0.0,
harlem,2768125218,40.8256685,-73.9432713,1587.8,health,secondary,2.0,15492.0,16.2,10.8,263.5,147.8,1.0,0.0,
harlem,2768143200,40.8257343,-73.9437791,1588.3,food_drink,secondary,2.0,1875.0,9.4,43.5,221.9,158.8,0.1488372093023255,0.8511627906976744,
harlem,749008818,40.8070288,-73.9643863,1588.8,food_drink,primary,3.0,1770.0,23.3,232.5,128.4,186.9,1.0,0.0,
harlem,224160374,40.8120593,-73.9653744,1589.3,leisure_entertainment,motorway_link,2.0,76371.0,146.9,736.4,171.1,108.4,1.0,0.0,
harlem,5798643423,40.825813,-73.9485289,1589.6,hospitality,secondary,4.0,3327.0,86.9,160.2,151.9,185.1,,,
harlem,2603955363,40.8259129,-73.9468393,1591.8,food_drink,residential,,2500.0,65.1,271.0,78.2,221.0,0.0901144453455888,0.9098855546544112,
harlem,4928962209,40.8259256,-73.9473575,1594.6,food_drink,residential,,1869.0,53.1,231.1,79.1,197.3,0.1796622349982033,0.8203377650017967,
harlem,5281908451,40.8257932,-73.9493394,1596.2,food_drink,secondary,4.0,10000.0,52.9,128.0,212.3,176.9,0.077447335811648,0.922552664188352,
harlem,7004462869,40.807503,-73.9646912,1597.3,food_drink,residential,,12614.0,36.3,260.5,99.1,206.6,0.0963329590916997,0.9036670409083004,
harlem,8778724409,40.8258262,-73.9437141,1599.2,personal_care,secondary,2.0,1875.0,12.8,44.2,222.3,147.2,0.1531100478468899,0.84688995215311,
