cell_id,cell_lat,cell_lon,zone_type,cell_lot_count
r0011_c0018,40.7017918,-74.0136772,Open Space,3
r0012_c0018,40.7031431,-74.0136772,Commercial,5
r0012_c0019,40.7031431,-74.0118928,Commercial,18
r0012_c0020,40.7031431,-74.0101084,Residential,11
r0012_c0021,40.7031431,-74.008324,Commercial,3
r0013_c0018,40.7044945,-74.0136772,Institutional,3
r0013_c0019,40.7044945,-74.0118928,Commercial,18
r0013_c0020,40.7044945,-74.0101084,Commercial,23
r0013_c0021,40.7044945,-74.008324,Mixed-Use,8
r0013_c0022,40.7044945,-74.0065396,Commercial,5
r0014_c0016,40.7058458,-74.017246,Mixed-Use,3
r0014_c0017,40.7058458,-74.0154616,Mixed-Use,4
r0014_c0018,40.7058458,-74.0136772,Commercial,5
r0014_c0019,40.7058458,-74.0118928,Commercial,11
r0014_c0020,40.7058458,-74.0101084,Mixed-Use,8
r0014_c0021,40.7058458,-74.008324,Commercial,9
r0014_c0022,40.7058458,-74.0065396,Commercial,7
r0014_c0023,40.7058458,-74.0047552,Commercial,15
r0015_c0016,40.7071972,-74.017246,Mixed-Use,4
r0015_c0018,40.7071972,-74.0136772,Commercial,11
r0015_c0019,40.7071972,-74.0118928,Commercial,6
r0015_c0020,40.7071972,-74.0101084,Commercial,7
r0015_c0021,40.7071972,-74.008324,Commercial,12
r0015_c0022,40.7071972,-74.0065396,Residential,13
r0015_c0023,40.7071972,-74.0047552,Commercial,8
r0015_c0024,40.7071972,-74.0029708,Mixed-Use,26
r0015_c0025,40.7071972,-74.0011864,Mixed-Use,16
r0016_c0016,40.7085485,-74.017246,Mixed-Use,6
r0016_c0017,40.7085485,-74.0154616,Commercial,3
r0016_c0018,40.7085485,-74.0136772,Commercial,20
r0016_c0019,40.7085485,-74.0118928,Institutional,6
r0016_c0020,40.7085485,-74.0101084,Commercial,9
r0016_c0021,40.7085485,-74.008324,Commercial,12
r0016_c0022,40.7085485,-74.0065396,Mixed-Use,12
r0016_c0023,40.7085485,-74.0047552,Mixed-Use,17
r0016_c0024,40.7085485,-74.0029708,Mixed-Use,3
r0016_c0025,40.7085485,-74.0011864,Mixed-Use,33
r0017_c0016,40.7098999,-74.017246,Mixed-Use,4
r0017_c0018,40.7098999,-74.0136772,Mixed-Use,9
r0017_c0019,40.7098999,-74.0118928,Mixed-Use,9
r0017_c0020,40.7098999,-74.0101084,Commercial,19
r0017_c0021,40.7098999,-74.008324,Mixed-Use,34
r0017_c0022,40.7098999,-74.0065396,Commercial,25
r0017_c0023,40.7098999,-74.0047552,Institutional,7
r0017_c0024,40.7098999,-74.0029708,Residential,3
r0017_c0028,40.7098999,-73.9958333,Industrial,3
r0018_c0020,40.7112512,-74.0101084,Commercial,5
r0018_c0021,40.7112512,-74.008324,Residential,9
r0018_c0022,40.7112512,-74.0065396,Mixed-Use,18
r0018_c0025,40.7112512,-74.0011864,Commercial,3
r0018_c0028,40.7112512,-73.9958333,Mixed-Use,19
r0018_c0029,40.7112512,-73.9940489,Open Space,15
r0018_c0031,40.7112512,-73.9904801,Mixed-Use,4
r0018_c0033,40.7112512,-73.9869113,Mixed-Use,6
r0018_c0035,40.7112512,-73.9833425,Residential,3
r0018_c0036,40.7112512,-73.9815581,Residential,3
r0019_c0020,40.7126026,-74.0101084,Commercial,6
r0019_c0021,40.7126026,-74.008324,Mixed-Use,11
r0019_c0025,40.7126026,-74.0011864,Commercial,3
r0019_c0026,40.7126026,-73.9994021,Residential,13
r0019_c0027,40.7126026,-73.9976177,Mixed-Use,43
r0019_c0028,40.7126026,-73.9958333,Mixed-Use,59
r0019_c0029,40.7126026,-73.9940489,Mixed-Use,30
r0019_c0030,40.7126026,-73.9922645,Institutional,7
r0019_c0031,40.7126026,-73.9904801,Mixed-Use,25
r0019_c0032,40.7126026,-73.9886957,Mixed-Use,21
r0019_c0034,40.7126026,-73.9851269,Residential,5
r0020_c0019,40.713954,-74.0118928,Commercial,3
r0020_c0020,40.713954,-74.0101084,Commercial,16
r0020_c0021,40.713954,-74.008324,Mixed-Use,32
r0020_c0022,40.713954,-74.0065396,Commercial,14
r0020_c0023,40.713954,-74.0047552,Commercial,6
r0020_c0024,40.713954,-74.0029708,Institutional,3
r0020_c0025,40.713954,-74.0011864,Institutional,3
r0020_c0026,40.713954,-73.9994021,Residential,26
r0020_c0027,40.713954,-73.9976177,Mixed-Use,44
r0020_c0028,40.713954,-73.9958333,Mixed-Use,51
r0020_c0029,40.713954,-73.9940489,Commercial,38
r0020_c0030,40.713954,-73.9922645,Mixed-Use,42
r0020_c0031,40.713954,-73.9904801,Mixed-Use,39
r0020_c0032,40.713954,-73.9886957,Mixed-Use,20
r0020_c0033,40.713954,-73.9869113,Institutional,35
r0020_c0034,40.713954,-73.9851269,Residential,22
r0020_c0035,40.713954,-73.9833425,Mixed-Use,8
r0020_c0036,40.713954,-73.9815581,Residential,16
r0021_c0020,40.7153053,-74.0101084,Mixed-Use,38
r0021_c0021,40.7153053,-74.008324,Mixed-Use,40
r0021_c0022,40.7153053,-74.0065396,Mixed-Use,21
r0021_c0023,40.7153053,-74.0047552,Commercial,8
r0021_c0024,40.7153053,-74.0029708,Commercial,3
r0021_c0026,40.7153053,-73.9994021,Open Space,32
r0021_c0027,40.7153053,-73.9976177,Mixed-Use,51
r0021_c0029,40.7153053,-73.9940489,Mixed-Use,32
r0021_c0030,40.7153053,-73.9922645,Mixed-Use,54
r0021_c0031,40.7153053,-73.9904801,Mixed-Use,49
r0021_c0032,40.7153053,-73.9886957,Residential,3
r0021_c0034,40.7153053,-73.9851269,Residential,5
r0021_c0035,40.7153053,-73.9833425,Commercial,6
r0021_c0036,40.7153053,-73.9815581,Residential,3
r0021_c0037,40.7153053,-73.9797737,Residential,4
r0022_c0017,40.7166567,-74.0154616,Residential,5
r0022_c0018,40.7166567,-74.0136772,Institutional,3
r0022_c0019,40.7166567,-74.0118928,Institutional,4
r0022_c0020,40.7166567,-74.0101084,Mixed-Use,38
r0022_c0021,40.7166567,-74.008324,Mixed-Use,35
r0022_c0022,40.7166567,-74.0065396,Commercial,11
r0022_c0023,40.7166567,-74.0047552,Mixed-Use,12
r0022_c0024,40.7166567,-74.0029708,Mixed-Use,12
r0022_c0025,40.7166567,-74.0011864,Institutional,5
r0022_c0026,40.7166567,-73.9994021,Mixed-Use,38
r0022_c0027,40.7166567,-73.9976177,Commercial,47
r0022_c0028,40.7166567,-73.9958333,Commercial,32
r0022_c0029,40.7166567,-73.9940489,Open Space,16
r0022_c0030,40.7166567,-73.9922645,Mixed-Use,34
r0022_c0031,40.7166567,-73.9904801,Mixed-Use,57
r0022_c0032,40.7166567,-73.9886957,Residential,9
r0022_c0033,40.7166567,-73.9869113,Mixed-Use,6
r0022_c0034,40.7166567,-73.9851269,Residential,7
r0022_c0035,40.7166567,-73.9833425,Mixed-Use,6
r0023_c0019,40.718008,-74.0118928,Residential,3
r0023_c0020,40.718008,-74.0101084,Mixed-Use,38
r0023_c0021,40.718008,-74.008324,Mixed-Use,16
r0023_c0022,40.718008,-74.0065396,Mixed-Use,25
r0023_c0023,40.718008,-74.0047552,Mixed-Use,47
r0023_c0024,40.718008,-74.0029708,Mixed-Use,32
r0023_c0025,40.718008,-74.0011864,Commercial,29
r0023_c0026,40.718008,-73.9994021,Commercial,31
r0023_c0027,40.718008,-73.9976177,Mixed-Use,56
r0023_c0028,40.718008,-73.9958333,Mixed-Use,40
r0023_c0029,40.718008,-73.9940489,Mixed-Use,35
r0023_c0030,40.718008,-73.9922645,Mixed-Use,55
r0023_c0031,40.718008,-73.9904801,Mixed-Use,44
r0023_c0032,40.718008,-73.9886957,Mixed-Use,12
r0023_c0033,40.718008,-73.9869113,Mixed-Use,11
r0023_c0034,40.718008,-73.9851269,Mixed-Use,31
r0023_c0035,40.718008,-73.9833425,Institutional,16
r0023_c0039,40.718008,-73.9762049,Residential,3
r0024_c0020,40.7193594,-74.0101084,Mixed-Use,29
r0024_c0021,40.7193594,-74.008324,Residential,31
r0024_c0022,40.7193594,-74.0065396,Mixed-Use,28
r0024_c0023,40.7193594,-74.0047552,Commercial,32
r0024_c0024,40.7193594,-74.0029708,Mixed-Use,45
r0024_c0025,40.7193594,-74.0011864,Commercial,32
r0024_c0026,40.7193594,-73.9994021,Commercial,28
r0024_c0027,40.7193594,-73.9976177,Mixed-Use,41
r0024_c0028,40.7193594,-73.9958333,Mixed-Use,46
r0024_c0029,40.7193594,-73.9940489,Mixed-Use,39
r0024_c0030,40.7193594,-73.9922645,Open Space,23
r0024_c0031,40.7193594,-73.9904801,Mixed-Use,35
r0024_c0032,40.7193594,-73.9886957,Mixed-Use,39
r0024_c0033,40.7193594,-73.9869113,Commercial,30
r0024_c0034,40.7193594,-73.9851269,Mixed-Use,52
r0024_c0035,40.7193594,-73.9833425,Institutional,26
r0025_c0020,40.7207107,-74.0101084,Mixed-Use,14
r0025_c0021,40.7207107,-74.008324,Mixed-Use,13
r0025_c0022,40.7207107,-74.0065396,Mixed-Use,10
r0025_c0023,40.7207107,-74.0047552,Mixed-Use,20
r0025_c0024,40.7207107,-74.0029708,Mixed-Use,44
r0025_c0025,40.7207107,-74.0011864,Commercial,30
r0025_c0026,40.7207107,-73.9994021,Mixed-Use,38
r0025_c0027,40.7207107,-73.9976177,Mixed-Use,27
r0025_c0028,40.7207107,-73.9958333,Mixed-Use,47
r0025_c0029,40.7207107,-73.9940489,Mixed-Use,37
r0025_c0030,40.7207107,-73.9922645,Mixed-Use,19
r0025_c0031,40.7207107,-73.9904801,Mixed-Use,34
r0025_c0032,40.7207107,-73.9886957,Mixed-Use,59
r0025_c0033,40.7207107,-73.9869113,Institutional,39
r0025_c0034,40.7207107,-73.9851269,Residential,48
r0025_c0035,40.7207107,-73.9833425,Residential,51
r0025_c0036,40.7207107,-73.9815581,Residential,21
r0025_c0037,40.7207107,-73.9797737,Residential,26
r0025_c0038,40.7207107,-73.9779893,Mixed-Use,16
r0026_c0019,40.7220621,-74.0118928,Residential,4
r0026_c0020,40.7220621,-74.0101084,Mixed-Use,18
r0026_c0021,40.7220621,-74.008324,Mixed-Use,20
r0026_c0022,40.7220621,-74.0065396,Open Space,9
r0026_c0023,40.7220621,-74.0047552,Commercial,20
r0026_c0024,40.7220621,-74.0029708,Mixed-Use,38
r0026_c0025,40.7220621,-74.0011864,Mixed-Use,38
r0026_c0026,40.7220621,-73.9994021,Commercial,26
r0026_c0027,40.7220621,-73.9976177,Commercial,36
r0026_c0028,40.7220621,-73.9958333,Mixed-Use,49
r0026_c0029,40.7220621,-73.9940489,Mixed-Use,40
r0026_c0030,40.7220621,-73.9922645,Open Space,33
r0026_c0031,40.7220621,-73.9904801,Residential,16
r0026_c0032,40.7220621,-73.9886957,Residential,30
r0026_c0033,40.7220621,-73.9869113,Mixed-Use,22
r0026_c0034,40.7220621,-73.9851269,Mixed-Use,28
r0026_c0035,40.7220621,-73.9833425,Mixed-Use,40
r0026_c0036,40.7220621,-73.9815581,Residential,39
r0026_c0037,40.7220621,-73.9797737,Mixed-Use,53
r0026_c0038,40.7220621,-73.9779893,Residential,28
r0027_c0020,40.7234134,-74.0101084,Mixed-Use,24
r0027_c0021,40.7234134,-74.008324,Residential,13
r0027_c0022,40.7234134,-74.0065396,Commercial,4
r0027_c0023,40.7234134,-74.0047552,Commercial,22
r0027_c0024,40.7234134,-74.0029708,Mixed-Use,35
r0027_c0025,40.7234134,-74.0011864,Mixed-Use,42
r0027_c0026,40.7234134,-73.9994021,Mixed-Use,33
r0027_c0027,40.7234134,-73.9976177,Commercial,26
r0027_c0028,40.7234134,-73.9958333,Mixed-Use,27
r0027_c0029,40.7234134,-73.9940489,Mixed-Use,63
r0027_c0030,40.7234134,-73.9922645,Mixed-Use,17
r0027_c0031,40.7234134,-73.9904801,Open Space,26
r0027_c0032,40.7234134,-73.9886957,Mixed-Use,33
r0027_c0033,40.7234134,-73.9869113,Mixed-Use,22
r0027_c0034,40.7234134,-73.9851269,Residential,18
r0027_c0035,40.7234134,-73.9833425,Mixed-Use,43
r0027_c0036,40.7234134,-73.9815581,Institutional,20
r0027_c0037,40.7234134,-73.9797737,Residential,29
r0027_c0038,40.7234134,-73.9779893,Residential,50
r0027_c0039,40.7234134,-73.9762049,Mixed-Use,17
r0028_c0020,40.7247648,-74.0101084,Residential,26
r0028_c0021,40.7247648,-74.008324,Mixed-Use,18
r0028_c0022,40.7247648,-74.0065396,Mixed-Use,22
r0028_c0023,40.7247648,-74.0047552,Commercial,23
r0028_c0024,40.7247648,-74.0029708,Mixed-Use,50
r0028_c0025,40.7247648,-74.0011864,Mixed-Use,40
r0028_c0026,40.7247648,-73.9994021,Mixed-Use,39
r0028_c0027,40.7247648,-73.9976177,Commercial,20
r0028_c0028,40.7247648,-73.9958333,Commercial,12
r0028_c0029,40.7247648,-73.9940489,Mixed-Use,25
r0028_c0030,40.7247648,-73.9922645,Mixed-Use,29
r0028_c0031,40.7247648,-73.9904801,Mixed-Use,28
r0028_c0032,40.7247648,-73.9886957,Residential,48
r0028_c0033,40.7247648,-73.9869113,Residential,14
r0028_c0034,40.7247648,-73.9851269,Residential,8
r0028_c0035,40.7247648,-73.9833425,Residential,59
r0028_c0036,40.7247648,-73.9815581,Residential,44
r0028_c0037,40.7247648,-73.9797737,Residential,54
r0028_c0038,40.7247648,-73.9779893,Mixed-Use,35
r0028_c0039,40.7247648,-73.9762049,Residential,28
r0029_c0020,40.7261161,-74.0101084,Mixed-Use,11
r0029_c0021,40.7261161,-74.008324,Commercial,19
r0029_c0022,40.7261161,-74.0065396,Commercial,5
r0029_c0023,40.7261161,-74.0047552,Commercial,19
r0029_c0024,40.7261161,-74.0029708,Mixed-Use,39
r0029_c0025,40.7261161,-74.0011864,Mixed-Use,42
r0029_c0026,40.7261161,-73.9994021,Residential,34
r0029_c0027,40.7261161,-73.9976177,Commercial,9
r0029_c0028,40.7261161,-73.9958333,Commercial,19
r0029_c0029,40.7261161,-73.9940489,Mixed-Use,29
r0029_c0030,40.7261161,-73.9922645,Mixed-Use,49
r0029_c0031,40.7261161,-73.9904801,Mixed-Use,48
r0029_c0032,40.7261161,-73.9886957,Mixed-Use,40
r0029_c0033,40.7261161,-73.9869113,Mixed-Use,42
r0029_c0034,40.7261161,-73.9851269,Mixed-Use,45
r0029_c0035,40.7261161,-73.9833425,Mixed-Use,33
r0029_c0037,40.7261161,-73.9797737,Residential,33
r0029_c0038,40.7261161,-73.9779893,Residential,46
r0029_c0040,40.7261161,-73.9744206,Residential,5
r0030_c0021,40.7274675,-74.008324,Commercial,13
r0030_c0022,40.7274675,-74.0065396,Commercial,9
r0030_c0023,40.7274675,-74.0047552,Residential,37
r0030_c0024,40.7274675,-74.0029708,Residential,47
r0030_c0025,40.7274675,-74.0011864,Mixed-Use,42
r0030_c0026,40.7274675,-73.9994021,Residential,25
r0030_c0028,40.7274675,-73.9958333,Mixed-Use,9
r0030_c0029,40.7274675,-73.9940489,Mixed-Use,28
r0030_c0030,40.7274675,-73.9922645,Mixed-Use,28
r0030_c0031,40.7274675,-73.9904801,Residential,45
r0030_c0032,40.7274675,-73.9886957,Mixed-Use,44
r0030_c0033,40.7274675,-73.9869113,Residential,73
r0030_c0034,40.7274675,-73.9851269,Mixed-Use,60
r0030_c0035,40.7274675,-73.9833425,Mixed-Use,60
r0030_c0036,40.7274675,-73.9815581,Residential,30
r0030_c0037,40.7274675,-73.9797737,Residential,53
r0030_c0038,40.7274675,-73.9779893,Residential,28
r0030_c0039,40.7274675,-73.9762049,Residential,5
r0031_c0020,40.7288188,-74.0101084,Commercial,3
r0031_c0021,40.7288188,-74.008324,Commercial,4
r0031_c0022,40.7288188,-74.0065396,Commercial,4
r0031_c0023,40.7288188,-74.0047552,Mixed-Use,35
r0031_c0024,40.7288188,-74.0029708,Residential,31
r0031_c0025,40.7288188,-74.0011864,Mixed-Use,56
r0031_c0026,40.7288188,-73.9994021,Mixed-Use,37
r0031_c0027,40.7288188,-73.9976177,Institutional,9
r0031_c0028,40.7288188,-73.9958333,Institutional,10
r0031_c0029,40.7288188,-73.9940489,Mixed-Use,15
r0031_c0030,40.7288188,-73.9922645,Commercial,18
r0031_c0031,40.7288188,-73.9904801,Institutional,12
r0031_c0032,40.7288188,-73.9886957,Mixed-Use,57
r0031_c0033,40.7288188,-73.9869113,Mixed-Use,54
r0031_c0034,40.7288188,-73.9851269,Mixed-Use,59
r0031_c0035,40.7288188,-73.9833425,Mixed-Use,51
r0031_c0036,40.7288188,-73.9815581,Mixed-Use,38
r0031_c0037,40.7288188,-73.9797737,Residential,57
r0031_c0038,40.7288188,-73.9779893,Mixed-Use,25
r0031_c0039,40.7288188,-73.9762049,Residential,5
r0032_c0020,40.7301702,-74.0101084,Mixed-Use,4
r0032_c0021,40.7301702,-74.008324,Residential,17
r0032_c0022,40.7301702,-74.0065396,Mixed-Use,31
r0032_c0023,40.7301702,-74.0047552,Residential,55
r0032_c0024,40.7301702,-74.0029708,Mixed-Use,51
r0032_c0025,40.7301702,-74.0011864,Mixed-Use,51
r0032_c0026,40.7301702,-73.9994021,Institutional,30
r0032_c0027,40.7301702,-73.9976177,Institutional,3
r0032_c0028,40.7301702,-73.9958333,Institutional,10
r0032_c0029,40.7301702,-73.9940489,Institutional,12
r0032_c0030,40.7301702,-73.9922645,Commercial,7
r0032_c0031,40.7301702,-73.9904801,Commercial,13
r0032_c0032,40.7301702,-73.9886957,Residential,45
r0032_c0033,40.7301702,-73.9869113,Residential,27
r0032_c0034,40.7301702,-73.9851269,Mixed-Use,35
r0032_c0035,40.7301702,-73.9833425,Mixed-Use,41
r0032_c0036,40.7301702,-73.9815581,Mixed-Use,38
r0032_c0037,40.7301702,-73.9797737,Mixed-Use,11
r0033_c0020,40.7315215,-74.0101084,Residential,3
r0033_c0021,40.7315215,-74.008324,Mixed-Use,8
r0033_c0022,40.7315215,-74.0065396,Mixed-Use,37
r0033_c0023,40.7315215,-74.0047552,Residential,79
r0033_c0024,40.7315215,-74.0029708,Mixed-Use,74
r0033_c0025,40.7315215,-74.0011864,Mixed-Use,48
r0033_c0026,40.7315215,-73.9994021,Residential,25
r0033_c0027,40.7315215,-73.9976177,Open Space,7
r0033_c0028,40.7315215,-73.9958333,Institutional,18
r0033_c0029,40.7315215,-73.9940489,Mixed-Use,8
r0033_c0030,40.7315215,-73.9922645,Mixed-Use,8
r0033_c0031,40.7315215,-73.9904801,Residential,10
r0033_c0032,40.7315215,-73.9886957,Mixed-Use,19
r0033_c0033,40.7315215,-73.9869113,Residential,47
r0033_c0034,40.7315215,-73.9851269,Mixed-Use,29
r0033_c0035,40.7315215,-73.9833425,Mixed-Use,40
r0034_c0020,40.7328729,-74.0101084,Residential,20
r0034_c0021,40.7328729,-74.008324,Mixed-Use,17
r0034_c0022,40.7328729,-74.0065396,Institutional,45
r0034_c0023,40.7328729,-74.0047552,Residential,66
r0034_c0024,40.7328729,-74.0029708,Mixed-Use,43
r0034_c0025,40.7328729,-74.0011864,Residential,62
r0034_c0026,40.7328729,-73.9994021,Mixed-Use,45
r0034_c0027,40.7328729,-73.9976177,Mixed-Use,53
r0034_c0028,40.7328729,-73.9958333,Residential,23
r0034_c0029,40.7328729,-73.9940489,Residential,38
r0034_c0030,40.7328729,-73.9922645,Mixed-Use,32
r0034_c0031,40.7328729,-73.9904801,Mixed-Use,19
r0034_c0032,40.7328729,-73.9886957,Mixed-Use,31
r0034_c0033,40.7328729,-73.9869113,Mixed-Use,30
r0034_c0034,40.7328729,-73.9851269,Mixed-Use,25
r0034_c0035,40.7328729,-73.9833425,Institutional,16
r0034_c0036,40.7328729,-73.9815581,Institutional,11
r0035_c0020,40.7342242,-74.0101084,Residential,10
r0035_c0021,40.7342242,-74.008324,Residential,29
r0035_c0022,40.7342242,-74.0065396,Residential,37
r0035_c0023,40.7342242,-74.0047552,Residential,51
r0035_c0024,40.7342242,-74.0029708,Residential,50
r0035_c0025,40.7342242,-74.0011864,Residential,53
r0035_c0026,40.7342242,-73.9994021,Mixed-Use,32
r0035_c0027,40.7342242,-73.9976177,Residential,67
r0035_c0028,40.7342242,-73.9958333,Residential,43
r0035_c0029,40.7342242,-73.9940489,Residential,36
r0035_c0030,40.7342242,-73.9922645,Residential,27
r0035_c0031,40.7342242,-73.9904801,Commercial,7
r0035_c0032,40.7342242,-73.9886957,Mixed-Use,6
r0035_c0033,40.7342242,-73.9869113,Mixed-Use,20
r0035_c0034,40.7342242,-73.9851269,Mixed-Use,25
r0035_c0035,40.7342242,-73.9833425,Institutional,18
r0035_c0036,40.7342242,-73.9815581,Residential,65
r0035_c0037,40.7342242,-73.9797737,Mixed-Use,5
r0036_c0020,40.7355756,-74.0101084,Residential,8
r0036_c0021,40.7355756,-74.008324,Residential,35
r0036_c0022,40.7355756,-74.0065396,Residential,50
r0036_c0023,40.7355756,-74.0047552,Residential,79
r0036_c0024,40.7355756,-74.0029708,Residential,80
r0036_c0025,40.7355756,-74.0011864,Mixed-Use,54
r0036_c0026,40.7355756,-73.9994021,Residential,61
r0036_c0027,40.7355756,-73.9976177,Residential,34
r0036_c0028,40.7355756,-73.9958333,Residential,38
r0036_c0029,40.7355756,-73.9940489,Mixed-Use,17
r0036_c0030,40.7355756,-73.9922645,Mixed-Use,20
r0036_c0032,40.7355756,-73.9886957,Commercial,24
r0036_c0033,40.7355756,-73.9869113,Mixed-Use,22
r0036_c0034,40.7355756,-73.9851269,Residential,35
r0036_c0035,40.7355756,-73.9833425,Residential,30
r0036_c0036,40.7355756,-73.9815581,Institutional,20
r0036_c0037,40.7355756,-73.9797737,Mixed-Use,23
r0037_c0021,40.7369269,-74.008324,Mixed-Use,30
r0037_c0022,40.7369269,-74.0065396,Residential,40
r0037_c0023,40.7369269,-74.0047552,Residential,47
r0037_c0024,40.7369269,-74.0029708,Residential,86
r0037_c0025,40.7369269,-74.0011864,Mixed-Use,25
r0037_c0026,40.7369269,-73.9994021,Mixed-Use,37
r0037_c0027,40.7369269,-73.9976177,Mixed-Use,27
r0037_c0028,40.7369269,-73.9958333,Mixed-Use,23
r0037_c0029,40.7369269,-73.9940489,Residential,16
r0037_c0030,40.7369269,-73.9922645,Commercial,21
r0037_c0031,40.7369269,-73.9904801,Commercial,26
r0037_c0032,40.7369269,-73.9886957,Commercial,11
r0037_c0033,40.7369269,-73.9869113,Residential,50
r0037_c0034,40.7369269,-73.9851269,Residential,40
r0037_c0035,40.7369269,-73.9833425,Residential,25
r0037_c0036,40.7369269,-73.9815581,Mixed-Use,16
r0037_c0037,40.7369269,-73.9797737,Mixed-Use,22
r0037_c0039,40.7369269,-73.9762049,Institutional,3
r0038_c0020,40.7382783,-74.0101084,Residential,5
r0038_c0021,40.7382783,-74.008324,Residential,23
r0038_c0022,40.7382783,-74.0065396,Residential,73
r0038_c0023,40.7382783,-74.0047552,Residential,57
r0038_c0024,40.7382783,-74.0029708,Residential,50
r0038_c0025,40.7382783,-74.0011864,Mixed-Use,44
r0038_c0026,40.7382783,-73.9994021,Residential,30
r0038_c0027,40.7382783,-73.9976177,Mixed-Use,38
r0038_c0028,40.7382783,-73.9958333,Residential,18
r0038_c0029,40.7382783,-73.9940489,Mixed-Use,41
r0038_c0030,40.7382783,-73.9922645,Commercial,21
r0038_c0031,40.7382783,-73.9904801,Commercial,20
r0038_c0032,40.7382783,-73.9886957,Commercial,28
r0038_c0033,40.7382783,-73.9869113,Residential,21
r0038_c0034,40.7382783,-73.9851269,Open Space,17
r0038_c0035,40.7382783,-73.9833425,Mixed-Use,30
r0038_c0036,40.7382783,-73.9815581,Mixed-Use,24
r0038_c0037,40.7382783,-73.9797737,Residential,5
r0038_c0038,40.7382783,-73.9779893,Institutional,11
r0039_c0021,40.7396296,-74.008324,Mixed-Use,15
r0039_c0022,40.7396296,-74.0065396,Commercial,26
r0039_c0023,40.7396296,-74.0047552,Mixed-Use,13
r0039_c0024,40.7396296,-74.0029708,Mixed-Use,30
r0039_c0025,40.7396296,-74.0011864,Residential,47
r0039_c0026,40.7396296,-73.9994021,Residential,35
r0039_c0027,40.7396296,-73.9976177,Residential,32
r0039_c0028,40.7396296,-73.9958333,Mixed-Use,30
r0039_c0029,40.7396296,-73.9940489,Commercial,14
r0039_c0030,40.7396296,-73.9922645,Commercial,36
r0039_c0031,40.7396296,-73.9904801,Commercial,24
r0039_c0032,40.7396296,-73.9886957,Mixed-Use,46
r0039_c0033,40.7396296,-73.9869113,Mixed-Use,13
r0039_c0034,40.7396296,-73.9851269,Mixed-Use,21
r0039_c0035,40.7396296,-73.9833425,Institutional,13
r0039_c0036,40.7396296,-73.9815581,Residential,40
r0039_c0037,40.7396296,-73.9797737,Mixed-Use,21
r0039_c0038,40.7396296,-73.9779893,Open Space,3
r0040_c0021,40.740981,-74.008324,Commercial,12
r0040_c0022,40.740981,-74.0065396,Commercial,20
r0040_c0023,40.740981,-74.0047552,Mixed-Use,22
r0040_c0024,40.740981,-74.0029708,Commercial,24
r0040_c0025,40.740981,-74.0011864,Mixed-Use,24
r0040_c0026,40.740981,-73.9994021,Mixed-Use,32
r0040_c0027,40.740981,-73.9976177,Mixed-Use,18
r0040_c0028,40.740981,-73.9958333,Commercial,23
r0040_c0029,40.740981,-73.9940489,Commercial,19
r0040_c0030,40.740981,-73.9922645,Commercial,36
r0040_c0031,40.740981,-73.9904801,Commercial,24
r0040_c0032,40.740981,-73.9886957,Mixed-Use,10
r0040_c0033,40.740981,-73.9869113,Commercial,8
r0040_c0034,40.740981,-73.9851269,Commercial,17
r0040_c0035,40.740981,-73.9833425,Institutional,21
r0040_c0036,40.740981,-73.9815581,Mixed-Use,37
r0040_c0037,40.740981,-73.9797737,Residential,28
r0040_c0038,40.740981,-73.9779893,Mixed-Use,6
r0040_c0039,40.740981,-73.9762049,Residential,15
r0041_c0021,40.7423323,-74.008324,Commercial,4
r0041_c0022,40.7423323,-74.0065396,Commercial,8
r0041_c0023,40.7423323,-74.0047552,Residential,3
r0041_c0024,40.7423323,-74.0029708,Institutional,31
r0041_c0025,40.7423323,-74.0011864,Residential,41
r0041_c0026,40.7423323,-73.9994021,Mixed-Use,52
r0041_c0027,40.7423323,-73.9976177,Mixed-Use,44
r0041_c0028,40.7423323,-73.9958333,Mixed-Use,31
r0041_c0029,40.7423323,-73.9940489,Mixed-Use,20
r0041_c0030,40.7423323,-73.9922645,Mixed-Use,13
r0041_c0031,40.7423323,-73.9904801,Commercial,18
r0041_c0032,40.7423323,-73.9886957,Open Space,3
r0041_c0033,40.7423323,-73.9869113,Commercial,3
r0041_c0034,40.7423323,-73.9851269,Commercial,10
r0041_c0035,40.7423323,-73.9833425,Commercial,44
r0041_c0036,40.7423323,-73.9815581,Mixed-Use,38
r0041_c0037,40.7423323,-73.9797737,Residential,43
r0041_c0038,40.7423323,-73.9779893,Mixed-Use,39
r0041_c0039,40.7423323,-73.9762049,Mixed-Use,4
r0041_c0040,40.7423323,-73.9744206,Institutional,3
r0042_c0022,40.7436837,-74.0065396,Mixed-Use,9
r0042_c0023,40.7436837,-74.0047552,Residential,6
r0042_c0024,40.7436837,-74.0029708,Mixed-Use,36
r0042_c0025,40.7436837,-74.0011864,Residential,55
r0042_c0026,40.7436837,-73.9994021,Residential,47
r0042_c0027,40.7436837,-73.9976177,Residential,51
r0042_c0028,40.7436837,-73.9958333,Mixed-Use,29
r0042_c0029,40.7436837,-73.9940489,Mixed-Use,25
r0042_c0030,40.7436837,-73.9922645,Mixed-Use,16
r0042_c0031,40.7436837,-73.9904801,Commercial,32
r0042_c0032,40.7436837,-73.9886957,Commercial,21
r0042_c0033,40.7436837,-73.9869113,Mixed-Use,17
r0042_c0034,40.7436837,-73.9851269,Commercial,15
r0042_c0035,40.7436837,-73.9833425,Mixed-Use,29
r0042_c0036,40.7436837,-73.9815581,Residential,60
r0042_c0037,40.7436837,-73.9797737,Mixed-Use,30
r0042_c0038,40.7436837,-73.9779893,Residential,67
r0042_c0039,40.7436837,-73.9762049,Mixed-Use,12
r0042_c0040,40.7436837,-73.9744206,Mixed-Use,22
r0042_c0041,40.7436837,-73.9726362,Institutional,3
r0043_c0022,40.745035,-74.0065396,Mixed-Use,14
r0043_c0023,40.745035,-74.0047552,Residential,35
r0043_c0024,40.745035,-74.0029708,Institutional,33
r0043_c0025,40.745035,-74.0011864,Residential,60
r0043_c0026,40.745035,-73.9994021,Residential,41
r0043_c0027,40.745035,-73.9976177,Residential,31
r0043_c0028,40.745035,-73.9958333,Mixed-Use,20
r0043_c0029,40.745035,-73.9940489,Commercial,31
r0043_c0030,40.745035,-73.9922645,Commercial,34
r0043_c0031,40.745035,-73.9904801,Commercial,27
r0043_c0032,40.745035,-73.9886957,Commercial,36
r0043_c0033,40.745035,-73.9869113,Commercial,24
r0043_c0034,40.745035,-73.9851269,Commercial,21
r0043_c0035,40.745035,-73.9833425,Commercial,26
r0043_c0036,40.745035,-73.9815581,Commercial,39
r0043_c0037,40.745035,-73.9797737,Mixed-Use,28
r0043_c0038,40.745035,-73.9779893,Mixed-Use,21
r0043_c0039,40.745035,-73.9762049,Residential,33
r0043_c0040,40.745035,-73.9744206,Open Space,16
r0043_c0041,40.745035,-73.9726362,Mixed-Use,3
r0043_c0042,40.745035,-73.9708518,Open Space,5
r0044_c0021,40.7463864,-74.008324,Mixed-Use,4
r0044_c0022,40.7463864,-74.0065396,Commercial,21
r0044_c0023,40.7463864,-74.0047552,Mixed-Use,31
r0044_c0024,40.7463864,-74.0029708,Residential,70
r0044_c0025,40.7463864,-74.0011864,Residential,23
r0044_c0026,40.7463864,-73.9994021,Residential,4
r0044_c0027,40.7463864,-73.9976177,Mixed-Use,23
r0044_c0028,40.7463864,-73.9958333,Residential,17
r0044_c0029,40.7463864,-73.9940489,Institutional,17
r0044_c0030,40.7463864,-73.9922645,Commercial,34
r0044_c0031,40.7463864,-73.9904801,Mixed-Use,49
r0044_c0032,40.7463864,-73.9886957,Commercial,22
r0044_c0033,40.7463864,-73.9869113,Commercial,27
r0044_c0034,40.7463864,-73.9851269,Commercial,25
r0044_c0035,40.7463864,-73.9833425,Commercial,21
r0044_c0036,40.7463864,-73.9815581,Commercial,4
r0044_c0037,40.7463864,-73.9797737,Mixed-Use,20
r0044_c0038,40.7463864,-73.9779893,Mixed-Use,38
r0044_c0039,40.7463864,-73.9762049,Mixed-Use,35
r0044_c0040,40.7463864,-73.9744206,Mixed-Use,13
r0044_c0041,40.7463864,-73.9726362,Mixed-Use,5
r0044_c0042,40.7463864,-73.9708518,Mixed-Use,4
r0045_c0022,40.7477377,-74.0065396,Mixed-Use,20
r0045_c0023,40.7477377,-74.0047552,Mixed-Use,32
r0045_c0024,40.7477377,-74.0029708,Residential,24
r0045_c0025,40.7477377,-74.0011864,Residential,20
r0045_c0026,40.7477377,-73.9994021,Residential,7
r0045_c0028,40.7477377,-73.9958333,Institutional,14
r0045_c0029,40.7477377,-73.9940489,Institutional,19
r0045_c0030,40.7477377,-73.9922645,Commercial,27
r0045_c0031,40.7477377,-73.9904801,Commercial,16
r0045_c0032,40.7477377,-73.9886957,Commercial,17
r0045_c0033,40.7477377,-73.9869113,Commercial,30
r0045_c0034,40.7477377,-73.9851269,Commercial,15
r0045_c0035,40.7477377,-73.9833425,Commercial,14
r0045_c0036,40.7477377,-73.9815581,Mixed-Use,21
r0045_c0037,40.7477377,-73.9797737,Residential,58
r0045_c0038,40.7477377,-73.9779893,Residential,57
r0045_c0039,40.7477377,-73.9762049,Residential,24
r0045_c0040,40.7477377,-73.9744206,Residential,21
r0045_c0041,40.7477377,-73.9726362,Mixed-Use,11
r0045_c0042,40.7477377,-73.9708518,Residential,3
r0045_c0043,40.7477377,-73.9690674,Mixed-Use,3
r0046_c0022,40.7490891,-74.0065396,Open Space,8
r0046_c0023,40.7490891,-74.0047552,Commercial,19
r0046_c0024,40.7490891,-74.0029708,Residential,23
r0046_c0025,40.7490891,-74.0011864,Residential,4
r0046_c0026,40.7490891,-73.9994021,Institutional,4
r0046_c0028,40.7490891,-73.9958333,Mixed-Use,32
r0046_c0029,40.7490891,-73.9940489,Commercial,30
r0046_c0030,40.7490891,-73.9922645,Commercial,11
r0046_c0031,40.7490891,-73.9904801,Commercial,13
r0046_c0032,40.7490891,-73.9886957,Commercial,5
r0046_c0033,40.7490891,-73.9869113,Commercial,18
r0046_c0034,40.7490891,-73.9851269,Commercial,13
r0046_c0035,40.7490891,-73.9833425,Commercial,18
r0046_c0036,40.7490891,-73.9815581,Mixed-Use,18
r0046_c0037,40.7490891,-73.9797737,Residential,30
r0046_c0038,40.7490891,-73.9779893,Residential,52
r0046_c0039,40.7490891,-73.9762049,Mixed-Use,32
r0046_c0040,40.7490891,-73.9744206,Commercial,13
r0046_c0041,40.7490891,-73.9726362,Residential,8
r0046_c0042,40.7490891,-73.9708518,Residential,14
r0046_c0043,40.7490891,-73.9690674,Open Space,3
r0047_c0022,40.7504404,-74.0065396,Mixed-Use,4
r0047_c0023,40.7504404,-74.0047552,Commercial,14
r0047_c0024,40.7504404,-74.0029708,Mixed-Use,23
r0047_c0027,40.7504404,-73.9976177,Residential,43
r0047_c0028,40.7504404,-73.9958333,Residential,21
r0047_c0029,40.7504404,-73.9940489,Mixed-Use,8
r0047_c0031,40.7504404,-73.9904801,Commercial,17
r0047_c0032,40.7504404,-73.9886957,Commercial,10
r0047_c0033,40.7504404,-73.9869113,Commercial,17
r0047_c0034,40.7504404,-73.9851269,Commercial,44
r0047_c0035,40.7504404,-73.9833425,Commercial,14
r0047_c0036,40.7504404,-73.9815581,Commercial,19
r0047_c0037,40.7504404,-73.9797737,Commercial,24
r0047_c0038,40.7504404,-73.9779893,Commercial,23
r0047_c0039,40.7504404,-73.9762049,Commercial,10
r0047_c0040,40.7504404,-73.9744206,Commercial,5
r0047_c0041,40.7504404,-73.9726362,Commercial,8
r0047_c0042,40.7504404,-73.9708518,Mixed-Use,15
r0047_c0043,40.7504404,-73.9690674,Commercial,9
r0048_c0023,40.7517918,-74.0047552,Commercial,5
r0048_c0024,40.7517918,-74.0029708,Residential,18
r0048_c0025,40.7517918,-74.0011864,Mixed-Use,4
r0048_c0026,40.7517918,-73.9994021,Institutional,8
r0048_c0027,40.7517918,-73.9976177,Commercial,3
r0048_c0028,40.7517918,-73.9958333,Commercial,3
r0048_c0029,40.7517918,-73.9940489,Mixed-Use,3
r0048_c0030,40.7517918,-73.9922645,Commercial,17
r0048_c0031,40.7517918,-73.9904801,Commercial,19
r0048_c0032,40.7517918,-73.9886957,Commercial,26
r0048_c0033,40.7517918,-73.9869113,Commercial,12
r0048_c0034,40.7517918,-73.9851269,Commercial,39
r0048_c0035,40.7517918,-73.9833425,Commercial,22
r0048_c0036,40.7517918,-73.9815581,Commercial,17
r0048_c0037,40.7517918,-73.9797737,Commercial,18
r0048_c0038,40.7517918,-73.9779893,Commercial,4
r0048_c0039,40.7517918,-73.9762049,Commercial,5
r0048_c0040,40.7517918,-73.9744206,Commercial,16
r0048_c0041,40.7517918,-73.9726362,Commercial,15
r0048_c0042,40.7517918,-73.9708518,Mixed-Use,25
r0048_c0043,40.7517918,-73.9690674,Mixed-Use,15
r0049_c0024,40.7531431,-74.0029708,Mixed-Use,3
r0049_c0027,40.7531431,-73.9976177,Commercial,14
r0049_c0028,40.7531431,-73.9958333,Commercial,8
r0049_c0029,40.7531431,-73.9940489,Commercial,19
r0049_c0030,40.7531431,-73.9922645,Commercial,16
r0049_c0031,40.7531431,-73.9904801,Commercial,20
r0049_c0032,40.7531431,-73.9886957,Commercial,10
r0049_c0033,40.7531431,-73.9869113,Commercial,11
r0049_c0034,40.7531431,-73.9851269,Commercial,16
r0049_c0035,40.7531431,-73.9833425,Open Space,9
r0049_c0036,40.7531431,-73.9815581,Institutional,4
r0049_c0037,40.7531431,-73.9797737,Commercial,10
r0049_c0038,40.7531431,-73.9779893,Mixed-Use,3
r0049_c0039,40.7531431,-73.9762049,Mixed-Use,4
r0049_c0040,40.7531431,-73.9744206,Commercial,20
r0049_c0041,40.7531431,-73.9726362,Commercial,15
r0049_c0042,40.7531431,-73.9708518,Mixed-Use,19
r0049_c0043,40.7531431,-73.9690674,Mixed-Use,17
r0049_c0044,40.7531431,-73.967283,Residential,13
r0049_c0045,40.7531431,-73.9654986,Commercial,26
r0049_c0046,40.7531431,-73.9637142,Mixed-Use,15
r0050_c0025,40.7544945,-74.0011864,Mixed-Use,3
r0050_c0026,40.7544945,-73.9994021,Commercial,5
r0050_c0027,40.7544945,-73.9976177,Mixed-Use,15
r0050_c0028,40.7544945,-73.9958333,Mixed-Use,11
r0050_c0029,40.7544945,-73.9940489,Residential,28
r0050_c0030,40.7544945,-73.9922645,Commercial,17
r0050_c0031,40.7544945,-73.9904801,Commercial,26
r0050_c0032,40.7544945,-73.9886957,Commercial,16
r0050_c0033,40.7544945,-73.9869113,Commercial,13
r0050_c0034,40.7544945,-73.9851269,Commercial,7
r0050_c0036,40.7544945,-73.9815581,Commercial,12
r0050_c0037,40.7544945,-73.9797737,Commercial,17
r0050_c0038,40.7544945,-73.9779893,Commercial,9
r0050_c0039,40.7544945,-73.9762049,Commercial,3
r0050_c0041,40.7544945,-73.9726362,Commercial,16
r0050_c0042,40.7544945,-73.9708518,Commercial,42
r0050_c0043,40.7544945,-73.9690674,Mixed-Use,40
r0050_c0044,40.7544945,-73.967283,Residential,52
r0050_c0045,40.7544945,-73.9654986,Residential,32
r0050_c0046,40.7544945,-73.9637142,Residential,16
r0051_c0025,40.7558458,-74.0011864,Commercial,4
r0051_c0026,40.7558458,-73.9994021,Commercial,7
r0051_c0027,40.7558458,-73.9976177,Mixed-Use,29
r0051_c0028,40.7558458,-73.9958333,Mixed-Use,15
r0051_c0029,40.7558458,-73.9940489,Commercial,33
r0051_c0030,40.7558458,-73.9922645,Commercial,31
r0051_c0031,40.7558458,-73.9904801,Commercial,15
r0051_c0032,40.7558458,-73.9886957,Commercial,15
r0051_c0033,40.7558458,-73.9869113,Commercial,4
r0051_c0034,40.7558458,-73.9851269,Commercial,9
r0051_c0035,40.7558458,-73.9833425,Commercial,5
r0051_c0036,40.7558458,-73.9815581,Commercial,22
r0051_c0037,40.7558458,-73.9797737,Commercial,30
r0051_c0038,40.7558458,-73.9779893,Commercial,20
r0051_c0039,40.7558458,-73.9762049,Commercial,4
r0051_c0040,40.7558458,-73.9744206,Commercial,3
r0051_c0041,40.7558458,-73.9726362,Commercial,12
r0051_c0042,40.7558458,-73.9708518,Commercial,19
r0051_c0043,40.7558458,-73.9690674,Residential,45
r0051_c0044,40.7558458,-73.967283,Mixed-Use,51
r0051_c0045,40.7558458,-73.9654986,Residential,38
r0051_c0046,40.7558458,-73.9637142,Mixed-Use,9
r0051_c0047,40.7558458,-73.9619298,Residential,4
r0051_c0048,40.7558458,-73.9601454,Residential,4
r0051_c0051,40.7558458,-73.9547922,Residential,3
r0052_c0026,40.7571972,-73.9994021,Mixed-Use,19
r0052_c0027,40.7571972,-73.9976177,Residential,5
r0052_c0028,40.7571972,-73.9958333,Mixed-Use,7
r0052_c0029,40.7571972,-73.9940489,Mixed-Use,31
r0052_c0030,40.7571972,-73.9922645,Mixed-Use,10
r0052_c0031,40.7571972,-73.9904801,Commercial,3
r0052_c0032,40.7571972,-73.9886957,Commercial,8
r0052_c0033,40.7571972,-73.9869113,Commercial,7
r0052_c0034,40.7571972,-73.9851269,Commercial,14
r0052_c0035,40.7571972,-73.9833425,Commercial,15
r0052_c0036,40.7571972,-73.9815581,Commercial,19
r0052_c0037,40.7571972,-73.9797737,Commercial,41
r0052_c0038,40.7571972,-73.9779893,Commercial,22
r0052_c0039,40.7571972,-73.9762049,Commercial,18
r0052_c0040,40.7571972,-73.9744206,Commercial,4
r0052_c0041,40.7571972,-73.9726362,Commercial,5
r0052_c0042,40.7571972,-73.9708518,Commercial,9
r0052_c0043,40.7571972,-73.9690674,Commercial,23
r0052_c0044,40.7571972,-73.967283,Residential,36
r0052_c0045,40.7571972,-73.9654986,Residential,39
r0052_c0046,40.7571972,-73.9637142,Residential,13
r0052_c0047,40.7571972,-73.9619298,Residential,14
r0052_c0048,40.7571972,-73.9601454,Residential,25
r0053_c0026,40.7585485,-73.9994021,Mixed-Use,6
r0053_c0027,40.7585485,-73.9976177,Mixed-Use,5
r0053_c0028,40.7585485,-73.9958333,Mixed-Use,8
r0053_c0029,40.7585485,-73.9940489,Mixed-Use,9
r0053_c0030,40.7585485,-73.9922645,Mixed-Use,17
r0053_c0031,40.7585485,-73.9904801,Mixed-Use,27
r0053_c0032,40.7585485,-73.9886957,Commercial,15
r0053_c0033,40.7585485,-73.9869113,Commercial,9
r0053_c0034,40.7585485,-73.9851269,Commercial,10
r0053_c0035,40.7585485,-73.9833425,Commercial,21
r0053_c0036,40.7585485,-73.9815581,Commercial,9
r0053_c0037,40.7585485,-73.9797737,Commercial,6
r0053_c0038,40.7585485,-73.9779893,Commercial,4
r0053_c0039,40.7585485,-73.9762049,Institutional,7
r0053_c0040,40.7585485,-73.9744206,Commercial,13
r0053_c0042,40.7585485,-73.9708518,Commercial,4
r0053_c0043,40.7585485,-73.9690674,Commercial,11
r0053_c0044,40.7585485,-73.967283,Commercial,9
r0053_c0045,40.7585485,-73.9654986,Mixed-Use,21
r0053_c0046,40.7585485,-73.9637142,Residential,21
r0053_c0047,40.7585485,-73.9619298,Residential,30
r0053_c0048,40.7585485,-73.9601454,Residential,19
r0053_c0049,40.7585485,-73.958361,Mixed-Use,8
r0053_c0053,40.7585485,-73.9512235,Residential,3
r0054_c0024,40.7598999,-74.0029708,Mixed-Use,3
r0054_c0026,40.7598999,-73.9994021,Mixed-Use,3
r0054_c0027,40.7598999,-73.9976177,Mixed-Use,7
r0054_c0028,40.7598999,-73.9958333,Mixed-Use,9
r0054_c0029,40.7598999,-73.9940489,Mixed-Use,32
r0054_c0030,40.7598999,-73.9922645,Residential,50
r0054_c0031,40.7598999,-73.9904801,Mixed-Use,41
r0054_c0032,40.7598999,-73.9886957,Mixed-Use,36
r0054_c0033,40.7598999,-73.9869113,Commercial,19
r0054_c0034,40.7598999,-73.9851269,Commercial,9
r0054_c0035,40.7598999,-73.9833425,Commercial,21
r0054_c0036,40.7598999,-73.9815581,Commercial,3
r0054_c0038,40.7598999,-73.9779893,Commercial,9
r0054_c0039,40.7598999,-73.9762049,Commercial,15
r0054_c0040,40.7598999,-73.9744206,Commercial,17
r0054_c0041,40.7598999,-73.9726362,Commercial,13
r0054_c0042,40.7598999,-73.9708518,Commercial,24
r0054_c0043,40.7598999,-73.9690674,Mixed-Use,28
r0054_c0044,40.7598999,-73.967283,Residential,12
r0054_c0045,40.7598999,-73.9654986,Mixed-Use,33
r0054_c0046,40.7598999,-73.9637142,Mixed-Use,32
r0054_c0047,40.7598999,-73.9619298,Mixed-Use,13
r0054_c0048,40.7598999,-73.9601454,Mixed-Use,9
r0054_c0049,40.7598999,-73.958361,Mixed-Use,6
r0054_c0053,40.7598999,-73.9512235,Residential,3
r0055_c0026,40.7612512,-73.9994021,Mixed-Use,4
r0055_c0027,40.7612512,-73.9976177,Residential,7
r0055_c0028,40.7612512,-73.9958333,Mixed-Use,16
r0055_c0029,40.7612512,-73.9940489,Residential,31
r0055_c0030,40.7612512,-73.9922645,Residential,51
r0055_c0031,40.7612512,-73.9904801,Mixed-Use,62
r0055_c0032,40.7612512,-73.9886957,Residential,46
r0055_c0033,40.7612512,-73.9869113,Mixed-Use,27
r0055_c0034,40.7612512,-73.9851269,Commercial,20
r0055_c0035,40.7612512,-73.9833425,Commercial,6
r0055_c0038,40.7612512,-73.9779893,Commercial,10
r0055_c0039,40.7612512,-73.9762049,Institutional,11
r0055_c0040,40.7612512,-73.9744206,Commercial,17
r0055_c0041,40.7612512,-73.9726362,Commercial,14
r0055_c0042,40.7612512,-73.9708518,Commercial,12
r0055_c0043,40.7612512,-73.9690674,Commercial,26
r0055_c0044,40.7612512,-73.967283,Mixed-Use,9
r0055_c0045,40.7612512,-73.9654986,Mixed-Use,45
r0055_c0046,40.7612512,-73.9637142,Mixed-Use,25
r0055_c0047,40.7612512,-73.9619298,Mixed-Use,39
r0055_c0048,40.7612512,-73.9601454,Mixed-Use,27
r0055_c0049,40.7612512,-73.958361,Mixed-Use,4
r0055_c0051,40.7612512,-73.9547922,Mixed-Use,3
r0056_c0027,40.7626026,-73.9976177,Mixed-Use,7
r0056_c0028,40.7626026,-73.9958333,Mixed-Use,18
r0056_c0029,40.7626026,-73.9940489,Mixed-Use,34
r0056_c0030,40.7626026,-73.9922645,Residential,43
r0056_c0031,40.7626026,-73.9904801,Residential,55
r0056_c0032,40.7626026,-73.9886957,Mixed-Use,31
r0056_c0033,40.7626026,-73.9869113,Commercial,13
r0056_c0034,40.7626026,-73.9851269,Commercial,16
r0056_c0035,40.7626026,-73.9833425,Commercial,8
r0056_c0036,40.7626026,-73.9815581,Commercial,6
r0056_c0037,40.7626026,-73.9797737,Commercial,3
r0056_c0038,40.7626026,-73.9779893,Commercial,21
r0056_c0039,40.7626026,-73.9762049,Mixed-Use,44
r0056_c0040,40.7626026,-73.9744206,Mixed-Use,12
r0056_c0041,40.7626026,-73.9726362,Commercial,19
r0056_c0042,40.7626026,-73.9708518,Mixed-Use,9
r0056_c0043,40.7626026,-73.9690674,Commercial,15
r0056_c0044,40.7626026,-73.967283,Commercial,19
r0056_c0045,40.7626026,-73.9654986,Mixed-Use,43
r0056_c0046,40.7626026,-73.9637142,Residential,62
r0056_c0047,40.7626026,-73.9619298,Residential,22
r0056_c0048,40.7626026,-73.9601454,Mixed-Use,19
r0056_c0049,40.7626026,-73.958361,Residential,16
r0056_c0050,40.7626026,-73.9565766,Institutional,6
r0056_c0051,40.7626026,-73.9547922,Mixed-Use,5
r0057_c0027,40.763954,-73.9976177,Mixed-Use,15
r0057_c0028,40.763954,-73.9958333,Commercial,14
r0057_c0029,40.763954,-73.9940489,Residential,28
r0057_c0030,40.763954,-73.9922645,Mixed-Use,43
r0057_c0031,40.763954,-73.9904801,Institutional,33
r0057_c0032,40.763954,-73.9886957,Mixed-Use,48
r0057_c0033,40.763954,-73.9869113,Mixed-Use,41
r0057_c0034,40.763954,-73.9851269,Mixed-Use,11
r0057_c0035,40.763954,-73.9833425,Commercial,16
r0057_c0036,40.763954,-73.9815581,Commercial,12
r0057_c0037,40.763954,-73.9797737,Commercial,14
r0057_c0038,40.763954,-73.9779893,Mixed-Use,11
r0057_c0039,40.763954,-73.9762049,Commercial,23
r0057_c0040,40.763954,-73.9744206,Commercial,8
r0057_c0041,40.763954,-73.9726362,Commercial,5
r0057_c0042,40.763954,-73.9708518,Commercial,20
r0057_c0043,40.763954,-73.9690674,Mixed-Use,27
r0057_c0044,40.763954,-73.967283,Mixed-Use,71
r0057_c0045,40.763954,-73.9654986,Residential,37
r0057_c0046,40.763954,-73.9637142,Mixed-Use,18
r0057_c0047,40.763954,-73.9619298,Mixed-Use,11
r0057_c0048,40.763954,-73.9601454,Residential,38
r0057_c0049,40.763954,-73.958361,Mixed-Use,15
r0057_c0050,40.763954,-73.9565766,Institutional,3
r0057_c0052,40.763954,-73.9530078,Mixed-Use,3
r0058_c0028,40.7653053,-73.9958333,Industrial,6
r0058_c0029,40.7653053,-73.9940489,Residential,28
r0058_c0030,40.7653053,-73.9922645,Institutional,9
r0058_c0031,40.7653053,-73.9904801,Institutional,38
r0058_c0032,40.7653053,-73.9886957,Residential,23
r0058_c0033,40.7653053,-73.9869113,Mixed-Use,35
r0058_c0034,40.7653053,-73.9851269,Residential,18
r0058_c0035,40.7653053,-73.9833425,Commercial,30
r0058_c0036,40.7653053,-73.9815581,Commercial,6
r0058_c0037,40.7653053,-73.9797737,Commercial,11
r0058_c0038,40.7653053,-73.9779893,Mixed-Use,24
r0058_c0039,40.7653053,-73.9762049,Mixed-Use,8
r0058_c0040,40.7653053,-73.9744206,Residential,3
r0058_c0042,40.7653053,-73.9708518,Residential,25
r0058_c0043,40.7653053,-73.9690674,Residential,31
r0058_c0044,40.7653053,-73.967283,Residential,36
r0058_c0045,40.7653053,-73.9654986,Residential,68
r0058_c0046,40.7653053,-73.9637142,Mixed-Use,18
r0058_c0047,40.7653053,-73.9619298,Mixed-Use,4
r0058_c0048,40.7653053,-73.9601454,Institutional,6
r0058_c0049,40.7653053,-73.958361,Mixed-Use,19
r0058_c0050,40.7653053,-73.9565766,Institutional,11
r0058_c0051,40.7653053,-73.9547922,Institutional,3
r0058_c0052,40.7653053,-73.9530078,Institutional,5
r0058_c0053,40.7653053,-73.9512235,Residential,12
r0059_c0028,40.7666567,-73.9958333,Mixed-Use,11
r0059_c0029,40.7666567,-73.9940489,Commercial,16
r0059_c0030,40.7666567,-73.9922645,Residential,5
r0059_c0031,40.7666567,-73.9904801,Mixed-Use,7
r0059_c0032,40.7666567,-73.9886957,Residential,34
r0059_c0033,40.7666567,-73.9869113,Residential,25
r0059_c0034,40.7666567,-73.9851269,Mixed-Use,17
r0059_c0035,40.7666567,-73.9833425,Commercial,8
r0059_c0036,40.7666567,-73.9815581,Mixed-Use,6
r0059_c0037,40.7666567,-73.9797737,Residential,11
r0059_c0042,40.7666567,-73.9708518,Residential,31
r0059_c0043,40.7666567,-73.9690674,Residential,48
r0059_c0044,40.7666567,-73.967283,Residential,36
r0059_c0045,40.7666567,-73.9654986,Institutional,31
r0059_c0046,40.7666567,-73.9637142,Residential,20
r0059_c0047,40.7666567,-73.9619298,Mixed-Use,25
r0059_c0048,40.7666567,-73.9601454,Mixed-Use,18
r0059_c0049,40.7666567,-73.958361,Residential,37
r0059_c0050,40.7666567,-73.9565766,Mixed-Use,22
r0059_c0051,40.7666567,-73.9547922,Mixed-Use,16
r0059_c0052,40.7666567,-73.9530078,Commercial,9
r0059_c0053,40.7666567,-73.9512235,Institutional,14
r0060_c0028,40.768008,-73.9958333,Mixed-Use,7
r0060_c0030,40.768008,-73.9922645,Mixed-Use,4
r0060_c0031,40.768008,-73.9904801,Residential,7
r0060_c0032,40.768008,-73.9886957,Mixed-Use,21
r0060_c0033,40.768008,-73.9869113,Residential,21
r0060_c0034,40.768008,-73.9851269,Mixed-Use,11
r0060_c0035,40.768008,-73.9833425,Mixed-Use,7
r0060_c0043,40.768008,-73.9690674,Mixed-Use,36
r0060_c0044,40.768008,-73.967283,Residential,46
r0060_c0045,40.768008,-73.9654986,Institutional,8
r0060_c0046,40.768008,-73.9637142,Residential,10
r0060_c0047,40.768008,-73.9619298,Mixed-Use,18
r0060_c0048,40.768008,-73.9601454,Mixed-Use,28
r0060_c0049,40.768008,-73.958361,Residential,28
r0060_c0050,40.768008,-73.9565766,Residential,18
r0060_c0051,40.768008,-73.9547922,Residential,41
r0060_c0052,40.768008,-73.9530078,Residential,30
r0060_c0053,40.768008,-73.9512235,Mixed-Use,9
r0060_c0054,40.768008,-73.9494391,Institutional,3
r0061_c0029,40.7693594,-73.9940489,Commercial,5
r0061_c0030,40.7693594,-73.9922645,Commercial,7
r0061_c0031,40.7693594,-73.9904801,Commercial,3
r0061_c0032,40.7693594,-73.9886957,Commercial,25
r0061_c0033,40.7693594,-73.9869113,Institutional,13
r0061_c0034,40.7693594,-73.9851269,Institutional,5
r0061_c0035,40.7693594,-73.9833425,Residential,9
r0061_c0043,40.7693594,-73.9690674,Residential,17
r0061_c0044,40.7693594,-73.967283,Mixed-Use,50
r0061_c0045,40.7693594,-73.9654986,Residential,30
r0061_c0046,40.7693594,-73.9637142,Residential,58
r0061_c0047,40.7693594,-73.9619298,Residential,50
r0061_c0048,40.7693594,-73.9601454,Residential,28
r0061_c0049,40.7693594,-73.958361,Mixed-Use,23
r0061_c0050,40.7693594,-73.9565766,Residential,31
r0061_c0051,40.7693594,-73.9547922,Mixed-Use,30
r0061_c0052,40.7693594,-73.9530078,Residential,45
r0061_c0053,40.7693594,-73.9512235,Residential,14
r0061_c0055,40.7693594,-73.9476547,Residential,3
r0062_c0030,40.7707107,-73.9922645,Mixed-Use,4
r0062_c0031,40.7707107,-73.9904801,Institutional,3
r0062_c0032,40.7707107,-73.9886957,Institutional,4
r0062_c0033,40.7707107,-73.9869113,Institutional,5
r0062_c0034,40.7707107,-73.9851269,Institutional,3
r0062_c0035,40.7707107,-73.9833425,Mixed-Use,7
r0062_c0036,40.7707107,-73.9815581,Mixed-Use,5
r0062_c0044,40.7707107,-73.967283,Residential,20
r0062_c0045,40.7707107,-73.9654986,Residential,24
r0062_c0046,40.7707107,-73.9637142,Residential,22
r0062_c0047,40.7707107,-73.9619298,Residential,37
r0062_c0048,40.7707107,-73.9601454,Residential,32
r0062_c0049,40.7707107,-73.958361,Residential,43
r0062_c0050,40.7707107,-73.9565766,Mixed-Use,25
r0062_c0051,40.7707107,-73.9547922,Residential,36
r0062_c0052,40.7707107,-73.9530078,Residential,46
r0062_c0053,40.7707107,-73.9512235,Mixed-Use,29
r0062_c0054,40.7707107,-73.9494391,Residential,15
r0062_c0055,40.7707107,-73.9476547,Residential,5
r0063_c0030,40.7720621,-73.9922645,Mixed-Use,3
r0063_c0031,40.7720621,-73.9904801,Mixed-Use,3
r0063_c0032,40.7720621,-73.9886957,Mixed-Use,8
r0063_c0033,40.7720621,-73.9869113,Institutional,4
r0063_c0035,40.7720621,-73.9833425,Commercial,3
r0063_c0036,40.7720621,-73.9815581,Mixed-Use,13
r0063_c0037,40.7720621,-73.9797737,Residential,14
r0063_c0044,40.7720621,-73.967283,Residential,7
r0063_c0045,40.7720621,-73.9654986,Residential,38
r0063_c0046,40.7720621,-73.9637142,Residential,31
r0063_c0047,40.7720621,-73.9619298,Residential,37
r0063_c0048,40.7720621,-73.9601454,Mixed-Use,39
r0063_c0049,40.7720621,-73.958361,Institutional,30
r0063_c0050,40.7720621,-73.9565766,Mixed-Use,39
r0063_c0051,40.7720621,-73.9547922,Residential,53
r0063_c0052,40.7720621,-73.9530078,Residential,27
r0063_c0053,40.7720621,-73.9512235,Residential,16
r0063_c0054,40.7720621,-73.9494391,Mixed-Use,22
r0063_c0055,40.7720621,-73.9476547,Residential,27
r0063_c0056,40.7720621,-73.9458703,Residential,8
r0064_c0030,40.7734134,-73.9922645,Mixed-Use,3
r0064_c0031,40.7734134,-73.9904801,Mixed-Use,7
r0064_c0033,40.7734134,-73.9869113,Residential,5
r0064_c0036,40.7734134,-73.9815581,Commercial,9
r0064_c0037,40.7734134,-73.9797737,Commercial,13
r0064_c0038,40.7734134,-73.9779893,Residential,11
r0064_c0045,40.7734134,-73.9654986,Residential,38
r0064_c0046,40.7734134,-73.9637142,Residential,42
r0064_c0047,40.7734134,-73.9619298,Residential,17
r0064_c0048,40.7734134,-73.9601454,Institutional,15
r0064_c0049,40.7734134,-73.958361,Residential,26
r0064_c0050,40.7734134,-73.9565766,Residential,42
r0064_c0051,40.7734134,-73.9547922,Residential,16
r0064_c0052,40.7734134,-73.9530078,Residential,20
r0064_c0053,40.7734134,-73.9512235,Residential,29
r0064_c0054,40.7734134,-73.9494391,Residential,27
r0064_c0055,40.7734134,-73.9476547,Residential,50
r0064_c0056,40.7734134,-73.9458703,Residential,15
r0065_c0030,40.7747648,-73.9922645,Open Space,3
r0065_c0031,40.7747648,-73.9904801,Mixed-Use,5
r0065_c0032,40.7747648,-73.9886957,Mixed-Use,7
r0065_c0033,40.7747648,-73.9869113,Mixed-Use,5
r0065_c0034,40.7747648,-73.9851269,Institutional,4
r0065_c0035,40.7747648,-73.9833425,Mixed-Use,11
r0065_c0036,40.7747648,-73.9815581,Mixed-Use,9
r0065_c0037,40.7747648,-73.9797737,Residential,57
r0065_c0038,40.7747648,-73.9779893,Residential,44
r0065_c0045,40.7747648,-73.9654986,Residential,11
r0065_c0046,40.7747648,-73.9637142,Residential,38
r0065_c0047,40.7747648,-73.9619298,Residential,23
r0065_c0048,40.7747648,-73.9601454,Residential,32
r0065_c0049,40.7747648,-73.958361,Residential,34
r0065_c0050,40.7747648,-73.9565766,Residential,23
r0065_c0051,40.7747648,-73.9547922,Mixed-Use,50
r0065_c0052,40.7747648,-73.9530078,Residential,57
r0065_c0053,40.7747648,-73.9512235,Mixed-Use,39
r0065_c0054,40.7747648,-73.9494391,Residential,64
r0065_c0055,40.7747648,-73.9476547,Residential,47
r0065_c0056,40.7747648,-73.9458703,Residential,25
r0065_c0057,40.7747648,-73.9440859,Open Space,10
r0066_c0032,40.7761161,-73.9886957,Mixed-Use,5
r0066_c0034,40.7761161,-73.9851269,Mixed-Use,3
r0066_c0035,40.7761161,-73.9833425,Mixed-Use,8
r0066_c0036,40.7761161,-73.9815581,Residential,36
r0066_c0037,40.7761161,-73.9797737,Residential,50
r0066_c0038,40.7761161,-73.9779893,Residential,70
r0066_c0046,40.7761161,-73.9637142,Residential,41
r0066_c0047,40.7761161,-73.9619298,Residential,39
r0066_c0048,40.7761161,-73.9601454,Residential,24
r0066_c0049,40.7761161,-73.958361,Residential,41
r0066_c0050,40.7761161,-73.9565766,Residential,44
r0066_c0051,40.7761161,-73.9547922,Residential,53
r0066_c0052,40.7761161,-73.9530078,Residential,44
r0066_c0053,40.7761161,-73.9512235,Residential,52
r0066_c0054,40.7761161,-73.9494391,Residential,23
r0066_c0055,40.7761161,-73.9476547,Residential,26
r0066_c0056,40.7761161,-73.9458703,Residential,48
r0066_c0057,40.7761161,-73.9440859,Residential,21
r0067_c0032,40.7774675,-73.9886957,Mixed-Use,5
r0067_c0034,40.7774675,-73.9851269,Mixed-Use,3
r0067_c0035,40.7774675,-73.9833425,Mixed-Use,17
r0067_c0036,40.7774675,-73.9815581,Residential,19
r0067_c0037,40.7774675,-73.9797737,Mixed-Use,45
r0067_c0038,40.7774675,-73.9779893,Mixed-Use,37
r0067_c0039,40.7774675,-73.9762049,Residential,29
r0067_c0046,40.7774675,-73.9637142,Residential,6
r0067_c0047,40.7774675,-73.9619298,Residential,48
r0067_c0048,40.7774675,-73.9601454,Residential,36
r0067_c0049,40.7774675,-73.958361,Residential,32
r0067_c0050,40.7774675,-73.9565766,Residential,36
r0067_c0051,40.7774675,-73.9547922,Mixed-Use,34
r0067_c0052,40.7774675,-73.9530078,Mixed-Use,36
r0067_c0053,40.7774675,-73.9512235,Mixed-Use,28
r0067_c0054,40.7774675,-73.9494391,Mixed-Use,34
r0067_c0055,40.7774675,-73.9476547,Residential,50
r0067_c0056,40.7774675,-73.9458703,Mixed-Use,28
r0067_c0057,40.7774675,-73.9440859,Residential,18
r0068_c0033,40.7788188,-73.9869113,Mixed-Use,15
r0068_c0034,40.7788188,-73.9851269,Residential,36
r0068_c0035,40.7788188,-73.9833425,Mixed-Use,52
r0068_c0036,40.7788188,-73.9815581,Mixed-Use,15
r0068_c0037,40.7788188,-73.9797737,Residential,60
r0068_c0038,40.7788188,-73.9779893,Residential,45
r0068_c0039,40.7788188,-73.9762049,Residential,79
r0068_c0040,40.7788188,-73.9744206,Institutional,15
r0068_c0047,40.7788188,-73.9619298,Residential,28
r0068_c0048,40.7788188,-73.9601454,Residential,33
r0068_c0049,40.7788188,-73.958361,Residential,12
r0068_c0050,40.7788188,-73.9565766,Residential,29
r0068_c0051,40.7788188,-73.9547922,Mixed-Use,19
r0068_c0052,40.7788188,-73.9530078,Mixed-Use,20
r0068_c0053,40.7788188,-73.9512235,Residential,21
r0068_c0054,40.7788188,-73.9494391,Residential,42
r0068_c0055,40.7788188,-73.9476547,Mixed-Use,24
r0068_c0056,40.7788188,-73.9458703,Residential,19
r0069_c0032,40.7801702,-73.9886957,Open Space,3
r0069_c0033,40.7801702,-73.9869113,Mixed-Use,16
r0069_c0034,40.7801702,-73.9851269,Residential,32
r0069_c0035,40.7801702,-73.9833425,Residential,45
r0069_c0036,40.7801702,-73.9815581,Mixed-Use,10
r0069_c0037,40.7801702,-73.9797737,Residential,54
r0069_c0038,40.7801702,-73.9779893,Institutional,53
r0069_c0039,40.7801702,-73.9762049,Residential,29
r0069_c0040,40.7801702,-73.9744206,Residential,5
r0069_c0047,40.7801702,-73.9619298,Institutional,4
r0069_c0048,40.7801702,-73.9601454,Residential,23
r0069_c0049,40.7801702,-73.958361,Residential,12
r0069_c0050,40.7801702,-73.9565766,Mixed-Use,15
r0069_c0051,40.7801702,-73.9547922,Mixed-Use,23
r0069_c0052,40.7801702,-73.9530078,Mixed-Use,35
r0069_c0053,40.7801702,-73.9512235,Residential,53
r0069_c0054,40.7801702,-73.9494391,Residential,47
r0069_c0055,40.7801702,-73.9476547,Residential,37
r0069_c0056,40.7801702,-73.9458703,Mixed-Use,20
r0070_c0034,40.7815215,-73.9851269,Residential,13
r0070_c0035,40.7815215,-73.9833425,Residential,21
r0070_c0036,40.7815215,-73.9815581,Mixed-Use,22
r0070_c0037,40.7815215,-73.9797737,Mixed-Use,21
r0070_c0038,40.7815215,-73.9779893,Residential,44
r0070_c0039,40.7815215,-73.9762049,Residential,40
r0070_c0048,40.7815215,-73.9601454,Residential,10
r0070_c0049,40.7815215,-73.958361,Residential,14
r0070_c0050,40.7815215,-73.9565766,Residential,12
r0070_c0051,40.7815215,-73.9547922,Residential,28
r0070_c0052,40.7815215,-73.9530078,Residential,40
r0070_c0053,40.7815215,-73.9512235,Residential,6
r0070_c0054,40.7815215,-73.9494391,Mixed-Use,15
r0070_c0055,40.7815215,-73.9476547,Residential,56
r0070_c0056,40.7815215,-73.9458703,Residential,8
r0071_c0034,40.7828729,-73.9851269,Open Space,7
r0071_c0035,40.7828729,-73.9833425,Residential,70
r0071_c0036,40.7828729,-73.9815581,Residential,28
r0071_c0037,40.7828729,-73.9797737,Mixed-Use,32
r0071_c0038,40.7828729,-73.9779893,Residential,23
r0071_c0039,40.7828729,-73.9762049,Residential,60
r0071_c0040,40.7828729,-73.9744206,Residential,16
r0071_c0041,40.7828729,-73.9726362,Residential,30
r0071_c0042,40.7828729,-73.9708518,Residential,8
r0071_c0049,40.7828729,-73.958361,Residential,18
r0071_c0050,40.7828729,-73.9565766,Residential,20
r0071_c0051,40.7828729,-73.9547922,Residential,30
r0071_c0052,40.7828729,-73.9530078,Residential,42
r0071_c0053,40.7828729,-73.9512235,Mixed-Use,29
r0071_c0054,40.7828729,-73.9494391,Mixed-Use,7
r0071_c0055,40.7828729,-73.9476547,Mixed-Use,33
r0071_c0056,40.7828729,-73.9458703,Mixed-Use,22
r0072_c0035,40.7842242,-73.9833425,Residential,17
r0072_c0036,40.7842242,-73.9815581,Residential,26
r0072_c0037,40.7842242,-73.9797737,Mixed-Use,18
r0072_c0038,40.7842242,-73.9779893,Mixed-Use,43
r0072_c0039,40.7842242,-73.9762049,Residential,56
r0072_c0040,40.7842242,-73.9744206,Mixed-Use,36
r0072_c0041,40.7842242,-73.9726362,Residential,67
r0072_c0042,40.7842242,-73.9708518,Residential,29
r0072_c0049,40.7842242,-73.958361,Institutional,5
r0072_c0050,40.7842242,-73.9565766,Mixed-Use,35
r0072_c0051,40.7842242,-73.9547922,Residential,30
r0072_c0052,40.7842242,-73.9530078,Residential,31
r0072_c0053,40.7842242,-73.9512235,Residential,52
r0072_c0054,40.7842242,-73.9494391,Mixed-Use,17
r0072_c0055,40.7842242,-73.9476547,Mixed-Use,22
r0072_c0056,40.7842242,-73.9458703,Institutional,3
r0072_c0058,40.7842242,-73.9423015,Mixed-Use,3
r0073_c0036,40.7855756,-73.9815581,Residential,40
r0073_c0037,40.7855756,-73.9797737,Residential,12
r0073_c0038,40.7855756,-73.9779893,Mixed-Use,24
r0073_c0039,40.7855756,-73.9762049,Mixed-Use,46
r0073_c0040,40.7855756,-73.9744206,Institutional,13
r0073_c0041,40.7855756,-73.9726362,Mixed-Use,37
r0073_c0042,40.7855756,-73.9708518,Residential,50
r0073_c0043,40.7855756,-73.9690674,Residential,11
r0073_c0050,40.7855756,-73.9565766,Residential,52
r0073_c0051,40.7855756,-73.9547922,Institutional,27
r0073_c0052,40.7855756,-73.9530078,Residential,31
r0073_c0053,40.7855756,-73.9512235,Mixed-Use,35
r0073_c0054,40.7855756,-73.9494391,Residential,7
r0073_c0055,40.7855756,-73.9476547,Residential,5
r0073_c0057,40.7855756,-73.9440859,Institutional,9
r0073_c0059,40.7855756,-73.9405171,Mixed-Use,3
r0074_c0036,40.7869269,-73.9815581,Residential,9
r0074_c0037,40.7869269,-73.9797737,Residential,34
r0074_c0038,40.7869269,-73.9779893,Commercial,13
r0074_c0039,40.7869269,-73.9762049,Mixed-Use,25
r0074_c0040,40.7869269,-73.9744206,Residential,40
r0074_c0041,40.7869269,-73.9726362,Residential,51
r0074_c0042,40.7869269,-73.9708518,Residential,68
r0074_c0043,40.7869269,-73.9690674,Residential,48
r0074_c0050,40.7869269,-73.9565766,Residential,13
r0074_c0051,40.7869269,-73.9547922,Residential,32
r0074_c0052,40.7869269,-73.9530078,Residential,19
r0074_c0053,40.7869269,-73.9512235,Mixed-Use,31
r0074_c0054,40.7869269,-73.9494391,Residential,18
r0074_c0055,40.7869269,-73.9476547,Mixed-Use,8
r0074_c0056,40.7869269,-73.9458703,Residential,4
r0074_c0057,40.7869269,-73.9440859,Mixed-Use,5
r0074_c0058,40.7869269,-73.9423015,Mixed-Use,3
r0075_c0036,40.7882783,-73.9815581,Residential,4
r0075_c0037,40.7882783,-73.9797737,Residential,61
r0075_c0038,40.7882783,-73.9779893,Residential,23
r0075_c0039,40.7882783,-73.9762049,Mixed-Use,5
r0075_c0040,40.7882783,-73.9744206,Mixed-Use,12
r0075_c0041,40.7882783,-73.9726362,Residential,85
r0075_c0042,40.7882783,-73.9708518,Residential,21
r0075_c0043,40.7882783,-73.9690674,Residential,70
r0075_c0044,40.7882783,-73.967283,Residential,4
r0075_c0051,40.7882783,-73.9547922,Residential,15
r0075_c0052,40.7882783,-73.9530078,Institutional,20
r0075_c0054,40.7882783,-73.9494391,Mixed-Use,25
r0075_c0055,40.7882783,-73.9476547,Residential,36
r0075_c0057,40.7882783,-73.9440859,Mixed-Use,16
r0075_c0058,40.7882783,-73.9423015,Mixed-Use,24
r0075_c0059,40.7882783,-73.9405171,Mixed-Use,7
r0076_c0037,40.7896296,-73.9797737,Residential,22
r0076_c0038,40.7896296,-73.9779893,Residential,35
r0076_c0039,40.7896296,-73.9762049,Mixed-Use,18
r0076_c0040,40.7896296,-73.9744206,Mixed-Use,17
r0076_c0041,40.7896296,-73.9726362,Mixed-Use,14
r0076_c0042,40.7896296,-73.9708518,Residential,6
r0076_c0043,40.7896296,-73.9690674,Institutional,18
r0076_c0044,40.7896296,-73.967283,Residential,14
r0076_c0054,40.7896296,-73.9494391,Residential,54
r0076_c0055,40.7896296,-73.9476547,Residential,33
r0076_c0056,40.7896296,-73.9458703,Residential,17
r0076_c0057,40.7896296,-73.9440859,Mixed-Use,14
r0076_c0058,40.7896296,-73.9423015,Mixed-Use,46
r0076_c0059,40.7896296,-73.9405171,Residential,17
r0077_c0037,40.790981,-73.9797737,Residential,7
r0077_c0038,40.790981,-73.9779893,Residential,65
r0077_c0039,40.790981,-73.9762049,Residential,37
r0077_c0040,40.790981,-73.9744206,Residential,19
r0077_c0041,40.790981,-73.9726362,Mixed-Use,26
r0077_c0042,40.790981,-73.9708518,Institutional,29
r0077_c0043,40.790981,-73.9690674,Mixed-Use,4
r0077_c0044,40.790981,-73.967283,Residential,41
r0077_c0045,40.790981,-73.9654986,Residential,32
r0077_c0052,40.790981,-73.9530078,Mixed-Use,4
r0077_c0053,40.790981,-73.9512235,Institutional,7
r0077_c0054,40.790981,-73.9494391,Residential,14
r0077_c0055,40.790981,-73.9476547,Mixed-Use,30
r0077_c0056,40.790981,-73.9458703,Mixed-Use,56
r0077_c0057,40.790981,-73.9440859,Mixed-Use,26
r0077_c0058,40.790981,-73.9423015,Mixed-Use,6
r0077_c0059,40.790981,-73.9405171,Residential,5
r0077_c0060,40.790981,-73.9387327,Commercial,6
r0078_c0038,40.7923323,-73.9779893,Residential,3
r0078_c0039,40.7923323,-73.9762049,Residential,42
r0078_c0040,40.7923323,-73.9744206,Residential,26
r0078_c0041,40.7923323,-73.9726362,Mixed-Use,13
r0078_c0042,40.7923323,-73.9708518,Residential,23
r0078_c0043,40.7923323,-73.9690674,Residential,50
r0078_c0044,40.7923323,-73.967283,Residential,13
r0078_c0045,40.7923323,-73.9654986,Residential,26
r0078_c0053,40.7923323,-73.9512235,Institutional,18
r0078_c0055,40.7923323,-73.9476547,Residential,9
r0078_c0056,40.7923323,-73.9458703,Residential,53
r0078_c0057,40.7923323,-73.9440859,Mixed-Use,35
r0078_c0059,40.7923323,-73.9405171,Mixed-Use,41
r0078_c0060,40.7923323,-73.9387327,Mixed-Use,21
r0078_c0061,40.7923323,-73.9369483,Mixed-Use,3
r0079_c0039,40.7936837,-73.9762049,Residential,18
r0079_c0040,40.7936837,-73.9744206,Residential,21
r0079_c0041,40.7936837,-73.9726362,Residential,11
r0079_c0042,40.7936837,-73.9708518,Mixed-Use,24
r0079_c0043,40.7936837,-73.9690674,Residential,21
r0079_c0044,40.7936837,-73.967283,Mixed-Use,4
r0079_c0053,40.7936837,-73.9512235,Institutional,4
r0079_c0054,40.7936837,-73.9494391,Residential,4
r0079_c0055,40.7936837,-73.9476547,Residential,4
r0079_c0056,40.7936837,-73.9458703,Residential,17
r0079_c0057,40.7936837,-73.9440859,Mixed-Use,53
r0079_c0058,40.7936837,-73.9423015,Institutional,26
r0079_c0059,40.7936837,-73.9405171,Mixed-Use,58
r0079_c0060,40.7936837,-73.9387327,Residential,25
r0079_c0061,40.7936837,-73.9369483,Mixed-Use,4
r0079_c0062,40.7936837,-73.9351639,Open Space,8
r0079_c0063,40.7936837,-73.9333795,Institutional,8
r0080_c0039,40.795035,-73.9762049,Residential,7
r0080_c0040,40.795035,-73.9744206,Residential,15
r0080_c0041,40.795035,-73.9726362,Mixed-Use,13
r0080_c0042,40.795035,-73.9708518,Mixed-Use,15
r0080_c0043,40.795035,-73.9690674,Institutional,10
r0080_c0044,40.795035,-73.967283,Mixed-Use,6
r0080_c0046,40.795035,-73.9637142,Residential,18
r0080_c0047,40.795035,-73.9619298,Residential,4
r0080_c0054,40.795035,-73.9494391,Mixed-Use,16
r0080_c0055,40.795035,-73.9476547,Mixed-Use,5
r0080_c0056,40.795035,-73.9458703,Residential,4
r0080_c0057,40.795035,-73.9440859,Mixed-Use,39
r0080_c0058,40.795035,-73.9423015,Residential,42
r0080_c0059,40.795035,-73.9405171,Residential,26
r0080_c0061,40.795035,-73.9369483,Residential,3
r0080_c0062,40.795035,-73.9351639,Residential,54
r0080_c0063,40.795035,-73.9333795,Residential,28
r0080_c0064,40.795035,-73.9315951,Commercial,8
r0081_c0040,40.7963864,-73.9744206,Residential,6
r0081_c0041,40.7963864,-73.9726362,Residential,27
r0081_c0042,40.7963864,-73.9708518,Mixed-Use,13
r0081_c0043,40.7963864,-73.9690674,Mixed-Use,17
r0081_c0044,40.7963864,-73.967283,Institutional,3
r0081_c0046,40.7963864,-73.9637142,Residential,3
r0081_c0047,40.7963864,-73.9619298,Residential,32
r0081_c0054,40.7963864,-73.9494391,Mixed-Use,6
r0081_c0055,40.7963864,-73.9476547,Mixed-Use,17
r0081_c0056,40.7963864,-73.9458703,Mixed-Use,14
r0081_c0057,40.7963864,-73.9440859,Institutional,7
r0081_c0060,40.7963864,-73.9387327,Mixed-Use,24
r0081_c0061,40.7963864,-73.9369483,Residential,54
r0081_c0062,40.7963864,-73.9351639,Residential,56
r0081_c0063,40.7963864,-73.9333795,Residential,67
r0081_c0064,40.7963864,-73.9315951,Residential,43
r0081_c0065,40.7963864,-73.9298107,Institutional,3
r0082_c0041,40.7977377,-73.9726362,Residential,21
r0082_c0042,40.7977377,-73.9708518,Residential,34
r0082_c0043,40.7977377,-73.9690674,Mixed-Use,17
r0082_c0044,40.7977377,-73.967283,Open Space,11
r0082_c0046,40.7977377,-73.9637142,Residential,16
r0082_c0047,40.7977377,-73.9619298,Residential,54
r0082_c0048,40.7977377,-73.9601454,Residential,3
r0082_c0053,40.7977377,-73.9512235,Residential,9
r0082_c0054,40.7977377,-73.9494391,Mixed-Use,8
r0082_c0056,40.7977377,-73.9458703,Residential,3
r0082_c0058,40.7977377,-73.9423015,Institutional,19
r0082_c0059,40.7977377,-73.9405171,Commercial,41
r0082_c0060,40.7977377,-73.9387327,Mixed-Use,61
r0082_c0061,40.7977377,-73.9369483,Mixed-Use,36
r0082_c0062,40.7977377,-73.9351639,Institutional,39
r0082_c0063,40.7977377,-73.9333795,Residential,60
r0082_c0064,40.7977377,-73.9315951,Institutional,13
r0083_c0041,40.7990891,-73.9726362,Open Space,20
r0083_c0042,40.7990891,-73.9708518,Residential,43
r0083_c0043,40.7990891,-73.9690674,Residential,27
r0083_c0044,40.7990891,-73.967283,Mixed-Use,25
r0083_c0045,40.7990891,-73.9654986,Institutional,11
r0083_c0046,40.7990891,-73.9637142,Institutional,31
r0083_c0047,40.7990891,-73.9619298,Residential,43
r0083_c0048,40.7990891,-73.9601454,Residential,27
r0083_c0051,40.7990891,-73.9547922,Residential,9
r0083_c0052,40.7990891,-73.9530078,Residential,30
r0083_c0053,40.7990891,-73.9512235,Residential,6
r0083_c0056,40.7990891,-73.9458703,Residential,3
r0083_c0057,40.7990891,-73.9440859,Mixed-Use,22
r0083_c0058,40.7990891,-73.9423015,Residential,37
r0083_c0059,40.7990891,-73.9405171,Residential,59
r0083_c0060,40.7990891,-73.9387327,Mixed-Use,40
r0083_c0061,40.7990891,-73.9369483,Mixed-Use,37
r0083_c0062,40.7990891,-73.9351639,Residential,46
r0083_c0063,40.7990891,-73.9333795,Institutional,7
r0084_c0042,40.8004404,-73.9708518,Residential,32
r0084_c0043,40.8004404,-73.9690674,Residential,18
r0084_c0044,40.8004404,-73.967283,Residential,27
r0084_c0045,40.8004404,-73.9654986,Residential,33
r0084_c0046,40.8004404,-73.9637142,Institutional,15
r0084_c0047,40.8004404,-73.9619298,Mixed-Use,20
r0084_c0048,40.8004404,-73.9601454,Residential,19
r0084_c0049,40.8004404,-73.958361,Residential,4
r0084_c0050,40.8004404,-73.9565766,Residential,24
r0084_c0051,40.8004404,-73.9547922,Residential,31
r0084_c0052,40.8004404,-73.9530078,Residential,34
r0084_c0053,40.8004404,-73.9512235,Residential,27
r0084_c0055,40.8004404,-73.9476547,Mixed-Use,4
r0084_c0056,40.8004404,-73.9458703,Mixed-Use,20
r0084_c0057,40.8004404,-73.9440859,Residential,33
r0084_c0058,40.8004404,-73.9423015,Mixed-Use,22
r0084_c0059,40.8004404,-73.9405171,Residential,16
r0084_c0060,40.8004404,-73.9387327,Institutional,16
r0084_c0061,40.8004404,-73.9369483,Mixed-Use,43
r0084_c0062,40.8004404,-73.9351639,Mixed-Use,20
r0084_c0065,40.8004404,-73.9298107,Mixed-Use,6
r0085_c0042,40.8017918,-73.9708518,Residential,14
r0085_c0043,40.8017918,-73.9690674,Residential,39
r0085_c0044,40.8017918,-73.967283,Residential,21
r0085_c0045,40.8017918,-73.9654986,Residential,28
r0085_c0046,40.8017918,-73.9637142,Mixed-Use,27
r0085_c0047,40.8017918,-73.9619298,Residential,13
r0085_c0048,40.8017918,-73.9601454,Residential,3
r0085_c0049,40.8017918,-73.958361,Residential,38
r0085_c0050,40.8017918,-73.9565766,Residential,29
r0085_c0051,40.8017918,-73.9547922,Residential,32
r0085_c0052,40.8017918,-73.9530078,Residential,15
r0085_c0053,40.8017918,-73.9512235,Mixed-Use,23
r0085_c0054,40.8017918,-73.9494391,Mixed-Use,12
r0085_c0055,40.8017918,-73.9476547,Mixed-Use,8
r0085_c0056,40.8017918,-73.9458703,Residential,25
r0085_c0057,40.8017918,-73.9440859,Residential,25
r0085_c0058,40.8017918,-73.9423015,Residential,37
r0085_c0059,40.8017918,-73.9405171,Residential,12
r0085_c0060,40.8017918,-73.9387327,Mixed-Use,35
r0085_c0061,40.8017918,-73.9369483,Residential,23
r0085_c0062,40.8017918,-73.9351639,Residential,27
r0085_c0063,40.8017918,-73.9333795,Open Space,3
r0086_c0043,40.8031431,-73.9690674,Residential,31
r0086_c0044,40.8031431,-73.967283,Residential,19
r0086_c0045,40.8031431,-73.9654986,Residential,31
r0086_c0046,40.8031431,-73.9637142,Residential,7
r0086_c0049,40.8031431,-73.958361,Residential,19
r0086_c0050,40.8031431,-73.9565766,Residential,42
r0086_c0051,40.8031431,-73.9547922,Residential,35
r0086_c0052,40.8031431,-73.9530078,Mixed-Use,14
r0086_c0053,40.8031431,-73.9512235,Residential,44
r0086_c0054,40.8031431,-73.9494391,Residential,45
r0086_c0055,40.8031431,-73.9476547,Residential,49
r0086_c0056,40.8031431,-73.9458703,Residential,68
r0086_c0059,40.8031431,-73.9405171,Residential,14
r0086_c0060,40.8031431,-73.9387327,Residential,38
r0086_c0061,40.8031431,-73.9369483,Mixed-Use,35
r0086_c0062,40.8031431,-73.9351639,Mixed-Use,28
r0086_c0063,40.8031431,-73.9333795,Mixed-Use,16
r0086_c0064,40.8031431,-73.9315951,Commercial,13
r0087_c0044,40.8044945,-73.967283,Residential,11
r0087_c0045,40.8044945,-73.9654986,Residential,17
r0087_c0046,40.8044945,-73.9637142,Residential,25
r0087_c0047,40.8044945,-73.9619298,Institutional,4
r0087_c0049,40.8044945,-73.958361,Residential,14
r0087_c0050,40.8044945,-73.9565766,Residential,38
r0087_c0051,40.8044945,-73.9547922,Mixed-Use,29
r0087_c0052,40.8044945,-73.9530078,Residential,19
r0087_c0053,40.8044945,-73.9512235,Residential,41
r0087_c0054,40.8044945,-73.9494391,Residential,89
r0087_c0055,40.8044945,-73.9476547,Residential,62
r0087_c0056,40.8044945,-73.9458703,Residential,34
r0087_c0059,40.8044945,-73.9405171,Residential,5
r0087_c0060,40.8044945,-73.9387327,Mixed-Use,24
r0087_c0061,40.8044945,-73.9369483,Commercial,10
r0087_c0062,40.8044945,-73.9351639,Mixed-Use,8
r0087_c0063,40.8044945,-73.9333795,Mixed-Use,7
r0088_c0044,40.8058458,-73.967283,Residential,11
r0088_c0045,40.8058458,-73.9654986,Mixed-Use,17
r0088_c0046,40.8058458,-73.9637142,Residential,40
r0088_c0047,40.8058458,-73.9619298,Institutional,5
r0088_c0048,40.8058458,-73.9601454,Residential,18
r0088_c0049,40.8058458,-73.958361,Open Space,4
r0088_c0050,40.8058458,-73.9565766,Residential,46
r0088_c0051,40.8058458,-73.9547922,Residential,18
r0088_c0052,40.8058458,-73.9530078,Residential,24
r0088_c0053,40.8058458,-73.9512235,Residential,15
r0088_c0054,40.8058458,-73.9494391,Residential,73
r0088_c0055,40.8058458,-73.9476547,Institutional,45
r0088_c0056,40.8058458,-73.9458703,Residential,64
r0088_c0057,40.8058458,-73.9440859,Residential,12
r0088_c0058,40.8058458,-73.9423015,Residential,33
r0088_c0059,40.8058458,-73.9405171,Mixed-Use,38
r0088_c0060,40.8058458,-73.9387327,Mixed-Use,30
r0088_c0061,40.8058458,-73.9369483,Residential,5
r0088_c0063,40.8058458,-73.9333795,Open Space,3
r0089_c0044,40.8071972,-73.967283,Residential,8
r0089_c0045,40.8071972,-73.9654986,Residential,29
r0089_c0048,40.8071972,-73.9601454,Institutional,3
r0089_c0049,40.8071972,-73.958361,Mixed-Use,3
r0089_c0050,40.8071972,-73.9565766,Institutional,11
r0089_c0051,40.8071972,-73.9547922,Mixed-Use,27
r0089_c0052,40.8071972,-73.9530078,Residential,39
r0089_c0053,40.8071972,-73.9512235,Residential,70
r0089_c0054,40.8071972,-73.9494391,Residential,50
r0089_c0055,40.8071972,-73.9476547,Residential,69
r0089_c0056,40.8071972,-73.9458703,Commercial,22
r0089_c0057,40.8071972,-73.9440859,Mixed-Use,42
r0089_c0058,40.8071972,-73.9423015,Residential,39
r0089_c0059,40.8071972,-73.9405171,Residential,60
r0089_c0060,40.8071972,-73.9387327,Institutional,24
r0089_c0061,40.8071972,-73.9369483,Residential,15
r0089_c0062,40.8071972,-73.9351639,Open Space,5
r0090_c0045,40.8085485,-73.9654986,Residential,17
r0090_c0048,40.8085485,-73.9601454,Residential,5
r0090_c0049,40.8085485,-73.958361,Residential,11
r0090_c0050,40.8085485,-73.9565766,Residential,6
r0090_c0051,40.8085485,-73.9547922,Residential,80
r0090_c0052,40.8085485,-73.9530078,Mixed-Use,22
r0090_c0053,40.8085485,-73.9512235,Residential,58
r0090_c0054,40.8085485,-73.9494391,Mixed-Use,18
r0090_c0055,40.8085485,-73.9476547,Commercial,12
r0090_c0056,40.8085485,-73.9458703,Residential,25
r0090_c0057,40.8085485,-73.9440859,Residential,63
r0090_c0058,40.8085485,-73.9423015,Residential,76
r0090_c0059,40.8085485,-73.9405171,Residential,54
r0090_c0060,40.8085485,-73.9387327,Residential,60
r0090_c0061,40.8085485,-73.9369483,Mixed-Use,28
r0090_c0062,40.8085485,-73.9351639,Residential,5
r0091_c0045,40.8098999,-73.9654986,Residential,5
r0091_c0046,40.8098999,-73.9637142,Institutional,12
r0091_c0049,40.8098999,-73.958361,Residential,13
r0091_c0051,40.8098999,-73.9547922,Residential,47
r0091_c0052,40.8098999,-73.9530078,Mixed-Use,11
r0091_c0053,40.8098999,-73.9512235,Commercial,10
r0091_c0054,40.8098999,-73.9494391,Institutional,13
r0091_c0055,40.8098999,-73.9476547,Mixed-Use,19
r0091_c0056,40.8098999,-73.9458703,Residential,48
r0091_c0057,40.8098999,-73.9440859,Mixed-Use,39
r0091_c0058,40.8098999,-73.9423015,Residential,56
r0091_c0059,40.8098999,-73.9405171,Residential,57
r0091_c0060,40.8098999,-73.9387327,Mixed-Use,28
r0091_c0061,40.8098999,-73.9369483,Residential,13
r0092_c0047,40.8112512,-73.9619298,Institutional,3
r0092_c0048,40.8112512,-73.9601454,Residential,19
r0092_c0049,40.8112512,-73.958361,Residential,18
r0092_c0050,40.8112512,-73.9565766,Mixed-Use,3
r0092_c0051,40.8112512,-73.9547922,Institutional,4
r0092_c0052,40.8112512,-73.9530078,Mixed-Use,19
r0092_c0053,40.8112512,-73.9512235,Mixed-Use,41
r0092_c0054,40.8112512,-73.9494391,Mixed-Use,15
r0092_c0056,40.8112512,-73.9458703,Residential,52
r0092_c0057,40.8112512,-73.9440859,Residential,74
r0092_c0058,40.8112512,-73.9423015,Residential,47
r0092_c0059,40.8112512,-73.9405171,Residential,41
r0092_c0060,40.8112512,-73.9387327,Commercial,6
r0093_c0047,40.8126026,-73.9619298,Open Space,5
r0093_c0048,40.8126026,-73.9601454,Residential,3
r0093_c0051,40.8126026,-73.9547922,Mixed-Use,24
r0093_c0052,40.8126026,-73.9530078,Residential,43
r0093_c0053,40.8126026,-73.9512235,Mixed-Use,17
r0093_c0054,40.8126026,-73.9494391,Mixed-Use,11
r0093_c0055,40.8126026,-73.9476547,Residential,3
r0093_c0056,40.8126026,-73.9458703,Residential,14
r0093_c0057,40.8126026,-73.9440859,Residential,83
r0093_c0058,40.8126026,-73.9423015,Mixed-Use,47
r0093_c0059,40.8126026,-73.9405171,Residential,6
r0093_c0060,40.8126026,-73.9387327,Residential,6
r0094_c0047,40.813954,-73.9619298,Residential,3
r0094_c0048,40.813954,-73.9601454,Residential,20
r0094_c0050,40.813954,-73.9565766,Institutional,22
r0094_c0051,40.813954,-73.9547922,Mixed-Use,10
r0094_c0052,40.813954,-73.9530078,Residential,21
r0094_c0053,40.813954,-73.9512235,Residential,7
r0094_c0054,40.813954,-73.9494391,Mixed-Use,9
r0094_c0055,40.813954,-73.9476547,Residential,54
r0094_c0056,40.813954,-73.9458703,Residential,60
r0094_c0057,40.813954,-73.9440859,Residential,54
r0094_c0058,40.813954,-73.9423015,Institutional,20
r0094_c0059,40.813954,-73.9405171,Institutional,3
r0094_c0060,40.813954,-73.9387327,Institutional,3
r0094_c0061,40.813954,-73.9369483,Residential,9
r0095_c0048,40.8153053,-73.9601454,Residential,17
r0095_c0049,40.8153053,-73.958361,Mixed-Use,10
r0095_c0050,40.8153053,-73.9565766,Mixed-Use,16
r0095_c0051,40.8153053,-73.9547922,Institutional,10
r0095_c0052,40.8153053,-73.9530078,Residential,12
r0095_c0053,40.8153053,-73.9512235,Mixed-Use,5
r0095_c0054,40.8153053,-73.9494391,Residential,6
r0095_c0055,40.8153053,-73.9476547,Mixed-Use,24
r0095_c0056,40.8153053,-73.9458703,Mixed-Use,31
r0095_c0057,40.8153053,-73.9440859,Mixed-Use,40
r0095_c0058,40.8153053,-73.9423015,Residential,64
r0095_c0059,40.8153053,-73.9405171,Residential,38
r0095_c0060,40.8153053,-73.9387327,Institutional,21
r0095_c0061,40.8153053,-73.9369483,Residential,16
r0096_c0048,40.8166567,-73.9601454,Residential,5
r0096_c0049,40.8166567,-73.958361,Institutional,4
r0096_c0052,40.8166567,-73.9530078,Mixed-Use,21
r0096_c0055,40.8166567,-73.9476547,Mixed-Use,8
r0096_c0056,40.8166567,-73.9458703,Residential,49
r0096_c0057,40.8166567,-73.9440859,Residential,89
r0096_c0058,40.8166567,-73.9423015,Mixed-Use,19
r0096_c0059,40.8166567,-73.9405171,Residential,49
r0096_c0060,40.8166567,-73.9387327,Mixed-Use,6
r0096_c0061,40.8166567,-73.9369483,Residential,3
r0097_c0048,40.818008,-73.9601454,Mixed-Use,6
r0097_c0049,40.818008,-73.958361,Institutional,5
r0097_c0050,40.818008,-73.9565766,Commercial,11
r0097_c0051,40.818008,-73.9547922,Residential,8
r0097_c0052,40.818008,-73.9530078,Residential,15
r0097_c0053,40.818008,-73.9512235,Institutional,3
r0097_c0055,40.818008,-73.9476547,Residential,14
r0097_c0056,40.818008,-73.9458703,Residential,55
r0097_c0057,40.818008,-73.9440859,Residential,96
r0097_c0058,40.818008,-73.9423015,Residential,57
r0097_c0059,40.818008,-73.9405171,Residential,21
r0097_c0060,40.818008,-73.9387327,Residential,18
r0097_c0061,40.818008,-73.9369483,Residential,5
r0098_c0048,40.8193594,-73.9601454,Mixed-Use,10
r0098_c0049,40.8193594,-73.958361,Mixed-Use,6
r0098_c0051,40.8193594,-73.9547922,Mixed-Use,17
r0098_c0052,40.8193594,-73.9530078,Residential,38
r0098_c0056,40.8193594,-73.9458703,Residential,59
r0098_c0057,40.8193594,-73.9440859,Residential,36
r0098_c0058,40.8193594,-73.9423015,Residential,28
r0098_c0059,40.8193594,-73.9405171,Residential,15
r0098_c0060,40.8193594,-73.9387327,Residential,32
r0098_c0061,40.8193594,-73.9369483,Institutional,9
r0099_c0049,40.8207107,-73.958361,Industrial,10
r0099_c0050,40.8207107,-73.9565766,Residential,15
r0099_c0051,40.8207107,-73.9547922,Residential,15
r0099_c0052,40.8207107,-73.9530078,Institutional,5
r0099_c0053,40.8207107,-73.9512235,Institutional,6
r0099_c0055,40.8207107,-73.9476547,Institutional,3
r0099_c0056,40.8207107,-73.9458703,Residential,21
r0099_c0057,40.8207107,-73.9440859,Institutional,25
r0099_c0058,40.8207107,-73.9423015,Residential,5
r0099_c0059,40.8207107,-73.9405171,Mixed-Use,11
r0099_c0060,40.8207107,-73.9387327,Residential,26
r0099_c0061,40.8207107,-73.9369483,Commercial,13
r0100_c0049,40.8220621,-73.958361,Mixed-Use,3
r0100_c0050,40.8220621,-73.9565766,Residential,7
r0100_c0051,40.8220621,-73.9547922,Residential,42
r0100_c0052,40.8220621,-73.9530078,Mixed-Use,12
r0100_c0053,40.8220621,-73.9512235,Residential,43
r0100_c0054,40.8220621,-73.9494391,Residential,39
r0100_c0055,40.8220621,-73.9476547,Residential,40
r0100_c0056,40.8220621,-73.9458703,Residential,38
r0100_c0057,40.8220621,-73.9440859,Residential,38
r0100_c0058,40.8220621,-73.9423015,Mixed-Use,20
r0100_c0059,40.8220621,-73.9405171,Mixed-Use,21
r0100_c0060,40.8220621,-73.9387327,Mixed-Use,21
r0100_c0061,40.8220621,-73.9369483,Commercial,3
r0101_c0051,40.8234134,-73.9547922,Residential,9
r0101_c0052,40.8234134,-73.9530078,Mixed-Use,16
r0101_c0053,40.8234134,-73.9512235,Residential,51
r0101_c0054,40.8234134,-73.9494391,Residential,43
r0101_c0055,40.8234134,-73.9476547,Residential,57
r0101_c0056,40.8234134,-73.9458703,Residential,48
r0101_c0057,40.8234134,-73.9440859,Residential,36
r0101_c0058,40.8234134,-73.9423015,Mixed-Use,13
r0101_c0059,40.8234134,-73.9405171,Residential,24
r0101_c0060,40.8234134,-73.9387327,Residential,24
r0101_c0061,40.8234134,-73.9369483,Residential,3
r0102_c0052,40.8247648,-73.9530078,Residential,31
r0102_c0053,40.8247648,-73.9512235,Residential,34
r0102_c0054,40.8247648,-73.9494391,Residential,35
r0102_c0055,40.8247648,-73.9476547,Residential,49
r0102_c0056,40.8247648,-73.9458703,Residential,53
r0102_c0057,40.8247648,-73.9440859,Residential,51
r0102_c0058,40.8247648,-73.9423015,Mixed-Use,5
r0102_c0059,40.8247648,-73.9405171,Mixed-Use,23
r0102_c0060,40.8247648,-73.9387327,Mixed-Use,22
r0102_c0061,40.8247648,-73.9369483,Mixed-Use,7
r0103_c0052,40.8261161,-73.9530078,Residential,6
r0103_c0053,40.8261161,-73.9512235,Residential,13
r0103_c0054,40.8261161,-73.9494391,Mixed-Use,21
r0103_c0055,40.8261161,-73.9476547,Institutional,23
r0103_c0056,40.8261161,-73.9458703,Residential,46
r0103_c0057,40.8261161,-73.9440859,Residential,71
r0103_c0058,40.8261161,-73.9423015,Residential,16
r0103_c0059,40.8261161,-73.9405171,Open Space,18
r0103_c0060,40.8261161,-73.9387327,Residential,15
r0103_c0061,40.8261161,-73.9369483,Mixed-Use,5
r0103_c0062,40.8261161,-73.9351639,Residential,4
r0104_c0053,40.8274675,-73.9512235,Residential,35
r0104_c0054,40.8274675,-73.9494391,Mixed-Use,24
r0104_c0055,40.8274675,-73.9476547,Residential,67
r0104_c0056,40.8274675,-73.9458703,Residential,43
r0104_c0057,40.8274675,-73.9440859,Residential,41
r0104_c0058,40.8274675,-73.9423015,Residential,22
r0104_c0059,40.8274675,-73.9405171,Residential,10
r0104_c0060,40.8274675,-73.9387327,Residential,23
r0104_c0061,40.8274675,-73.9369483,Mixed-Use,11
r0104_c0062,40.8274675,-73.9351639,Open Space,4
r0105_c0054,40.8288188,-73.9494391,Residential,26
r0105_c0055,40.8288188,-73.9476547,Residential,46
r0105_c0056,40.8288188,-73.9458703,Residential,63
r0105_c0057,40.8288188,-73.9440859,Residential,20
r0105_c0058,40.8288188,-73.9423015,Residential,32
r0105_c0059,40.8288188,-73.9405171,Residential,14
r0105_c0060,40.8288188,-73.9387327,Residential,19
r0105_c0061,40.8288188,-73.9369483,Industrial,12
r0106_c0054,40.8301702,-73.9494391,Residential,8
r0106_c0055,40.8301702,-73.9476547,Mixed-Use,22
r0106_c0056,40.8301702,-73.9458703,Residential,56
r0106_c0057,40.8301702,-73.9440859,Institutional,36
r0106_c0058,40.8301702,-73.9423015,Residential,51
r0106_c0059,40.8301702,-73.9405171,Mixed-Use,10
r0107_c0054,40.8315215,-73.9494391,Residential,9
r0107_c0055,40.8315215,-73.9476547,Residential,9
r0107_c0056,40.8315215,-73.9458703,Institutional,10
r0107_c0057,40.8315215,-73.9440859,Open Space,3
r0107_c0058,40.8315215,-73.9423015,Residential,5
r0107_c0059,40.8315215,-73.9405171,Residential,12
r0108_c0056,40.8328729,-73.9458703,Institutional,6
r0108_c0057,40.8328729,-73.9440859,Residential,35
r0108_c0058,40.8328729,-73.9423015,Residential,25
r0108_c0059,40.8328729,-73.9405171,Residential,26
r0109_c0055,40.8342242,-73.9476547,Residential,9
r0109_c0056,40.8342242,-73.9458703,Residential,9
r0109_c0057,40.8342242,-73.9440859,Residential,15
r0109_c0058,40.8342242,-73.9423015,Residential,48
r0109_c0059,40.8342242,-73.9405171,Residential,19
r0109_c0060,40.8342242,-73.9387327,Residential,33
r0110_c0055,40.8355756,-73.9476547,Residential,12
r0110_c0056,40.8355756,-73.9458703,Residential,18
r0110_c0057,40.8355756,-73.9440859,Mixed-Use,12
r0110_c0058,40.8355756,-73.9423015,Residential,55
r0110_c0059,40.8355756,-73.9405171,Residential,16
r0110_c0060,40.8355756,-73.9387327,Residential,41
r0111_c0055,40.8369269,-73.9476547,Residential,10
r0111_c0056,40.8369269,-73.9458703,Residential,14
r0111_c0057,40.8369269,-73.9440859,Mixed-Use,13
r0111_c0058,40.8369269,-73.9423015,Mixed-Use,30
r0111_c0059,40.8369269,-73.9405171,Residential,26
r0111_c0060,40.8369269,-73.9387327,Residential,33
r0111_c0061,40.8369269,-73.9369483,Institutional,7
r0112_c0056,40.8382783,-73.9458703,Residential,10
r0112_c0057,40.8382783,-73.9440859,Residential,9
r0112_c0058,40.8382783,-73.9423015,Mixed-Use,11
r0112_c0059,40.8382783,-73.9405171,Residential,15
r0112_c0060,40.8382783,-73.9387327,Institutional,19
r0112_c0061,40.8382783,-73.9369483,Mixed-Use,30
r0113_c0058,40.8396296,-73.9423015,Mixed-Use,7
r0113_c0060,40.8396296,-73.9387327,Mixed-Use,21
r0113_c0061,40.8396296,-73.9369483,Mixed-Use,20
r0114_c0059,40.840981,-73.9405171,Institutional,3
r0114_c0060,40.840981,-73.9387327,Institutional,10
r0114_c0061,40.840981,-73.9369483,Residential,38
r0115_c0057,40.8423323,-73.9440859,Institutional,4
r0115_c0058,40.8423323,-73.9423015,Institutional,4
r0115_c0059,40.8423323,-73.9405171,Mixed-Use,16
r0115_c0060,40.8423323,-73.9387327,Mixed-Use,13
r0115_c0061,40.8423323,-73.9369483,Residential,26
r0115_c0062,40.8423323,-73.9351639,Residential,17
r0116_c0057,40.8436837,-73.9440859,Institutional,3
r0116_c0058,40.8436837,-73.9423015,Residential,18
r0116_c0059,40.8436837,-73.9405171,Residential,20
r0116_c0060,40.8436837,-73.9387327,Mixed-Use,14
r0116_c0061,40.8436837,-73.9369483,Residential,30
r0116_c0062,40.8436837,-73.9351639,Residential,38
r0117_c0058,40.845035,-73.9423015,Residential,13
r0117_c0059,40.845035,-73.9405171,Mixed-Use,14
r0117_c0060,40.845035,-73.9387327,Mixed-Use,11
r0117_c0061,40.845035,-73.9369483,Mixed-Use,19
r0117_c0062,40.845035,-73.9351639,Residential,27
r0117_c0063,40.845035,-73.9333795,Residential,13
r0118_c0058,40.8463864,-73.9423015,Residential,5
r0118_c0059,40.8463864,-73.9405171,Open Space,3
r0118_c0060,40.8463864,-73.9387327,Mixed-Use,13
r0118_c0061,40.8463864,-73.9369483,Mixed-Use,16
r0118_c0062,40.8463864,-73.9351639,Residential,18
r0118_c0063,40.8463864,-73.9333795,Mixed-Use,15
r0119_c0058,40.8477377,-73.9423015,Mixed-Use,4
r0119_c0059,40.8477377,-73.9405171,Residential,12
r0119_c0060,40.8477377,-73.9387327,Mixed-Use,14
r0119_c0061,40.8477377,-73.9369483,Mixed-Use,18
r0119_c0062,40.8477377,-73.9351639,Mixed-Use,8
r0119_c0063,40.8477377,-73.9333795,Mixed-Use,21
r0119_c0064,40.8477377,-73.9315951,Commercial,18
r0120_c0059,40.8490891,-73.9405171,Mixed-Use,6
r0120_c0060,40.8490891,-73.9387327,Mixed-Use,9
r0120_c0061,40.8490891,-73.9369483,Mixed-Use,12
r0120_c0062,40.8490891,-73.9351639,Mixed-Use,23
r0120_c0063,40.8490891,-73.9333795,Commercial,17
r0120_c0064,40.8490891,-73.9315951,Institutional,20
r0120_c0065,40.8490891,-73.9298107,Mixed-Use,11
r0121_c0058,40.8504404,-73.9423015,Residential,4
r0121_c0059,40.8504404,-73.9405171,Residential,19
r0121_c0060,40.8504404,-73.9387327,Mixed-Use,11
r0121_c0061,40.8504404,-73.9369483,Mixed-Use,18
r0121_c0062,40.8504404,-73.9351639,Mixed-Use,12
r0121_c0063,40.8504404,-73.9333795,Mixed-Use,22
r0121_c0064,40.8504404,-73.9315951,Residential,52
r0121_c0065,40.8504404,-73.9298107,Institutional,20
r0121_c0066,40.8504404,-73.9280264,Institutional,4
r0122_c0059,40.8517918,-73.9405171,Residential,7
r0122_c0060,40.8517918,-73.9387327,Mixed-Use,8
r0122_c0061,40.8517918,-73.9369483,Residential,13
r0122_c0062,40.8517918,-73.9351639,Mixed-Use,16
r0122_c0063,40.8517918,-73.9333795,Mixed-Use,24
r0122_c0064,40.8517918,-73.9315951,Mixed-Use,24
r0122_c0065,40.8517918,-73.9298107,Residential,36
r0122_c0066,40.8517918,-73.9280264,Residential,12
r0123_c0060,40.8531431,-73.9387327,Residential,3
r0123_c0061,40.8531431,-73.9369483,Residential,12
r0123_c0062,40.8531431,-73.9351639,Residential,12
r0123_c0063,40.8531431,-73.9333795,Institutional,8
r0123_c0064,40.8531431,-73.9315951,Mixed-Use,24
r0123_c0065,40.8531431,-73.9298107,Residential,32
r0123_c0066,40.8531431,-73.9280264,Residential,9
r0124_c0060,40.8544945,-73.9387327,Residential,12
r0124_c0061,40.8544945,-73.9369483,Residential,13
r0124_c0062,40.8544945,-73.9351639,Residential,8
r0124_c0063,40.8544945,-73.9333795,Residential,19
r0124_c0064,40.8544945,-73.9315951,Residential,19
r0124_c0065,40.8544945,-73.9298107,Mixed-Use,15
r0124_c0066,40.8544945,-73.9280264,Residential,12
r0125_c0060,40.8558458,-73.9387327,Residential,9
r0125_c0061,40.8558458,-73.9369483,Mixed-Use,7
r0125_c0062,40.8558458,-73.9351639,Residential,8
r0125_c0063,40.8558458,-73.9333795,Mixed-Use,7
r0125_c0064,40.8558458,-73.9315951,Mixed-Use,16
r0125_c0065,40.8558458,-73.9298107,Residential,22
r0125_c0066,40.8558458,-73.9280264,Residential,18
r0126_c0061,40.8571972,-73.9369483,Residential,4
r0126_c0062,40.8571972,-73.9351639,Residential,7
r0126_c0063,40.8571972,-73.9333795,Residential,12
r0126_c0064,40.8571972,-73.9315951,Residential,24
r0126_c0065,40.8571972,-73.9298107,Residential,13
r0126_c0066,40.8571972,-73.9280264,Residential,5
r0126_c0067,40.8571972,-73.926242,Institutional,3
r0127_c0063,40.8585485,-73.9333795,Residential,3
r0127_c0064,40.8585485,-73.9315951,Residential,8
r0127_c0065,40.8585485,-73.9298107,Residential,8
r0127_c0066,40.8585485,-73.9280264,Residential,4
r0128_c0065,40.8598999,-73.9298107,Mixed-Use,12
r0128_c0066,40.8598999,-73.9280264,Institutional,9
r0128_c0067,40.8598999,-73.926242,Residential,7
r0128_c0071,40.8598999,-73.9191044,Mixed-Use,6
r0129_c0065,40.8612512,-73.9298107,Residential,11
r0129_c0066,40.8612512,-73.9280264,Residential,20
r0129_c0067,40.8612512,-73.926242,Mixed-Use,18
r0129_c0068,40.8612512,-73.9244576,Commercial,4
r0129_c0070,40.8612512,-73.9208888,Mixed-Use,4
r0129_c0071,40.8612512,-73.9191044,Mixed-Use,7
r0129_c0072,40.8612512,-73.91732,Mixed-Use,3
r0130_c0065,40.8626026,-73.9298107,Mixed-Use,4
r0130_c0066,40.8626026,-73.9280264,Mixed-Use,12
r0130_c0067,40.8626026,-73.926242,Residential,27
r0130_c0068,40.8626026,-73.9244576,Residential,12
r0130_c0069,40.8626026,-73.9226732,Residential,10
r0130_c0070,40.8626026,-73.9208888,Open Space,4
r0130_c0071,40.8626026,-73.9191044,Residential,11
r0130_c0072,40.8626026,-73.91732,Industrial,8
r0131_c0065,40.863954,-73.9298107,Residential,4
r0131_c0066,40.863954,-73.9280264,Residential,13
r0131_c0067,40.863954,-73.926242,Commercial,15
r0131_c0068,40.863954,-73.9244576,Residential,23
r0131_c0069,40.863954,-73.9226732,Residential,16
r0131_c0070,40.863954,-73.9208888,Residential,11
r0131_c0071,40.863954,-73.9191044,Mixed-Use,16
r0131_c0073,40.863954,-73.9155356,Mixed-Use,3
r0132_c0066,40.8653053,-73.9280264,Mixed-Use,5
r0132_c0067,40.8653053,-73.926242,Institutional,12
r0132_c0068,40.8653053,-73.9244576,Residential,16
r0132_c0069,40.8653053,-73.9226732,Residential,15
r0132_c0070,40.8653053,-73.9208888,Mixed-Use,11
r0132_c0071,40.8653053,-73.9191044,Mixed-Use,11
r0133_c0065,40.8666567,-73.9298107,Mixed-Use,8
r0133_c0066,40.8666567,-73.9280264,Residential,11
r0133_c0067,40.8666567,-73.926242,Residential,14
r0133_c0068,40.8666567,-73.9244576,Mixed-Use,13
r0133_c0069,40.8666567,-73.9226732,Mixed-Use,15
r0133_c0070,40.8666567,-73.9208888,Commercial,18
r0133_c0071,40.8666567,-73.9191044,Residential,16
r0133_c0072,40.8666567,-73.91732,Residential,4
r0134_c0066,40.868008,-73.9280264,Residential,5
r0134_c0067,40.868008,-73.926242,Residential,14
r0134_c0068,40.868008,-73.9244576,Residential,18
r0134_c0069,40.868008,-73.9226732,Residential,28
r0134_c0070,40.868008,-73.9208888,Mixed-Use,12
r0134_c0071,40.868008,-73.9191044,Mixed-Use,12
r0134_c0072,40.868008,-73.91732,Institutional,12
r0135_c0068,40.8693594,-73.9244576,Residential,3
r0135_c0069,40.8693594,-73.9226732,Residential,3
r0135_c0070,40.8693594,-73.9208888,Institutional,6
r0135_c0072,40.8693594,-73.91732,Industrial,6
r0135_c0073,40.8693594,-73.9155356,Mixed-Use,10
r0135_c0075,40.8693594,-73.9119668,Mixed-Use,4
r0136_c0071,40.8707107,-73.9191044,Open Space,5
r0136_c0072,40.8707107,-73.91732,Residential,11
r0136_c0073,40.8707107,-73.9155356,Residential,16
r0136_c0074,40.8707107,-73.9137512,Mixed-Use,6
r0136_c0075,40.8707107,-73.9119668,Mixed-Use,8
r0137_c0071,40.8720621,-73.9191044,Residential,12
r0137_c0072,40.8720621,-73.91732,Residential,22
r0137_c0073,40.8720621,-73.9155356,Residential,7
r0137_c0075,40.8720621,-73.9119668,Mixed-Use,11
r0137_c0076,40.8720621,-73.9101824,Mixed-Use,5
r0138_c0076,40.8734134,-73.9101824,Mixed-Use,4
r0138_c0077,40.8734134,-73.908398,Commercial,4
r0139_c0075,40.8747648,-73.9119668,Residential,5
r0139_c0076,40.8747648,-73.9101824,Mixed-Use,26
r0139_c0077,40.8747648,-73.908398,Residential,3
r0140_c0074,40.8761161,-73.9137512,Residential,5
r0140_c0075,40.8761161,-73.9119668,Residential,33
r0140_c0076,40.8761161,-73.9101824,Residential,53
r0140_c0077,40.8761161,-73.908398,Residential,9
r0141_c0075,40.8774675,-73.9119668,Residential,18
r0141_c0076,40.8774675,-73.9101824,Residential,47
