cell_id,avg_floors,avg_yearbuilt,total_bldg_area,building_count
r0011_c0018,,,0.0,3.0
r0012_c0018,28.9,1930,2142087.0,4.0
r0012_c0019,16.1,1958,1387382.0,10.0
r0012_c0020,6.6,1873,1281484.0,20.0
r0012_c0021,29.0,1942,3602735.0,2.0
r0013_c0018,10.0,1897,527145.0,2.0
r0013_c0019,13.6,1927,2252291.0,15.0
r0013_c0020,9.5,1890,2914437.0,23.0
r0013_c0021,19.1,1943,2231624.0,10.0
r0013_c0022,25.0,1958,1804530.0,4.0
r0014_c0016,27.0,2006,1002722.0,3.0
r0014_c0017,35.7,1921,1718019.0,4.0
r0014_c0018,24.2,1924,2200249.0,6.0
r0014_c0019,27.2,1928,3846129.0,10.0
r0014_c0020,25.3,1947,2315164.0,8.0
r0014_c0021,30.1,1921,3952219.0,8.0
r0014_c0022,28.8,1958,5268199.0,10.0
r0014_c0023,25.0,1973,2075645.0,11.0
r0015_c0016,17.0,2001,877681.0,3.0
r0015_c0018,22.4,1977,1097642.0,9.0
r0015_c0019,25.0,1925,2982952.0,8.0
r0015_c0020,29.2,1910,3718302.0,9.0
r0015_c0021,20.0,1922,3289417.0,10.0
r0015_c0022,22.0,1962,2767022.0,14.0
r0015_c0023,21.7,1945,2940378.0,11.0
r0015_c0024,4.5,1911,313581.0,26.0
r0015_c0025,4.8,1862,317451.0,29.0
r0016_c0016,13.2,1987,744121.0,5.0
r0016_c0017,44.0,1987,428589.0,1.0
r0016_c0018,16.7,1932,2554542.0,19.0
r0016_c0019,24.6,1936,2086141.0,8.0
r0016_c0020,26.8,1921,3327828.0,6.0
r0016_c0021,14.4,1923,2504640.0,12.0
r0016_c0022,24.4,1946,2678369.0,11.0
r0016_c0023,11.1,1943,1248995.0,17.0
r0016_c0024,20.0,1981,208576.0,2.0
r0016_c0025,5.5,1900,540189.0,37.0
r0017_c0016,16.3,1986,604843.0,4.0
r0017_c0018,27.7,1943,958620.0,5.0
r0017_c0019,9.1,1953,400407.0,12.0
r0017_c0020,16.2,1940,2962360.0,16.0
r0017_c0021,9.7,1917,1254343.0,27.0
r0017_c0022,10.9,1921,2000411.0,29.0
r0017_c0023,10.8,1934,1289848.0,13.0
r0017_c0024,8.0,1970,2819174.0,12.0
r0017_c0028,,,0.0,0.0
r0018_c0020,30.0,1937,1527136.0,3.0
r0018_c0021,16.5,1936,1151837.0,6.0
r0018_c0022,15.1,1930,1640459.0,23.0
r0018_c0025,7.0,1944,1111001.0,2.0
r0018_c0028,5.7,1911,1585536.0,31.0
r0018_c0029,5.6,1914,155674.0,14.0
r0018_c0031,10.3,1982,739757.0,13.0
r0018_c0033,7.7,1989,321402.0,12.0
r0018_c0035,13.8,1936,353288.0,4.0
r0018_c0036,21.0,1962,251500.0,2.0
r0019_c0020,11.7,1933,1229976.0,3.0
r0019_c0021,24.2,1931,2873428.0,12.0
r0019_c0025,13.3,1974,1346119.0,5.0
r0019_c0026,7.6,1917,556051.0,7.0
r0019_c0027,4.3,1903,361918.0,46.0
r0019_c0028,5.4,1916,520553.0,54.0
r0019_c0029,5.4,1919,554503.0,48.0
r0019_c0030,5.3,1954,172098.0,6.0
r0019_c0031,4.8,1927,204741.0,16.0
r0019_c0032,5.3,1922,810930.0,34.0
r0019_c0034,16.0,1955,431685.0,4.0
r0020_c0019,30.2,1963,3973195.0,4.0
r0020_c0020,13.6,1970,2101888.0,15.0
r0020_c0021,7.4,1902,1285669.0,29.0
r0020_c0022,8.9,1913,1365095.0,27.0
r0020_c0023,9.7,1890,521354.0,3.0
r0020_c0024,10.4,1918,757741.0,4.0
r0020_c0025,17.2,1946,1685590.0,6.0
r0020_c0026,7.3,1919,976758.0,28.0
r0020_c0027,4.9,1923,439637.0,43.0
r0020_c0028,5.1,1908,458758.0,49.0
r0020_c0029,4.6,1928,354120.0,34.0
r0020_c0030,5.4,1924,516296.0,40.0
r0020_c0031,5.0,1921,458275.0,52.0
r0020_c0032,5.8,1920,380292.0,19.0
r0020_c0033,5.3,1928,313106.0,29.0
r0020_c0034,4.4,1907,351739.0,24.0
r0020_c0035,4.9,1912,297159.0,16.0
r0020_c0036,3.5,1912,275146.0,23.0
r0021_c0020,6.4,1919,727726.0,34.0
r0021_c0021,6.3,1887,767694.0,37.0
r0021_c0022,5.8,1905,754544.0,29.0
r0021_c0023,18.0,1921,2799128.0,10.0
r0021_c0024,45.0,1968,1653794.0,1.0
r0021_c0026,5.1,1921,279814.0,30.0
r0021_c0027,5.0,1915,844660.0,67.0
r0021_c0029,4.8,1913,211693.0,22.0
r0021_c0030,5.1,1915,498645.0,54.0
r0021_c0031,5.3,1915,603201.0,71.0
r0021_c0032,5.2,1926,56483.0,8.0
r0021_c0034,12.0,1940,1077532.0,4.0
r0021_c0035,9.6,1932,442573.0,6.0
r0021_c0036,6.3,1965,516468.0,3.0
r0021_c0037,6.7,1937,693593.0,4.0
r0022_c0017,26.6,2003,1793495.0,5.0
r0022_c0018,24.0,2001,582804.0,3.0
r0022_c0019,16.0,1996,470078.0,3.0
r0022_c0020,5.8,1910,545126.0,32.0
r0022_c0021,5.3,1884,666734.0,36.0
r0022_c0022,6.9,1900,1305425.0,16.0
r0022_c0023,7.7,1920,889511.0,12.0
r0022_c0024,12.9,1946,1643867.0,9.0
r0022_c0025,9.4,1929,1128106.0,7.0
r0022_c0026,5.9,1919,1556889.0,36.0
r0022_c0027,5.1,1918,633819.0,50.0
r0022_c0028,5.7,1920,653347.0,34.0
r0022_c0029,5.7,1936,556905.0,22.0
r0022_c0030,5.3,1913,512916.0,42.0
r0022_c0031,5.7,1923,580922.0,46.0
r0022_c0032,5.9,1914,693317.0,25.0
r0022_c0033,17.8,1996,1121097.0,6.0
r0022_c0034,16.8,1978,816425.0,8.0
r0022_c0035,7.6,1963,310934.0,7.0
r0023_c0019,,,,
r0023_c0020,5.2,1872,412512.0,33.0
r0023_c0021,6.8,1899,1324869.0,24.0
r0023_c0022,8.5,1922,988863.0,25.0
r0023_c0023,5.8,1869,1014540.0,44.0
r0023_c0024,7.5,1890,1007896.0,29.0
r0023_c0025,6.2,1901,999676.0,36.0
r0023_c0026,4.9,1923,351222.0,22.0
r0023_c0027,5.3,1920,746123.0,67.0
r0023_c0028,5.3,1912,909485.0,57.0
r0023_c0029,4.7,1910,483861.0,41.0
r0023_c0030,4.4,1914,408936.0,42.0
r0023_c0031,5.0,1909,453616.0,46.0
r0023_c0032,5.6,1914,457755.0,29.0
r0023_c0033,7.9,1951,673171.0,8.0
r0023_c0034,5.0,1926,425189.0,36.0
r0023_c0035,6.0,1936,575612.0,14.0
r0023_c0039,5.5,1918,171480.0,2.0
r0024_c0020,7.1,1899,2303884.0,24.0
r0024_c0021,6.6,1895,920767.0,36.0
r0024_c0022,6.6,1905,733259.0,29.0
r0024_c0023,5.5,1890,1586210.0,32.0
r0024_c0024,5.5,1877,965133.0,53.0
r0024_c0025,5.0,1877,501465.0,28.0
r0024_c0026,7.0,1901,988791.0,26.0
r0024_c0027,5.2,1913,548884.0,40.0
r0024_c0028,5.3,1911,567297.0,50.0
r0024_c0029,5.1,1918,603300.0,41.0
r0024_c0030,4.6,1924,203451.0,21.0
r0024_c0031,5.6,1909,441946.0,37.0
r0024_c0032,5.6,1925,740398.0,41.0
r0024_c0033,5.2,1934,515398.0,38.0
r0024_c0034,5.0,1921,525456.0,53.0
r0024_c0035,4.9,1935,447767.0,26.0
r0025_c0020,10.8,1941,2490940.0,10.0
r0025_c0021,6.6,1914,744177.0,20.0
r0025_c0022,8.1,1937,713944.0,10.0
r0025_c0023,6.2,1931,539047.0,16.0
r0025_c0024,4.6,1885,575474.0,45.0
r0025_c0025,5.2,1875,899612.0,35.0
r0025_c0026,5.5,1871,809958.0,38.0
r0025_c0027,5.6,1907,725121.0,27.0
r0025_c0028,5.6,1918,657117.0,43.0
r0025_c0029,4.8,1914,448241.0,43.0
r0025_c0030,7.4,1927,513756.0,28.0
r0025_c0031,5.6,1922,540888.0,31.0
r0025_c0032,5.4,1916,539982.0,57.0
r0025_c0033,5.2,1919,697194.0,60.0
r0025_c0034,4.4,1916,581385.0,40.0
r0025_c0035,4.9,1935,616814.0,55.0
r0025_c0036,5.7,1942,516468.0,21.0
r0025_c0037,6.1,1958,457478.0,23.0
r0025_c0038,5.8,1944,461109.0,21.0
r0026_c0019,,,,
r0026_c0020,8.1,1912,903920.0,19.0
r0026_c0021,7.1,1910,737348.0,20.0
r0026_c0022,5.8,1904,315363.0,10.0
r0026_c0023,6.2,1928,401332.0,14.0
r0026_c0024,4.8,1909,688998.0,47.0
r0026_c0025,5.4,1886,818989.0,43.0
r0026_c0026,6.0,1887,976075.0,30.0
r0026_c0027,5.9,1908,960221.0,33.0
r0026_c0028,5.1,1910,694714.0,61.0
r0026_c0029,5.4,1922,677836.0,42.0
r0026_c0030,5.5,1924,660639.0,36.0
r0026_c0031,5.0,1946,272733.0,15.0
r0026_c0032,5.4,1919,485502.0,26.0
r0026_c0033,7.0,1928,874334.0,33.0
r0026_c0034,5.4,1923,489236.0,26.0
r0026_c0035,5.3,1924,652119.0,41.0
r0026_c0036,5.4,1937,574329.0,42.0
r0026_c0037,4.8,1924,481465.0,40.0
r0026_c0038,5.2,1921,359439.0,21.0
r0027_c0020,5.8,1927,779079.0,25.0
r0027_c0021,6.6,1929,762330.0,9.0
r0027_c0022,12.0,1916,1374297.0,4.0
r0027_c0023,10.2,1949,1217385.0,13.0
r0027_c0024,4.9,1908,542496.0,37.0
r0027_c0025,5.3,1877,877127.0,33.0
r0027_c0026,5.3,1884,858126.0,41.0
r0027_c0027,6.5,1890,1181171.0,24.0
r0027_c0028,5.3,1909,744904.0,36.0
r0027_c0029,4.9,1913,544102.0,55.0
r0027_c0030,5.8,1936,1221376.0,34.0
r0027_c0031,5.6,1919,136711.0,14.0
r0027_c0032,5.1,1924,419528.0,37.0
r0027_c0033,6.2,1916,481204.0,22.0
r0027_c0034,5.2,1925,527608.0,33.0
r0027_c0035,5.1,1911,552126.0,44.0
r0027_c0036,4.9,1918,470403.0,22.0
r0027_c0037,4.7,1931,357611.0,30.0
r0027_c0038,4.6,1929,444354.0,36.0
r0027_c0039,5.6,1927,474457.0,31.0
r0028_c0020,6.9,1919,490653.0,17.0
r0028_c0021,6.5,1931,741776.0,27.0
r0028_c0022,8.6,1906,973637.0,17.0
r0028_c0023,10.4,1921,751138.0,11.0
r0028_c0024,5.1,1903,570535.0,56.0
r0028_c0025,5.0,1887,688603.0,46.0
r0028_c0026,5.3,1894,1043531.0,43.0
r0028_c0027,6.3,1893,1432523.0,31.0
r0028_c0028,8.8,1914,1167410.0,11.0
r0028_c0029,6.0,1918,472427.0,24.0
r0028_c0030,4.6,1898,480486.0,27.0
r0028_c0031,6.0,1924,918268.0,27.0
r0028_c0032,4.9,1891,464560.0,43.0
r0028_c0033,6.0,1918,524982.0,30.0
r0028_c0034,9.5,1933,981614.0,8.0
r0028_c0035,5.1,1914,449817.0,52.0
r0028_c0036,5.1,1912,436802.0,50.0
r0028_c0037,5.1,1928,611634.0,46.0
r0028_c0038,4.8,1922,489183.0,37.0
r0028_c0039,4.7,1943,467670.0,29.0
r0029_c0020,6.7,1973,129137.0,4.0
r0029_c0021,6.4,1922,987402.0,25.0
r0029_c0022,10.0,1939,1191874.0,7.0
r0029_c0023,4.7,1858,898599.0,12.0
r0029_c0024,5.4,1893,635004.0,38.0
r0029_c0025,4.9,1896,698219.0,55.0
r0029_c0026,5.5,1909,765456.0,35.0
r0029_c0027,5.4,1882,202576.0,10.0
r0029_c0028,7.8,1899,1279656.0,17.0
r0029_c0029,6.5,1901,822595.0,25.0
r0029_c0030,5.1,1890,655153.0,52.0
r0029_c0031,5.2,1897,613472.0,50.0
r0029_c0032,4.9,1881,640334.0,44.0
r0029_c0033,5.1,1904,474390.0,50.0
r0029_c0034,4.7,1894,257958.0,35.0
r0029_c0035,5.0,1892,491019.0,49.0
r0029_c0037,5.5,1906,383315.0,25.0
r0029_c0038,5.3,1926,645752.0,48.0
r0029_c0040,1.8,1958,80582.0,6.0
r0030_c0021,9.9,1944,1268877.0,12.0
r0030_c0022,15.3,1962,1949663.0,8.0
r0030_c0023,5.7,1867,1213224.0,30.0
r0030_c0024,4.1,1868,367694.0,48.0
r0030_c0025,4.9,1899,488292.0,43.0
r0030_c0026,5.8,1893,737065.0,42.0
r0030_c0028,8.8,1907,712261.0,12.0
r0030_c0029,7.1,1904,828138.0,26.0
r0030_c0030,5.6,1890,548779.0,28.0
r0030_c0031,6.9,1908,866449.0,38.0
r0030_c0032,4.8,1887,633328.0,50.0
r0030_c0033,4.8,1885,612164.0,69.0
r0030_c0034,4.6,1899,508115.0,73.0
r0030_c0035,4.9,1906,574510.0,70.0
r0030_c0036,4.6,1885,239166.0,35.0
r0030_c0037,5.1,1901,491934.0,53.0
r0030_c0038,5.6,1939,670591.0,39.0
r0030_c0039,9.0,1941,703921.0,16.0
r0031_c0020,25.0,1978,1614622.0,2.0
r0031_c0021,10.0,1972,1265345.0,4.0
r0031_c0022,8.7,1920,1605726.0,4.0
r0031_c0023,4.5,1910,915581.0,25.0
r0031_c0024,4.6,1898,542928.0,45.0
r0031_c0025,4.3,1875,399749.0,55.0
r0031_c0026,5.4,1886,798833.0,43.0
r0031_c0027,5.2,1900,288965.0,21.0
r0031_c0028,10.6,1963,1030900.0,7.0
r0031_c0029,9.1,1925,1054804.0,11.0
r0031_c0030,6.6,1885,1075540.0,26.0
r0031_c0031,6.8,1911,709252.0,12.0
r0031_c0032,5.1,1896,667300.0,55.0
r0031_c0033,4.8,1909,534944.0,54.0
r0031_c0034,5.2,1907,621931.0,73.0
r0031_c0035,4.8,1912,472121.0,61.0
r0031_c0036,5.1,1917,591472.0,38.0
r0031_c0037,5.0,1922,533076.0,59.0
r0031_c0038,4.5,1913,300978.0,47.0
r0031_c0039,10.2,1943,683248.0,12.0
r0032_c0020,13.0,2016,129685.0,1.0
r0032_c0021,5.7,1964,633292.0,11.0
r0032_c0022,4.8,1891,795520.0,30.0
r0032_c0023,3.9,1887,378527.0,49.0
r0032_c0024,4.3,1881,522724.0,67.0
r0032_c0025,4.1,1883,446965.0,48.0
r0032_c0026,5.1,1880,695974.0,46.0
r0032_c0027,6.8,1931,634515.0,9.0
r0032_c0028,7.8,1902,346329.0,5.0
r0032_c0029,9.1,1902,1299422.0,21.0
r0032_c0030,17.7,1916,1512225.0,8.0
r0032_c0031,9.6,1935,1703395.0,9.0
r0032_c0032,5.6,1897,719887.0,35.0
r0032_c0033,4.6,1883,360078.0,44.0
r0032_c0034,6.0,1910,692863.0,38.0
r0032_c0035,4.9,1908,467580.0,37.0
r0032_c0036,5.3,1921,748399.0,54.0
r0032_c0037,4.9,1919,371322.0,21.0
r0033_c0020,10.5,2012,323097.0,3.0
r0033_c0021,7.6,1925,650022.0,22.0
r0033_c0022,4.0,1868,547331.0,29.0
r0033_c0023,3.8,1864,477025.0,81.0
r0033_c0024,3.7,1868,462912.0,82.0
r0033_c0025,4.4,1874,488248.0,60.0
r0033_c0026,5.8,1886,900330.0,42.0
r0033_c0027,3.2,1914,61768.0,11.0
r0033_c0028,6.6,1899,931814.0,38.0
r0033_c0029,9.1,1943,983279.0,12.0
r0033_c0030,11.6,1940,1228115.0,9.0
r0033_c0031,8.7,1949,885558.0,7.0
r0033_c0032,7.9,1939,884929.0,14.0
r0033_c0033,5.0,1915,885157.0,45.0
r0033_c0034,4.9,1910,434133.0,37.0
r0033_c0035,5.2,1915,641223.0,37.0
r0034_c0020,3.8,1903,62865.0,10.0
r0034_c0021,4.8,1902,1059994.0,30.0
r0034_c0022,3.5,1901,245116.0,34.0
r0034_c0023,4.2,1867,747036.0,71.0
r0034_c0024,3.7,1887,487962.0,58.0
r0034_c0025,4.6,1869,643698.0,64.0
r0034_c0026,4.0,1883,512161.0,54.0
r0034_c0027,4.5,1878,633437.0,61.0
r0034_c0028,7.9,1882,1332957.0,27.0
r0034_c0029,5.5,1870,843442.0,45.0
r0034_c0030,7.9,1919,1194557.0,37.0
r0034_c0031,8.8,1924,1127640.0,22.0
r0034_c0032,6.7,1927,1193438.0,25.0
r0034_c0033,7.0,1928,703075.0,34.0
r0034_c0034,5.8,1917,723440.0,34.0
r0034_c0035,5.6,1914,429494.0,20.0
r0034_c0036,6.0,1922,654705.0,13.0
r0035_c0020,10.5,1984,171028.0,5.0
r0035_c0021,6.1,1946,794389.0,26.0
r0035_c0022,4.3,1887,567778.0,51.0
r0035_c0023,4.3,1880,585215.0,59.0
r0035_c0024,4.3,1879,541220.0,72.0
r0035_c0025,4.3,1884,546356.0,55.0
r0035_c0026,4.2,1883,538102.0,46.0
r0035_c0027,4.6,1865,707960.0,64.0
r0035_c0028,4.1,1853,596490.0,61.0
r0035_c0029,8.3,1893,1389364.0,26.0
r0035_c0030,6.9,1918,879083.0,33.0
r0035_c0031,7.3,1921,1071299.0,19.0
r0035_c0032,21.5,1992,1703326.0,4.0
r0035_c0033,6.9,1919,603898.0,20.0
r0035_c0034,5.1,1891,534230.0,28.0
r0035_c0035,5.8,1896,554845.0,10.0
r0035_c0036,4.8,1913,717252.0,66.0
r0035_c0037,4.1,1915,101976.0,23.0
r0036_c0020,10.0,2002,28354.0,2.0
r0036_c0021,5.3,1914,641428.0,43.0
r0036_c0022,3.8,1877,568103.0,73.0
r0036_c0023,4.2,1868,442168.0,71.0
r0036_c0024,3.5,1870,483093.0,92.0
r0036_c0025,4.2,1880,491623.0,62.0
r0036_c0026,3.5,1854,384006.0,65.0
r0036_c0027,4.3,1871,579641.0,43.0
r0036_c0028,5.7,1877,996407.0,46.0
r0036_c0029,8.3,1921,899657.0,20.0
r0036_c0030,8.2,1939,1529916.0,20.0
r0036_c0032,6.7,1910,766562.0,18.0
r0036_c0033,6.2,1898,1170911.0,24.0
r0036_c0034,5.9,1897,1329616.0,32.0
r0036_c0035,5.9,1922,942176.0,35.0
r0036_c0036,5.3,1921,539686.0,17.0
r0036_c0037,4.0,1918,438870.0,37.0
r0037_c0021,5.0,1891,1134341.0,26.0
r0037_c0022,4.0,1877,547761.0,57.0
r0037_c0023,4.7,1882,481603.0,29.0
r0037_c0024,3.7,1862,490622.0,92.0
r0037_c0025,3.9,1874,336830.0,44.0
r0037_c0026,5.5,1877,971557.0,27.0
r0037_c0027,5.5,1887,1150773.0,46.0
r0037_c0028,7.5,1923,1221340.0,23.0
r0037_c0029,11.6,1941,1724600.0,20.0
r0037_c0030,11.0,1911,1318830.0,17.0
r0037_c0031,7.3,1897,850174.0,28.0
r0037_c0032,7.8,1887,1122788.0,16.0
r0037_c0033,7.3,1915,1297016.0,38.0
r0037_c0034,5.2,1874,731793.0,51.0
r0037_c0035,7.4,1939,872935.0,21.0
r0037_c0036,7.3,1933,699970.0,21.0
r0037_c0037,8.0,1942,1363125.0,30.0
r0037_c0039,18.0,1950,1385425.0,3.0
r0038_c0020,,,,
r0038_c0021,7.3,1951,679960.0,15.0
r0038_c0022,3.6,1872,557203.0,76.0
r0038_c0023,4.3,1865,726824.0,65.0
r0038_c0024,4.8,1867,798226.0,67.0
r0038_c0025,4.4,1877,735191.0,56.0
r0038_c0026,6.8,1901,1083335.0,27.0
r0038_c0027,4.9,1917,712584.0,37.0
r0038_c0028,5.8,1928,748791.0,26.0
r0038_c0029,6.6,1910,1071702.0,44.0
r0038_c0030,9.8,1907,1662429.0,26.0
r0038_c0031,7.3,1889,1187877.0,25.0
r0038_c0032,8.0,1895,1432333.0,29.0
r0038_c0033,7.7,1883,1093741.0,23.0
r0038_c0034,12.9,1933,951483.0,13.0
r0038_c0035,8.0,1938,1162544.0,34.0
r0038_c0036,7.7,1936,1040641.0,26.0
r0038_c0037,12.0,1956,1519356.0,14.0
r0038_c0038,10.6,1948,1172377.0,17.0
r0039_c0021,6.2,1975,769421.0,5.0
r0039_c0022,3.3,1911,507126.0,36.0
r0039_c0023,5.1,1892,422665.0,19.0
r0039_c0024,4.7,1899,547530.0,33.0
r0039_c0025,5.7,1923,730961.0,45.0
r0039_c0026,5.5,1915,810425.0,52.0
r0039_c0027,7.4,1923,1039582.0,30.0
r0039_c0028,4.7,1918,700705.0,35.0
r0039_c0029,8.4,1908,1172042.0,15.0
r0039_c0030,7.9,1894,1319698.0,32.0
r0039_c0031,7.8,1881,1131365.0,26.0
r0039_c0032,7.9,1889,1604240.0,44.0
r0039_c0033,11.9,1922,1359355.0,21.0
r0039_c0034,8.8,1924,1164267.0,18.0
r0039_c0035,10.8,1952,1961412.0,18.0
r0039_c0036,6.8,1934,1066141.0,34.0
r0039_c0037,6.5,1926,952254.0,37.0
r0039_c0038,19.0,1950,466925.0,3.0
r0040_c0021,9.2,1958,361948.0,5.0
r0040_c0022,4.9,1917,744264.0,17.0
r0040_c0023,5.5,1900,671376.0,21.0
r0040_c0024,5.4,1908,2596616.0,34.0
r0040_c0025,6.2,1926,489759.0,21.0
r0040_c0026,5.8,1916,1043204.0,55.0
r0040_c0027,8.5,1945,894014.0,17.0
r0040_c0028,7.3,1929,989188.0,25.0
r0040_c0029,5.8,1884,939856.0,17.0
r0040_c0030,8.0,1896,1511901.0,38.0
r0040_c0031,8.8,1907,1396017.0,26.0
r0040_c0032,9.9,1902,857239.0,13.0
r0040_c0033,17.6,1931,3347646.0,11.0
r0040_c0034,9.8,1931,836944.0,14.0
r0040_c0035,7.3,1923,584904.0,17.0
r0040_c0036,6.8,1925,999215.0,32.0
r0040_c0037,6.5,1931,941427.0,36.0
r0040_c0038,8.0,1927,1031774.0,20.0
r0040_c0039,7.2,1929,747613.0,17.0
r0041_c0021,3.0,1910,6735.0,1.0
r0041_c0022,5.6,1937,618700.0,8.0
r0041_c0023,9.2,1969,1658589.0,8.0
r0041_c0024,5.6,1915,583156.0,28.0
r0041_c0025,4.3,1911,487930.0,37.0
r0041_c0026,4.7,1917,656454.0,52.0
r0041_c0027,5.7,1918,896879.0,54.0
r0041_c0028,7.4,1932,1230973.0,32.0
r0041_c0029,10.0,1940,1192608.0,22.0
r0041_c0030,6.1,1887,1166867.0,19.0
r0041_c0031,7.5,1891,1277165.0,20.0
r0041_c0032,11.2,1916,996334.0,4.0
r0041_c0033,3.0,1902,92000.0,2.0
r0041_c0034,21.9,1932,2703423.0,8.0
r0041_c0035,7.0,1922,1386658.0,35.0
r0041_c0036,5.6,1926,724197.0,46.0
r0041_c0037,6.5,1926,1076248.0,39.0
r0041_c0038,5.0,1921,758845.0,46.0
r0041_c0039,4.8,1932,250346.0,9.0
r0041_c0040,18.3,1970,1498860.0,5.0
r0042_c0022,9.8,1937,1250359.0,5.0
r0042_c0023,4.6,1941,504799.0,13.0
r0042_c0024,4.2,1906,698574.0,26.0
r0042_c0025,3.7,1887,459736.0,66.0
r0042_c0026,4.2,1906,426890.0,57.0
r0042_c0027,4.8,1912,692787.0,63.0
r0042_c0028,5.4,1914,868587.0,39.0
r0042_c0029,9.3,1937,1100665.0,27.0
r0042_c0030,14.4,1937,1392771.0,20.0
r0042_c0031,11.4,1926,1955675.0,28.0
r0042_c0032,9.3,1891,1720486.0,29.0
r0042_c0033,11.6,1908,1298514.0,14.0
r0042_c0034,14.1,1930,1859045.0,14.0
r0042_c0035,11.9,1930,1373982.0,21.0
r0042_c0036,5.5,1920,647367.0,60.0
r0042_c0037,5.8,1924,519052.0,35.0
r0042_c0038,4.8,1911,660352.0,65.0
r0042_c0039,4.3,1911,348406.0,33.0
r0042_c0040,8.2,1935,1034768.0,24.0
r0042_c0041,17.0,1942,3214211.0,14.0
r0043_c0022,13.2,1993,1458408.0,10.0
r0043_c0023,5.6,1908,661069.0,45.0
r0043_c0024,4.4,1875,489036.0,29.0
r0043_c0025,4.2,1876,581615.0,58.0
r0043_c0026,4.9,1882,762525.0,54.0
r0043_c0027,4.8,1920,647747.0,31.0
r0043_c0028,6.9,1926,1551257.0,26.0
r0043_c0029,10.0,1924,1614526.0,27.0
r0043_c0030,9.6,1923,1675777.0,40.0
r0043_c0031,12.0,1914,1623276.0,20.0
r0043_c0032,8.9,1917,1555858.0,40.0
r0043_c0033,11.2,1906,1575670.0,27.0
r0043_c0034,15.4,1938,1869825.0,25.0
r0043_c0035,11.2,1925,1499002.0,27.0
r0043_c0036,7.2,1923,1452648.0,46.0
r0043_c0037,10.3,1930,2022623.0,18.0
r0043_c0038,7.6,1925,1071207.0,31.0
r0043_c0039,6.3,1926,1236693.0,37.0
r0043_c0040,6.2,1924,482064.0,13.0
r0043_c0041,4.0,1950,180236.0,3.0
r0043_c0042,32.2,1985,1828071.0,7.0
r0044_c0021,10.0,2004,1500.0,1.0
r0044_c0022,5.8,1946,865325.0,20.0
r0044_c0023,4.5,1900,442649.0,18.0
r0044_c0024,4.4,1863,495884.0,74.0
r0044_c0025,4.9,1882,363995.0,38.0
r0044_c0026,11.7,1935,1275106.0,11.0
r0044_c0027,4.4,1917,194360.0,11.0
r0044_c0028,6.3,1930,814060.0,25.0
r0044_c0029,8.3,1943,1146367.0,15.0
r0044_c0030,12.6,1923,2058544.0,31.0
r0044_c0031,8.0,1931,1123521.0,49.0
r0044_c0032,8.8,1935,1094724.0,30.0
r0044_c0033,8.9,1915,921127.0,25.0
r0044_c0034,14.2,1939,1994962.0,26.0
r0044_c0035,13.3,1926,2000231.0,27.0
r0044_c0036,20.8,1939,2118322.0,6.0
r0044_c0037,14.6,1942,2212896.0,17.0
r0044_c0038,8.9,1930,1607005.0,36.0
r0044_c0039,6.8,1922,1053598.0,36.0
r0044_c0040,6.8,1947,295796.0,11.0
r0044_c0041,14.6,1938,1119398.0,13.0
r0044_c0042,8.8,1935,569734.0,4.0
r0045_c0022,7.4,1951,1085137.0,17.0
r0045_c0023,5.6,1939,646661.0,23.0
r0045_c0024,4.7,1883,868030.0,36.0
r0045_c0025,5.5,1912,1444670.0,38.0
r0045_c0026,10.3,1941,455063.0,6.0
r0045_c0028,7.5,1923,864027.0,14.0
r0045_c0029,12.6,1960,1867714.0,15.0
r0045_c0030,10.4,1934,1815472.0,26.0
r0045_c0031,12.9,1934,2193801.0,24.0
r0045_c0032,10.8,1925,1265076.0,21.0
r0045_c0033,13.2,1918,2445310.0,28.0
r0045_c0034,12.3,1922,1136294.0,12.0
r0045_c0035,12.7,1922,1317635.0,16.0
r0045_c0036,12.0,1935,1555503.0,23.0
r0045_c0037,6.3,1881,957413.0,41.0
r0045_c0038,6.1,1891,1115733.0,61.0
r0045_c0039,7.1,1919,875590.0,35.0
r0045_c0040,9.3,1931,1478498.0,22.0
r0045_c0041,15.1,1946,1769885.0,13.0
r0045_c0042,28.0,1967,1526294.0,4.0
r0045_c0043,1.0,,74550.0,3.0
r0046_c0022,11.5,1991,111852.0,5.0
r0046_c0023,6.1,1958,1025199.0,16.0
r0046_c0024,4.8,1937,703762.0,29.0
r0046_c0025,14.0,1957,1347096.0,9.0
r0046_c0026,3.0,1950,103085.0,2.0
r0046_c0028,5.0,1913,263527.0,29.0
r0046_c0029,8.4,1924,1269600.0,33.0
r0046_c0030,8.5,1928,1073632.0,16.0
r0046_c0031,14.0,1932,2248293.0,11.0
r0046_c0032,11.2,1949,2026184.0,8.0
r0046_c0033,9.3,1928,1885984.0,21.0
r0046_c0034,16.3,1929,3816962.0,12.0
r0046_c0035,10.3,1924,1898925.0,21.0
r0046_c0036,9.8,1926,1480072.0,16.0
r0046_c0037,9.0,1934,890019.0,24.0
r0046_c0038,6.7,1896,1182657.0,51.0
r0046_c0039,7.9,1924,1483579.0,44.0
r0046_c0040,18.5,1963,2519184.0,12.0
r0046_c0041,23.8,1968,1551481.0,9.0
r0046_c0042,10.9,1907,952900.0,13.0
r0046_c0043,14.8,1928,226403.0,3.0
r0047_c0022,5.7,1965,1287788.0,3.0
r0047_c0023,7.8,1941,1013494.0,11.0
r0047_c0024,5.2,1952,636850.0,24.0
r0047_c0027,5.2,1897,1067618.0,40.0
r0047_c0028,6.1,1930,704049.0,25.0
r0047_c0029,6.2,1928,146007.0,11.0
r0047_c0031,3.8,1939,266495.0,11.0
r0047_c0032,8.0,1924,3267963.0,15.0
r0047_c0033,10.1,1934,1064335.0,16.0
r0047_c0034,10.0,1939,1684445.0,40.0
r0047_c0035,14.8,1936,2092725.0,22.0
r0047_c0036,15.3,1933,2104912.0,19.0
r0047_c0037,10.5,1936,2213821.0,26.0
r0047_c0038,10.0,1924,2079913.0,18.0
r0047_c0039,13.6,1935,1971709.0,15.0
r0047_c0040,27.4,1959,2357434.0,5.0
r0047_c0041,22.7,1950,2941177.0,7.0
r0047_c0042,12.9,1941,1593434.0,18.0
r0047_c0043,16.9,1965,2337063.0,13.0
r0048_c0023,4.3,1900,195720.0,4.0
r0048_c0024,10.2,1980,1433524.0,14.0
r0048_c0025,13.4,1948,745309.0,9.0
r0048_c0026,11.0,1924,1712146.0,3.0
r0048_c0027,36.5,1985,2852589.0,4.0
r0048_c0028,5.0,1934,1094973.0,1.0
r0048_c0029,26.3,1977,1287389.0,3.0
r0048_c0030,17.0,1952,3369505.0,12.0
r0048_c0031,14.2,1937,2223008.0,19.0
r0048_c0032,10.5,1918,1892225.0,23.0
r0048_c0033,17.3,1930,2244244.0,12.0
r0048_c0034,11.9,1937,2140599.0,37.0
r0048_c0035,12.3,1939,2261540.0,31.0
r0048_c0036,18.4,1927,2101349.0,13.0
r0048_c0037,17.8,1926,2257315.0,22.0
r0048_c0038,21.0,1930,2747434.0,8.0
r0048_c0039,30.0,1942,2651508.0,5.0
r0048_c0040,16.6,1936,2815498.0,14.0
r0048_c0041,17.8,1943,2261211.0,12.0
r0048_c0042,10.4,1937,1554350.0,27.0
r0048_c0043,15.1,1963,1951077.0,16.0
r0049_c0024,37.7,1979,1438534.0,3.0
r0049_c0027,20.4,1942,2680187.0,10.0
r0049_c0028,8.3,1942,1385123.0,10.0
r0049_c0029,14.3,1939,2343973.0,13.0
r0049_c0030,11.6,1927,2214856.0,19.0
r0049_c0031,11.8,1920,2251482.0,22.0
r0049_c0032,15.5,1925,2104508.0,10.0
r0049_c0033,28.8,1930,3927898.0,9.0
r0049_c0034,17.9,1946,1803785.0,18.0
r0049_c0035,9.8,1918,976519.0,17.0
r0049_c0036,3.5,1911,284249.0,4.0
r0049_c0037,20.5,1948,3057010.0,12.0
r0049_c0038,44.5,1966,2552879.0,2.0
r0049_c0039,31.0,1927,1044054.0,4.0
r0049_c0040,12.0,1936,1169913.0,14.0
r0049_c0041,6.1,1935,1304083.0,21.0
r0049_c0042,17.6,1965,1711369.0,17.0
r0049_c0043,13.8,1948,1665395.0,11.0
r0049_c0044,13.7,1941,1971564.0,26.0
r0049_c0045,8.6,1924,849237.0,23.0
r0049_c0046,6.1,1918,410040.0,16.0
r0050_c0025,71.0,2015,820201.0,4.0
r0050_c0026,38.5,1973,3060370.0,2.0
r0050_c0027,11.7,1955,709947.0,13.0
r0050_c0028,10.6,1933,820171.0,8.0
r0050_c0029,9.9,1940,1337630.0,39.0
r0050_c0030,16.4,1944,2347859.0,18.0
r0050_c0031,13.8,1927,2306675.0,24.0
r0050_c0032,10.5,1921,1935020.0,22.0
r0050_c0033,16.3,1941,1932661.0,10.0
r0050_c0034,25.0,1942,4125103.0,12.0
r0050_c0036,19.8,1921,3947674.0,12.0
r0050_c0037,23.5,1935,2502282.0,10.0
r0050_c0038,14.2,1932,1880957.0,14.0
r0050_c0039,23.0,1921,2667852.0,5.0
r0050_c0041,17.6,1948,2681099.0,14.0
r0050_c0042,9.8,1917,2001009.0,27.0
r0050_c0043,5.5,1895,829797.0,56.0
r0050_c0044,6.9,1925,1143604.0,49.0
r0050_c0045,7.1,1927,1068894.0,37.0
r0050_c0046,10.3,1926,1704146.0,24.0
r0051_c0025,32.5,2016,1631457.0,2.0
r0051_c0026,39.0,2018,3615388.0,5.0
r0051_c0027,7.7,1933,1125070.0,30.0
r0051_c0028,7.9,1943,696087.0,12.0
r0051_c0029,6.7,1930,782808.0,31.0
r0051_c0030,18.1,1958,2239415.0,28.0
r0051_c0031,12.5,1944,1106627.0,24.0
r0051_c0032,17.5,1945,2271285.0,11.0
r0051_c0033,18.5,1932,2907432.0,10.0
r0051_c0034,29.7,1956,4525567.0,6.0
r0051_c0035,16.4,1927,1282102.0,6.0
r0051_c0036,14.0,1921,2384264.0,24.0
r0051_c0037,12.2,1932,1935490.0,26.0
r0051_c0038,16.5,1944,2599504.0,15.0
r0051_c0039,20.0,1951,3455680.0,8.0
r0051_c0040,40.0,1964,2695717.0,3.0
r0051_c0041,24.0,1940,2374004.0,6.0
r0051_c0042,18.7,1947,2197103.0,16.0
r0051_c0043,6.6,1921,1015037.0,48.0
r0051_c0044,5.9,1923,1000997.0,50.0
r0051_c0045,6.2,1915,938717.0,47.0
r0051_c0046,11.4,1932,1506319.0,18.0
r0051_c0047,18.2,1958,1413981.0,7.0
r0051_c0048,20.0,1958,1048297.0,2.0
r0051_c0051,12.5,2016,457896.0,4.0
r0052_c0026,8.0,1948,315499.0,9.0
r0052_c0027,11.3,1941,1274501.0,10.0
r0052_c0028,10.7,1948,461759.0,4.0
r0052_c0029,4.1,1909,195675.0,31.0
r0052_c0030,15.1,1957,1058254.0,13.0
r0052_c0031,19.5,1940,2052775.0,2.0
r0052_c0032,17.1,1973,2140502.0,8.0
r0052_c0033,12.2,1942,2456135.0,11.0
r0052_c0034,9.8,1935,764296.0,8.0
r0052_c0035,18.7,1936,3602905.0,22.0
r0052_c0036,10.3,1933,1800368.0,14.0
r0052_c0037,10.2,1934,1883581.0,38.0
r0052_c0038,11.5,1937,1494223.0,18.0
r0052_c0039,13.4,1939,1884835.0,22.0
r0052_c0040,27.8,1963,2960505.0,6.0
r0052_c0041,30.2,1950,2582966.0,4.0
r0052_c0042,27.0,1958,2996610.0,7.0
r0052_c0043,11.1,1943,1572006.0,14.0
r0052_c0044,7.5,1926,1209648.0,43.0
r0052_c0045,7.6,1929,1442545.0,39.0
r0052_c0046,8.4,1935,1105221.0,23.0
r0052_c0047,15.4,1946,2505464.0,14.0
r0052_c0048,6.5,1912,654798.0,19.0
r0053_c0026,18.3,1983,457678.0,4.0
r0053_c0027,2.5,1949,66045.0,4.0
r0053_c0028,19.5,1971,1041160.0,8.0
r0053_c0029,21.0,1994,1558464.0,6.0
r0053_c0030,7.6,1939,672867.0,19.0
r0053_c0031,7.3,1942,895063.0,30.0
r0053_c0032,9.6,1936,1558140.0,17.0
r0053_c0033,4.9,1922,285356.0,11.0
r0053_c0034,16.8,1968,4711655.0,10.0
r0053_c0035,11.7,1932,2188034.0,22.0
r0053_c0036,20.4,1949,3396772.0,8.0
r0053_c0037,18.8,1931,4399742.0,11.0
r0053_c0038,8.7,1940,445062.0,6.0
r0053_c0039,23.5,1934,1875283.0,8.0
r0053_c0040,17.8,1940,2522095.0,14.0
r0053_c0042,43.8,1981,2845514.0,4.0
r0053_c0043,18.5,1955,3210112.0,13.0
r0053_c0044,24.5,1952,2877733.0,7.0
r0053_c0045,9.1,1920,1325606.0,23.0
r0053_c0046,11.9,1934,1356379.0,21.0
r0053_c0047,9.1,1922,921342.0,32.0
r0053_c0048,14.7,1938,1881882.0,19.0
r0053_c0049,6.5,1909,272477.0,10.0
r0053_c0053,25.0,2021,553786.0,2.0
r0054_c0024,,,0.0,3.0
r0054_c0026,7.0,1986,708458.0,2.0
r0054_c0027,3.0,1940,68085.0,7.0
r0054_c0028,16.1,1982,1372873.0,12.0
r0054_c0029,6.1,1919,2255312.0,27.0
r0054_c0030,4.1,1907,446177.0,56.0
r0054_c0031,4.5,1928,670310.0,47.0
r0054_c0032,4.8,1922,988772.0,51.0
r0054_c0033,11.4,1945,2281645.0,23.0
r0054_c0034,16.5,1952,2070474.0,12.0
r0054_c0035,13.2,1944,1873554.0,25.0
r0054_c0036,45.7,1980,5449273.0,3.0
r0054_c0038,27.5,1954,5455446.0,9.0
r0054_c0039,14.3,1932,2192653.0,10.0
r0054_c0040,13.8,1944,2478105.0,21.0
r0054_c0041,17.5,1953,2224020.0,18.0
r0054_c0042,12.9,1944,1493287.0,19.0
r0054_c0043,11.4,1944,1489433.0,21.0
r0054_c0044,9.3,1943,1114330.0,18.0
r0054_c0045,7.4,1921,1359246.0,40.0
r0054_c0046,9.1,1918,1438458.0,22.0
r0054_c0047,5.8,1910,479439.0,22.0
r0054_c0048,14.4,1927,859813.0,10.0
r0054_c0049,16.3,1983,1002804.0,7.0
r0054_c0053,17.2,2006,741199.0,5.0
r0055_c0026,37.2,1982,2224128.0,5.0
r0055_c0027,31.2,1983,1472343.0,4.0
r0055_c0028,7.0,1956,1290761.0,13.0
r0055_c0029,5.6,1926,521742.0,31.0
r0055_c0030,4.9,1910,617651.0,57.0
r0055_c0031,4.5,1916,524232.0,68.0
r0055_c0032,4.5,1920,537289.0,62.0
r0055_c0033,7.0,1934,963335.0,32.0
r0055_c0034,13.9,1941,2480104.0,19.0
r0055_c0035,9.4,1928,911676.0,8.0
r0055_c0038,21.2,1999,2265736.0,8.0
r0055_c0039,17.2,1940,1485612.0,13.0
r0055_c0040,14.3,1925,2153879.0,16.0
r0055_c0041,15.9,1931,2056919.0,13.0
r0055_c0042,26.6,1964,2092389.0,9.0
r0055_c0043,11.4,1930,2318696.0,28.0
r0055_c0044,14.4,1959,2236663.0,13.0
r0055_c0045,6.5,1928,1202224.0,34.0
r0055_c0046,4.6,1918,347114.0,30.0
r0055_c0047,6.8,1925,824944.0,40.0
r0055_c0048,6.4,1925,810059.0,38.0
r0055_c0049,14.3,1955,1532798.0,7.0
r0055_c0051,,,0.0,0.0
r0056_c0027,5.7,1932,1106515.0,10.0
r0056_c0028,8.8,1950,1194944.0,17.0
r0056_c0029,4.9,1926,535878.0,36.0
r0056_c0030,4.6,1920,452439.0,48.0
r0056_c0031,4.7,1922,582986.0,71.0
r0056_c0032,5.9,1918,1037118.0,55.0
r0056_c0033,8.6,1938,2040042.0,17.0
r0056_c0034,11.0,1946,3281475.0,18.0
r0056_c0035,13.4,1938,1634312.0,14.0
r0056_c0036,25.3,1945,2360021.0,6.0
r0056_c0037,33.0,1964,2421771.0,5.0
r0056_c0038,31.5,1956,3448147.0,8.0
r0056_c0039,7.4,1926,1592767.0,54.0
r0056_c0040,11.7,1926,1378449.0,17.0
r0056_c0041,16.6,1958,3084044.0,19.0
r0056_c0042,20.8,1937,1861696.0,14.0
r0056_c0043,17.2,1947,2185864.0,14.0
r0056_c0044,13.1,1932,1595475.0,7.0
r0056_c0045,8.9,1925,1334151.0,33.0
r0056_c0046,4.1,1881,406494.0,79.0
r0056_c0047,11.1,1954,1183362.0,20.0
r0056_c0048,8.6,1929,1021763.0,19.0
r0056_c0049,5.9,1919,763701.0,31.0
r0056_c0050,6.2,1917,346195.0,12.0
r0056_c0051,6.0,1940,1200000.0,23.0
r0057_c0027,3.8,1936,211144.0,16.0
r0057_c0028,5.7,1964,1243738.0,20.0
r0057_c0029,5.0,1939,653037.0,27.0
r0057_c0030,5.0,1916,501350.0,28.0
r0057_c0031,5.0,1909,1183470.0,53.0
r0057_c0032,4.5,1911,422175.0,55.0
r0057_c0033,5.0,1924,743161.0,47.0
r0057_c0034,8.9,1939,1036978.0,22.0
r0057_c0035,16.1,1942,2050476.0,17.0
r0057_c0036,23.4,1936,1926104.0,10.0
r0057_c0037,22.8,1939,2356965.0,15.0
r0057_c0038,18.3,1956,2320072.0,14.0
r0057_c0039,15.1,1938,1511160.0,14.0
r0057_c0040,18.9,1943,2971295.0,9.0
r0057_c0041,28.8,1960,2340602.0,4.0
r0057_c0042,17.1,1941,1662477.0,10.0
r0057_c0043,12.8,1926,1767500.0,24.0
r0057_c0044,4.9,1901,686488.0,71.0
r0057_c0045,5.5,1913,919011.0,57.0
r0057_c0046,12.8,1932,1548368.0,20.0
r0057_c0047,15.6,1961,1443088.0,9.0
r0057_c0048,7.0,1927,1343298.0,40.0
r0057_c0049,9.9,1936,1010917.0,19.0
r0057_c0050,8.0,1940,982955.0,9.0
r0057_c0052,27.0,1956,2230742.0,7.0
r0058_c0028,3.6,1963,360505.0,7.0
r0058_c0029,4.6,1931,347156.0,22.0
r0058_c0030,6.9,1930,840267.0,19.0
r0058_c0031,4.2,1913,349907.0,36.0
r0058_c0032,5.5,1931,669620.0,25.0
r0058_c0033,5.0,1929,701002.0,46.0
r0058_c0034,5.2,1940,594693.0,22.0
r0058_c0035,6.6,1928,1503292.0,29.0
r0058_c0036,21.6,1949,3416008.0,13.0
r0058_c0037,22.6,1922,2041528.0,8.0
r0058_c0038,20.9,1935,2625250.0,22.0
r0058_c0039,19.0,1929,1579139.0,12.0
r0058_c0040,19.6,1943,875037.0,6.0
r0058_c0042,10.7,1905,1839303.0,18.0
r0058_c0043,6.8,1904,989974.0,38.0
r0058_c0044,6.4,1897,992295.0,30.0
r0058_c0045,5.0,1897,733628.0,65.0
r0058_c0046,6.9,1907,1050678.0,34.0
r0058_c0047,13.3,1932,1119872.0,12.0
r0058_c0048,17.5,1947,1093752.0,16.0
r0058_c0049,6.0,1921,439336.0,20.0
r0058_c0050,7.5,1919,1125395.0,15.0
r0058_c0051,15.0,1991,1668489.0,5.0
r0058_c0052,19.0,1959,1451066.0,5.0
r0058_c0053,22.3,1970,518083.0,3.0
r0059_c0028,3.2,1966,174399.0,7.0
r0059_c0029,4.0,1930,460852.0,15.0
r0059_c0030,9.6,1965,1174263.0,18.0
r0059_c0031,12.3,1938,439206.0,9.0
r0059_c0032,5.4,1935,853282.0,31.0
r0059_c0033,5.8,1925,674076.0,28.0
r0059_c0034,7.0,1924,1304028.0,26.0
r0059_c0035,20.6,1946,2068577.0,12.0
r0059_c0036,36.8,1940,2550037.0,6.0
r0059_c0037,18.0,1937,1459093.0,11.0
r0059_c0042,9.6,1908,591868.0,15.0
r0059_c0043,5.0,1898,777035.0,54.0
r0059_c0044,6.3,1894,939921.0,43.0
r0059_c0045,5.6,1894,771274.0,39.0
r0059_c0046,7.4,1912,993093.0,21.0
r0059_c0047,10.8,1931,1462666.0,23.0
r0059_c0048,7.9,1930,1595325.0,19.0
r0059_c0049,5.2,1912,1242723.0,45.0
r0059_c0050,8.3,1929,1026901.0,23.0
r0059_c0051,10.2,1926,1549119.0,21.0
r0059_c0052,11.6,1938,1102144.0,10.0
r0059_c0053,11.1,1944,2022529.0,12.0
r0060_c0028,2.6,1964,78964.0,6.0
r0060_c0030,25.7,1964,1610818.0,4.0
r0060_c0031,7.5,1970,470439.0,10.0
r0060_c0032,5.6,1922,738155.0,16.0
r0060_c0033,6.1,1918,1299916.0,32.0
r0060_c0034,7.1,1916,753440.0,18.0
r0060_c0035,17.9,1959,3084080.0,13.0
r0060_c0043,6.8,1912,847239.0,28.0
r0060_c0044,6.3,1891,971483.0,47.0
r0060_c0045,7.4,1903,726786.0,17.0
r0060_c0046,12.6,1947,1266683.0,6.0
r0060_c0047,8.0,1903,1717488.0,22.0
r0060_c0048,9.3,1938,1396362.0,22.0
r0060_c0049,7.2,1931,912381.0,33.0
r0060_c0050,12.2,1937,1523615.0,20.0
r0060_c0051,6.5,1922,819070.0,33.0
r0060_c0052,7.7,1921,1379875.0,31.0
r0060_c0053,6.0,1933,308404.0,19.0
r0060_c0054,22.0,1978,352994.0,7.0
r0061_c0029,8.0,1915,472491.0,3.0
r0061_c0030,8.4,1938,711578.0,9.0
r0061_c0031,8.0,1960,951428.0,4.0
r0061_c0032,5.2,1924,885476.0,21.0
r0061_c0033,7.6,1934,1909055.0,19.0
r0061_c0034,16.6,1925,1269615.0,7.0
r0061_c0035,18.7,1948,1515631.0,8.0
r0061_c0043,10.4,1915,684681.0,9.0
r0061_c0044,6.3,1893,962438.0,45.0
r0061_c0045,5.9,1901,790848.0,43.0
r0061_c0046,5.8,1898,688320.0,51.0
r0061_c0047,5.4,1889,931077.0,59.0
r0061_c0048,8.4,1928,1166468.0,22.0
r0061_c0049,7.8,1925,1085902.0,31.0
r0061_c0050,7.5,1919,1303156.0,33.0
r0061_c0051,8.1,1925,1185105.0,25.0
r0061_c0052,5.9,1923,918013.0,45.0
r0061_c0053,7.6,1935,1330811.0,25.0
r0061_c0055,7.0,1910,75854.0,1.0
r0062_c0030,23.5,1978,1204846.0,2.0
r0062_c0031,22.7,2008,1529765.0,3.0
r0062_c0032,13.5,1981,1648831.0,6.0
r0062_c0033,29.0,1986,982238.0,3.0
r0062_c0034,26.0,1951,1619356.0,5.0
r0062_c0035,20.3,1957,565314.0,3.0
r0062_c0036,20.4,1962,1549666.0,7.0
r0062_c0044,11.2,1930,1258013.0,13.0
r0062_c0045,6.6,1917,919793.0,27.0
r0062_c0046,14.6,1931,1202726.0,13.0
r0062_c0047,6.8,1894,1291808.0,44.0
r0062_c0048,7.0,1909,1299332.0,34.0
r0062_c0049,6.4,1925,1039970.0,45.0
r0062_c0050,8.4,1925,1231001.0,25.0
r0062_c0051,5.9,1917,1282350.0,42.0
r0062_c0052,5.6,1927,655546.0,37.0
r0062_c0053,5.3,1925,673789.0,40.0
r0062_c0054,7.1,1912,877496.0,16.0
r0062_c0055,11.3,1940,994856.0,10.0
r0063_c0030,43.0,1959,632629.0,2.0
r0063_c0031,39.7,2014,1677708.0,3.0
r0063_c0032,14.1,1981,1340675.0,9.0
r0063_c0033,5.5,1942,194055.0,2.0
r0063_c0035,5.5,1964,524873.0,4.0
r0063_c0036,19.0,1947,1494911.0,5.0
r0063_c0037,10.2,1934,1550913.0,21.0
r0063_c0044,16.0,1936,317363.0,2.0
r0063_c0045,7.1,1907,1067328.0,33.0
r0063_c0046,6.9,1899,1106324.0,43.0
r0063_c0047,6.6,1904,929391.0,35.0
r0063_c0048,5.5,1908,747792.0,43.0
r0063_c0049,8.0,1931,1012580.0,27.0
r0063_c0050,7.0,1927,1522932.0,39.0
r0063_c0051,6.0,1917,735926.0,45.0
r0063_c0052,7.3,1920,1025671.0,37.0
r0063_c0053,9.8,1936,1406025.0,24.0
r0063_c0054,9.5,1936,1337070.0,20.0
r0063_c0055,6.7,1928,1017732.0,36.0
r0063_c0056,18.0,1948,1244392.0,9.0
r0064_c0030,39.0,2016,403809.0,1.0
r0064_c0031,26.7,2015,1567308.0,3.0
r0064_c0033,9.0,1915,931440.0,17.0
r0064_c0036,19.5,1952,403553.0,4.0
r0064_c0037,10.7,1940,1393374.0,16.0
r0064_c0038,9.5,1911,1022050.0,17.0
r0064_c0045,6.8,1891,813931.0,29.0
r0064_c0046,6.0,1898,1007833.0,39.0
r0064_c0047,7.6,1908,909589.0,26.0
r0064_c0048,8.5,1944,1163980.0,20.0
r0064_c0049,7.5,1933,1336559.0,33.0
r0064_c0050,6.6,1912,1116486.0,38.0
r0064_c0051,8.1,1940,1067205.0,23.0
r0064_c0052,8.2,1932,1443337.0,26.0
r0064_c0053,9.0,1937,1261487.0,22.0
r0064_c0054,6.7,1924,1095464.0,34.0
r0064_c0055,5.9,1915,1069085.0,44.0
r0064_c0056,8.9,1930,1303112.0,28.0
r0065_c0030,,,0.0,0.0
r0065_c0031,31.5,2008,705537.0,2.0
r0065_c0032,38.0,2002,1151762.0,3.0
r0065_c0033,14.2,1938,868564.0,6.0
r0065_c0034,7.0,1978,847252.0,2.0
r0065_c0035,16.4,1956,1547265.0,10.0
r0065_c0036,15.9,1944,1262259.0,8.0
r0065_c0037,5.9,1901,846025.0,48.0
r0065_c0038,5.3,1900,1047091.0,57.0
r0065_c0045,12.3,1929,180637.0,3.0
r0065_c0046,7.1,1903,1223129.0,44.0
r0065_c0047,10.1,1913,1416227.0,23.0
r0065_c0048,7.2,1896,1124632.0,34.0
r0065_c0049,8.7,1921,1246857.0,36.0
r0065_c0050,8.5,1927,1169502.0,29.0
r0065_c0051,5.5,1923,819801.0,45.0
r0065_c0052,5.7,1922,924657.0,53.0
r0065_c0053,5.5,1926,902682.0,43.0
r0065_c0054,5.8,1921,882930.0,60.0
r0065_c0055,4.9,1910,633743.0,55.0
r0065_c0056,6.9,1921,1097471.0,37.0
r0065_c0057,4.2,1886,125950.0,12.0
r0066_c0032,18.3,2000,1093645.0,4.0
r0066_c0034,29.0,1963,1627576.0,3.0
r0066_c0035,15.3,1977,1365724.0,8.0
r0066_c0036,8.3,1902,1370400.0,22.0
r0066_c0037,4.7,1892,661134.0,56.0
r0066_c0038,4.8,1894,749530.0,77.0
r0066_c0046,6.2,1896,562583.0,23.0
r0066_c0047,6.6,1910,938374.0,44.0
r0066_c0048,9.8,1921,1211265.0,29.0
r0066_c0049,6.4,1912,925279.0,42.0
r0066_c0050,5.4,1915,823395.0,53.0
r0066_c0051,7.6,1933,1160321.0,42.0
r0066_c0052,5.9,1930,998849.0,50.0
r0066_c0053,4.7,1916,607479.0,60.0
r0066_c0054,7.7,1922,983436.0,29.0
r0066_c0055,7.7,1924,1285816.0,27.0
r0066_c0056,7.4,1922,1273883.0,42.0
r0066_c0057,5.5,1905,1199230.0,37.0
r0067_c0032,29.5,2000,892252.0,2.0
r0067_c0034,28.0,1986,752049.0,2.0
r0067_c0035,9.4,1920,865985.0,17.0
r0067_c0036,12.9,1917,1308798.0,13.0
r0067_c0037,6.2,1902,1007278.0,59.0
r0067_c0038,6.7,1902,801105.0,35.0
r0067_c0039,6.3,1902,1493693.0,35.0
r0067_c0046,,,,
r0067_c0047,7.4,1904,1178008.0,48.0
r0067_c0048,6.8,1920,697766.0,38.0
r0067_c0049,8.0,1918,1016172.0,22.0
r0067_c0050,5.6,1925,896463.0,45.0
r0067_c0051,8.1,1934,1159782.0,25.0
r0067_c0052,6.4,1925,1053584.0,49.0
r0067_c0053,7.9,1936,1412315.0,30.0
r0067_c0054,6.3,1930,671930.0,35.0
r0067_c0055,5.8,1922,851690.0,46.0
r0067_c0056,5.8,1924,692518.0,34.0
r0067_c0057,4.5,1917,649956.0,28.0
r0068_c0033,16.9,1938,1832677.0,8.0
r0068_c0034,6.0,1903,789901.0,28.0
r0068_c0035,5.2,1896,988851.0,60.0
r0068_c0036,8.1,1924,790101.0,19.0
r0068_c0037,5.3,1896,915174.0,55.0
r0068_c0038,4.5,1891,628481.0,51.0
r0068_c0039,4.4,1894,703775.0,72.0
r0068_c0040,5.4,1897,597585.0,33.0
r0068_c0047,7.7,1901,738872.0,18.0
r0068_c0048,6.4,1913,948504.0,37.0
r0068_c0049,9.1,1927,942114.0,14.0
r0068_c0050,8.9,1933,1391822.0,29.0
r0068_c0051,7.5,1932,1332175.0,19.0
r0068_c0052,10.2,1943,1390798.0,21.0
r0068_c0053,11.7,1950,1378664.0,20.0
r0068_c0054,4.7,1920,569769.0,39.0
r0068_c0055,8.2,1929,1199192.0,32.0
r0068_c0056,8.4,1940,1323826.0,26.0
r0069_c0032,,,0.0,0.0
r0069_c0033,21.4,1946,1252099.0,7.0
r0069_c0034,6.6,1905,884209.0,38.0
r0069_c0035,7.0,1900,1293755.0,40.0
r0069_c0036,4.7,1908,766491.0,15.0
r0069_c0037,6.0,1897,1081160.0,39.0
r0069_c0038,4.3,1895,689144.0,66.0
r0069_c0039,5.4,1895,530243.0,26.0
r0069_c0040,6.9,1902,490069.0,13.0
r0069_c0047,,,,
r0069_c0048,8.4,1918,1243440.0,26.0
r0069_c0049,12.0,1941,1391017.0,11.0
r0069_c0050,12.5,1933,1033493.0,15.0
r0069_c0051,10.4,1944,1544931.0,17.0
r0069_c0052,6.4,1927,1052565.0,32.0
r0069_c0053,5.8,1920,840062.0,65.0
r0069_c0054,5.3,1925,561344.0,49.0
r0069_c0055,6.3,1928,1023743.0,43.0
r0069_c0056,7.1,1934,1110571.0,28.0
r0070_c0034,12.0,1914,46962.0,2.0
r0070_c0035,7.3,1909,1542255.0,24.0
r0070_c0036,7.5,1915,1102961.0,28.0
r0070_c0037,12.2,1943,1422916.0,13.0
r0070_c0038,4.7,1896,479849.0,33.0
r0070_c0039,4.5,1894,691599.0,62.0
r0070_c0048,15.8,1939,533907.0,5.0
r0070_c0049,12.0,1934,1556486.0,16.0
r0070_c0050,12.2,1927,1246094.0,14.0
r0070_c0051,8.0,1921,1082542.0,22.0
r0070_c0052,5.5,1916,968706.0,42.0
r0070_c0053,11.3,1932,1177783.0,18.0
r0070_c0054,16.7,1935,1556497.0,5.0
r0070_c0055,6.5,1931,922345.0,57.0
r0070_c0056,7.9,1923,833223.0,18.0
r0071_c0034,3.0,1936,11361.0,2.0
r0071_c0035,5.2,1896,845092.0,60.0
r0071_c0036,5.3,1895,843231.0,43.0
r0071_c0037,6.9,1921,856301.0,24.0
r0071_c0038,7.7,1905,1077808.0,32.0
r0071_c0039,5.9,1900,954849.0,53.0
r0071_c0040,6.0,1900,593315.0,28.0
r0071_c0041,6.3,1896,865185.0,28.0
r0071_c0042,5.4,1892,966461.0,19.0
r0071_c0049,9.1,1928,873141.0,18.0
r0071_c0050,14.4,1938,1982295.0,14.0
r0071_c0051,7.9,1910,1145536.0,23.0
r0071_c0052,4.5,1902,788160.0,55.0
r0071_c0053,4.8,1916,509078.0,35.0
r0071_c0054,19.5,1986,1806804.0,8.0
r0071_c0055,7.6,1928,948254.0,45.0
r0071_c0056,6.3,1936,968552.0,30.0
r0072_c0035,11.1,1915,474419.0,6.0
r0072_c0036,6.4,1899,955496.0,36.0
r0072_c0037,7.5,1909,775404.0,8.0
r0072_c0038,6.2,1912,815368.0,44.0
r0072_c0039,4.8,1897,729912.0,51.0
r0072_c0040,4.4,1895,665432.0,51.0
r0072_c0041,4.7,1890,586136.0,58.0
r0072_c0042,5.7,1900,1161264.0,44.0
r0072_c0049,6.0,1940,138248.0,3.0
r0072_c0050,6.3,1905,809663.0,30.0
r0072_c0051,5.4,1901,805458.0,44.0
r0072_c0052,6.9,1907,1330576.0,22.0
r0072_c0053,4.9,1908,832445.0,47.0
r0072_c0054,7.8,1930,1075975.0,29.0
r0072_c0055,7.1,1925,1210052.0,23.0
r0072_c0056,11.4,1960,511660.0,9.0
r0072_c0058,15.0,1976,296174.0,3.0
r0073_c0036,5.8,1902,474044.0,30.0
r0073_c0037,8.8,1918,1543703.0,27.0
r0073_c0038,6.9,1910,815400.0,20.0
r0073_c0039,4.9,1896,591046.0,48.0
r0073_c0040,4.8,1924,717041.0,24.0
r0073_c0041,5.6,1895,388479.0,21.0
r0073_c0042,5.2,1901,823616.0,63.0
r0073_c0043,8.2,1910,1017864.0,19.0
r0073_c0050,5.5,1899,766057.0,36.0
r0073_c0051,5.2,1905,720621.0,45.0
r0073_c0052,5.5,1909,664735.0,16.0
r0073_c0053,4.5,1898,640204.0,51.0
r0073_c0054,8.3,1942,926833.0,11.0
r0073_c0055,13.4,1957,900473.0,11.0
r0073_c0057,7.6,1947,1488089.0,11.0
r0073_c0059,8.5,1973,264185.0,3.0
r0074_c0036,,,,
r0074_c0037,6.0,1898,1016810.0,40.0
r0074_c0038,7.5,1907,864108.0,13.0
r0074_c0039,6.4,1920,1003257.0,32.0
r0074_c0040,6.6,1910,766050.0,31.0
r0074_c0041,5.8,1896,998203.0,55.0
r0074_c0042,4.9,1896,728487.0,55.0
r0074_c0043,4.4,1895,782441.0,67.0
r0074_c0050,11.0,1923,145697.0,4.0
r0074_c0051,6.7,1904,951376.0,38.0
r0074_c0052,9.8,1928,1234558.0,20.0
r0074_c0053,6.3,1927,922997.0,32.0
r0074_c0054,6.5,1927,664586.0,19.0
r0074_c0055,7.8,1941,330615.0,10.0
r0074_c0056,5.0,1901,107234.0,1.0
r0074_c0057,6.0,1940,206739.0,6.0
r0074_c0058,7.3,1994,586650.0,5.0
r0075_c0036,,,,
r0075_c0037,4.8,1897,1003347.0,55.0
r0075_c0038,8.7,1911,1348580.0,32.0
r0075_c0039,8.6,1915,969312.0,9.0
r0075_c0040,9.4,1921,1414617.0,12.0
r0075_c0041,3.8,1892,785330.0,72.0
r0075_c0042,4.7,1909,614893.0,24.0
r0075_c0043,4.3,1895,776945.0,71.0
r0075_c0044,6.6,1900,1053455.0,37.0
r0075_c0051,11.1,1923,897085.0,10.0
r0075_c0052,5.7,1920,483500.0,22.0
r0075_c0054,5.9,1926,438356.0,12.0
r0075_c0055,5.3,1926,505621.0,42.0
r0075_c0057,5.4,1949,261372.0,9.0
r0075_c0058,4.2,1930,853270.0,23.0
r0075_c0059,4.9,1938,228927.0,16.0
r0076_c0037,10.0,1908,1017000.0,15.0
r0076_c0038,7.3,1904,1312018.0,39.0
r0076_c0039,8.0,1914,902985.0,19.0
r0076_c0040,8.6,1922,990708.0,17.0
r0076_c0041,8.6,1929,913246.0,17.0
r0076_c0042,11.5,1970,830173.0,11.0
r0076_c0043,6.8,1908,540878.0,17.0
r0076_c0044,6.2,1930,971361.0,16.0
r0076_c0054,3.9,1904,231235.0,39.0
r0076_c0055,4.6,1919,460407.0,40.0
r0076_c0056,3.7,1917,241006.0,26.0
r0076_c0057,6.4,1946,816690.0,12.0
r0076_c0058,4.5,1922,449509.0,43.0
r0076_c0059,5.2,1917,336728.0,25.0
r0077_c0037,16.0,1928,236300.0,1.0
r0077_c0038,5.0,1896,754374.0,62.0
r0077_c0039,6.5,1901,936894.0,37.0
r0077_c0040,5.8,1906,1076158.0,28.0
r0077_c0041,7.7,1918,1238269.0,21.0
r0077_c0042,3.7,1911,482810.0,30.0
r0077_c0043,10.8,1931,1026968.0,22.0
r0077_c0044,5.6,1901,977231.0,28.0
r0077_c0045,4.6,1896,940599.0,56.0
r0077_c0052,15.0,1939,266556.0,3.0
r0077_c0053,16.0,1969,954404.0,4.0
r0077_c0054,6.4,1942,395910.0,9.0
r0077_c0055,5.7,1927,537491.0,25.0
r0077_c0056,3.9,1913,359105.0,51.0
r0077_c0057,3.4,1928,312770.0,30.0
r0077_c0058,4.5,1937,135055.0,13.0
r0077_c0059,13.0,1950,1014596.0,9.0
r0077_c0060,4.6,1936,133983.0,10.0
r0078_c0038,15.0,1926,380920.0,2.0
r0078_c0039,5.4,1901,868914.0,38.0
r0078_c0040,7.2,1908,1153703.0,30.0
r0078_c0041,10.1,1925,957836.0,12.0
r0078_c0042,6.7,1921,1103622.0,22.0
r0078_c0043,4.2,1910,1017086.0,55.0
r0078_c0044,11.4,1928,800019.0,11.0
r0078_c0045,7.0,1909,1197520.0,34.0
r0078_c0053,7.1,1955,411292.0,7.0
r0078_c0055,8.9,1950,217125.0,8.0
r0078_c0056,4.1,1909,473286.0,47.0
r0078_c0057,4.1,1916,223453.0,42.0
r0078_c0059,4.8,1919,356644.0,29.0
r0078_c0060,4.4,1931,297851.0,32.0
r0078_c0061,13.0,1913,257400.0,1.0
r0079_c0039,7.3,1905,327859.0,6.0
r0079_c0040,8.2,1908,1101191.0,24.0
r0079_c0041,9.9,1930,772111.0,41.0
r0079_c0042,6.7,1923,820474.0,26.0
r0079_c0043,6.9,1917,1336402.0,23.0
r0079_c0044,10.9,1940,935598.0,7.0
r0079_c0053,6.0,1914,200043.0,3.0
r0079_c0054,14.0,1956,1511665.0,9.0
r0079_c0055,8.7,1956,349612.0,5.0
r0079_c0056,9.8,1964,904622.0,7.0
r0079_c0057,4.1,1915,290279.0,50.0
r0079_c0058,4.7,1926,470907.0,23.0
r0079_c0059,4.0,1940,360913.0,52.0
r0079_c0060,4.7,1927,359643.0,33.0
r0079_c0061,5.0,1930,159004.0,9.0
r0079_c0062,3.0,1918,36037.0,4.0
r0079_c0063,4.4,1917,343949.0,12.0
r0080_c0039,11.7,1931,222145.0,3.0
r0080_c0040,7.1,1914,971745.0,18.0
r0080_c0041,12.8,1941,1029767.0,12.0
r0080_c0042,8.2,1914,815650.0,14.0
r0080_c0043,5.9,1920,381693.0,14.0
r0080_c0044,9.5,1960,1107991.0,5.0
r0080_c0046,6.7,1917,490203.0,12.0
r0080_c0047,7.5,1915,553424.0,22.0
r0080_c0054,9.2,1942,670823.0,7.0
r0080_c0055,4.8,1926,238817.0,14.0
r0080_c0056,20.0,1963,312560.0,2.0
r0080_c0057,5.0,1931,611818.0,29.0
r0080_c0058,3.9,1934,433180.0,48.0
r0080_c0059,3.9,1970,288850.0,38.0
r0080_c0061,14.0,1959,714550.0,11.0
r0080_c0062,4.4,1906,341324.0,43.0
r0080_c0063,4.7,1917,634855.0,37.0
r0080_c0064,4.0,1927,716747.0,19.0
r0081_c0040,11.0,1941,219165.0,3.0
r0081_c0041,7.3,1906,994223.0,23.0
r0081_c0042,7.9,1908,902823.0,19.0
r0081_c0043,9.7,1932,873520.0,21.0
r0081_c0044,5.8,1957,296074.0,4.0
r0081_c0046,17.0,1958,689340.0,8.0
r0081_c0047,5.2,1926,531948.0,28.0
r0081_c0054,9.0,1965,307314.0,3.0
r0081_c0055,8.6,1951,913494.0,13.0
r0081_c0056,5.9,1970,676047.0,21.0
r0081_c0057,5.8,1942,200687.0,5.0
r0081_c0060,4.2,1906,145468.0,19.0
r0081_c0061,4.1,1917,296202.0,39.0
r0081_c0062,4.1,1909,401498.0,62.0
r0081_c0063,4.0,1918,448916.0,69.0
r0081_c0064,4.0,1911,316518.0,53.0
r0081_c0065,3.3,1913,161462.0,9.0
r0082_c0041,9.3,1912,1029738.0,14.0
r0082_c0042,7.9,1909,1197884.0,28.0
r0082_c0043,5.5,1908,713417.0,25.0
r0082_c0044,6.9,1931,441498.0,17.0
r0082_c0046,5.3,1906,132131.0,9.0
r0082_c0047,3.8,1905,368038.0,54.0
r0082_c0048,5.8,1906,560899.0,20.0
r0082_c0053,5.6,1916,252723.0,6.0
r0082_c0054,5.0,1922,313747.0,11.0
r0082_c0056,19.0,2020,328810.0,2.0
r0082_c0058,6.1,1933,755447.0,12.0
r0082_c0059,3.5,1917,305715.0,39.0
r0082_c0060,4.0,1912,354612.0,62.0
r0082_c0061,4.4,1922,711328.0,41.0
r0082_c0062,4.5,1949,381732.0,33.0
r0082_c0063,3.7,1909,344039.0,63.0
r0082_c0064,3.8,1920,236988.0,25.0
r0083_c0041,7.7,1911,396423.0,12.0
r0083_c0042,5.9,1901,1233645.0,47.0
r0083_c0043,5.8,1902,988736.0,41.0
r0083_c0044,5.6,1932,595939.0,21.0
r0083_c0045,4.7,1932,327814.0,15.0
r0083_c0046,5.2,1929,606477.0,29.0
r0083_c0047,5.3,1916,640337.0,47.0
r0083_c0048,5.9,1923,725400.0,36.0
r0083_c0051,7.8,1958,154035.0,4.0
r0083_c0052,5.2,1905,520871.0,35.0
r0083_c0053,5.5,1944,221461.0,8.0
r0083_c0056,9.0,1933,882240.0,10.0
r0083_c0057,3.5,1942,287430.0,19.0
r0083_c0058,4.9,1920,408789.0,39.0
r0083_c0059,4.3,1924,479102.0,48.0
r0083_c0060,4.0,1921,484827.0,46.0
r0083_c0061,4.8,1920,522934.0,34.0
r0083_c0062,3.8,1933,338436.0,45.0
r0083_c0063,3.8,1922,282574.0,12.0
r0084_c0042,6.8,1902,780785.0,22.0
r0084_c0043,7.9,1908,1099300.0,24.0
r0084_c0044,6.1,1924,847635.0,26.0
r0084_c0045,6.0,1926,629301.0,29.0
r0084_c0046,5.6,1919,786061.0,27.0
r0084_c0047,5.2,1927,300266.0,19.0
r0084_c0048,6.0,1918,601606.0,36.0
r0084_c0049,9.0,1918,386702.0,5.0
r0084_c0050,6.5,1926,401696.0,15.0
r0084_c0051,4.8,1904,551094.0,37.0
r0084_c0052,5.2,1913,626460.0,39.0
r0084_c0053,5.0,1908,477611.0,32.0
r0084_c0055,7.8,1970,572162.0,3.0
r0084_c0056,5.2,1934,337364.0,19.0
r0084_c0057,4.8,1977,535870.0,22.0
r0084_c0058,4.4,1981,287615.0,31.0
r0084_c0059,5.9,1944,552507.0,15.0
r0084_c0060,4.6,1943,631552.0,15.0
r0084_c0061,4.5,1941,504409.0,29.0
r0084_c0062,4.3,1930,267943.0,24.0
r0084_c0065,1.0,1920,1800.0,1.0
r0085_c0042,13.0,1921,74899.0,1.0
r0085_c0043,6.0,1905,770400.0,47.0
r0085_c0044,8.7,1933,893386.0,16.0
r0085_c0045,5.7,1919,748228.0,31.0
r0085_c0046,5.2,1918,526152.0,29.0
r0085_c0047,7.1,1918,1102051.0,23.0
r0085_c0048,4.0,1913,55514.0,5.0
r0085_c0049,5.8,1914,576320.0,27.0
r0085_c0050,5.1,1919,547325.0,35.0
r0085_c0051,4.2,1907,537448.0,45.0
r0085_c0052,6.0,1914,417983.0,14.0
r0085_c0053,5.7,1940,564642.0,15.0
r0085_c0054,5.4,1925,291055.0,19.0
r0085_c0055,9.2,1991,734098.0,5.0
r0085_c0056,7.0,1996,523222.0,11.0
r0085_c0057,4.5,1992,369791.0,38.0
r0085_c0058,4.3,1996,410027.0,40.0
r0085_c0059,6.0,1939,399242.0,10.0
r0085_c0060,4.8,1932,641151.0,21.0
r0085_c0061,5.8,1935,648074.0,21.0
r0085_c0062,8.5,1935,1018660.0,24.0
r0085_c0063,4.3,1924,53090.0,6.0
r0086_c0043,5.8,1905,316850.0,20.0
r0086_c0044,6.2,1907,717739.0,29.0
r0086_c0045,6.2,1921,812746.0,29.0
r0086_c0046,7.3,1909,583059.0,14.0
r0086_c0049,3.8,1914,65287.0,10.0
r0086_c0050,5.4,1920,630548.0,46.0
r0086_c0051,5.1,1920,564384.0,53.0
r0086_c0052,5.0,1921,523551.0,26.0
r0086_c0053,4.5,1956,511915.0,27.0
r0086_c0054,3.4,1946,413587.0,62.0
r0086_c0055,3.5,1925,331592.0,32.0
r0086_c0056,3.7,1904,467562.0,73.0
r0086_c0059,5.6,2002,609436.0,5.0
r0086_c0060,4.5,1950,596691.0,32.0
r0086_c0061,3.4,1910,190530.0,22.0
r0086_c0062,4.9,1935,425133.0,19.0
r0086_c0063,4.8,1943,299802.0,11.0
r0086_c0064,3.7,1935,204386.0,12.0
r0087_c0044,9.7,1921,1087011.0,11.0
r0087_c0045,7.2,1925,765589.0,12.0
r0087_c0046,7.0,1925,905980.0,25.0
r0087_c0047,11.4,1917,679996.0,6.0
r0087_c0049,5.7,1906,157379.0,6.0
r0087_c0050,4.9,1908,525678.0,42.0
r0087_c0051,4.8,1929,555377.0,28.0
r0087_c0052,5.9,1940,771361.0,23.0
r0087_c0053,4.7,1914,436681.0,27.0
r0087_c0054,3.2,1897,398218.0,92.0
r0087_c0055,3.9,1893,382753.0,56.0
r0087_c0056,3.7,1891,316830.0,65.0
r0087_c0059,6.0,1936,278218.0,4.0
r0087_c0060,7.5,1934,275377.0,5.0
r0087_c0061,3.6,1925,280569.0,16.0
r0087_c0062,8.4,1983,934006.0,8.0
r0087_c0063,3.0,1991,409942.0,7.0
r0088_c0044,10.5,1916,438571.0,5.0
r0088_c0045,6.4,1908,664606.0,16.0
r0088_c0046,5.3,1914,850495.0,44.0
r0088_c0047,9.7,1924,529797.0,7.0
r0088_c0048,6.8,1924,807811.0,20.0
r0088_c0049,5.0,1936,27119.0,5.0
r0088_c0050,3.9,1901,502710.0,51.0
r0088_c0051,6.4,1954,526355.0,11.0
r0088_c0052,5.4,1918,408192.0,30.0
r0088_c0053,6.0,1925,639615.0,24.0
r0088_c0054,3.5,1895,382556.0,65.0
r0088_c0055,3.4,1890,332068.0,44.0
r0088_c0056,3.7,1887,373637.0,63.0
r0088_c0057,3.9,1892,187254.0,22.0
r0088_c0058,3.8,1913,222506.0,29.0
r0088_c0059,3.8,1914,400045.0,38.0
r0088_c0060,4.5,1922,500711.0,36.0
r0088_c0061,5.8,1950,506588.0,8.0
r0088_c0063,2.0,1977,17790.0,2.0
r0089_c0044,12.0,1910,211352.0,2.0
r0089_c0045,6.7,1910,1181252.0,29.0
r0089_c0048,7.2,1925,740786.0,4.0
r0089_c0049,11.8,1950,851340.0,4.0
r0089_c0050,6.2,1912,221818.0,8.0
r0089_c0051,4.9,1938,565126.0,16.0
r0089_c0052,4.5,1951,375523.0,27.0
r0089_c0053,3.8,1921,491901.0,73.0
r0089_c0054,4.0,1915,404967.0,49.0
r0089_c0055,4.4,1910,621335.0,73.0
r0089_c0056,4.0,1918,501253.0,32.0
r0089_c0057,5.0,1936,875425.0,32.0
r0089_c0058,3.8,1918,500939.0,48.0
r0089_c0059,3.8,1910,565346.0,55.0
r0089_c0060,4.2,1942,514046.0,25.0
r0089_c0061,3.8,1926,219301.0,21.0
r0089_c0062,6.0,1944,306433.0,4.0
r0090_c0045,8.4,1919,657558.0,15.0
r0090_c0048,,,,
r0090_c0049,7.7,1927,890380.0,15.0
r0090_c0050,6.0,1910,58860.0,1.0
r0090_c0051,3.4,1906,429064.0,73.0
r0090_c0052,4.8,1920,525540.0,26.0
r0090_c0053,4.6,1933,550688.0,54.0
r0090_c0054,5.5,1942,832964.0,22.0
r0090_c0055,6.2,1930,796331.0,14.0
r0090_c0056,3.3,1942,361921.0,18.0
r0090_c0057,3.6,1921,291000.0,49.0
r0090_c0058,3.7,1930,480091.0,74.0
r0090_c0059,4.0,1921,406335.0,47.0
r0090_c0060,3.4,1917,327422.0,69.0
r0090_c0061,4.1,1931,448944.0,31.0
r0090_c0062,7.2,1956,592239.0,9.0
r0091_c0045,,,,
r0091_c0046,10.5,1909,1462701.0,23.0
r0091_c0049,8.1,1932,678847.0,11.0
r0091_c0051,4.2,1906,280901.0,25.0
r0091_c0052,4.2,1916,458929.0,29.0
r0091_c0053,3.5,1957,456145.0,6.0
r0091_c0054,3.9,1938,624475.0,16.0
r0091_c0055,4.5,1948,482343.0,11.0
r0091_c0056,3.9,1918,611021.0,52.0
r0091_c0057,4.1,1930,422428.0,52.0
r0091_c0058,4.4,1922,562889.0,46.0
r0091_c0059,3.8,1908,343134.0,69.0
r0091_c0060,4.6,1911,214978.0,18.0
r0091_c0061,5.8,1945,401794.0,23.0
r0092_c0047,22.7,1926,671597.0,6.0
r0092_c0048,6.9,1931,577519.0,15.0
r0092_c0049,6.8,1916,698399.0,24.0
r0092_c0050,3.0,1966,79645.0,1.0
r0092_c0051,10.3,1929,851400.0,8.0
r0092_c0052,4.6,1925,483363.0,19.0
r0092_c0053,3.9,1939,513653.0,25.0
r0092_c0054,3.9,1926,192449.0,23.0
r0092_c0056,4.0,1930,302831.0,29.0
r0092_c0057,3.5,1901,461140.0,85.0
r0092_c0058,4.2,1914,432305.0,42.0
r0092_c0059,4.1,1917,329653.0,42.0
r0092_c0060,5.2,1932,391464.0,17.0
r0093_c0047,7.0,1931,78397.0,2.0
r0093_c0048,8.7,1922,515880.0,6.0
r0093_c0051,6.3,1939,631956.0,23.0
r0093_c0052,4.2,1920,443220.0,46.0
r0093_c0053,5.7,1922,545475.0,19.0
r0093_c0054,6.1,1945,470167.0,19.0
r0093_c0055,9.5,1981,705160.0,8.0
r0093_c0056,3.8,1932,126742.0,10.0
r0093_c0057,3.4,1904,448183.0,63.0
r0093_c0058,3.5,1907,345017.0,70.0
r0093_c0059,12.2,1960,833225.0,5.0
r0093_c0060,6.3,1951,617603.0,7.0
r0094_c0047,7.0,1912,289317.0,2.0
r0094_c0048,6.0,1918,547442.0,19.0
r0094_c0050,3.5,1920,150748.0,14.0
r0094_c0051,4.1,1925,476476.0,19.0
r0094_c0052,4.7,1921,399837.0,16.0
r0094_c0053,6.0,1927,720644.0,13.0
r0094_c0054,11.0,1930,358220.0,6.0
r0094_c0055,3.9,1912,307346.0,35.0
r0094_c0056,3.2,1912,389688.0,83.0
r0094_c0057,4.5,1924,402358.0,53.0
r0094_c0058,4.6,1943,454055.0,24.0
r0094_c0059,6.8,1928,251218.0,5.0
r0094_c0060,7.3,1996,2549754.0,7.0
r0094_c0061,5.6,1923,124227.0,8.0
r0095_c0048,5.7,1919,473258.0,13.0
r0095_c0049,8.3,1932,463616.0,11.0
r0095_c0050,4.1,1921,309787.0,24.0
r0095_c0051,3.3,1914,149748.0,9.0
r0095_c0052,5.4,1940,348961.0,10.0
r0095_c0053,3.0,1957,99300.0,1.0
r0095_c0054,,,0.0,1.0
r0095_c0055,5.5,1927,647473.0,29.0
r0095_c0056,4.6,1918,468079.0,27.0
r0095_c0057,4.1,1912,359063.0,41.0
r0095_c0058,4.4,1916,418899.0,53.0
r0095_c0059,4.1,1913,451965.0,62.0
r0095_c0060,3.7,1953,198987.0,14.0
r0095_c0061,5.7,1945,706183.0,18.0
r0096_c0048,16.0,1942,718260.0,4.0
r0096_c0049,5.3,1988,669740.0,3.0
r0096_c0052,6.2,1920,782823.0,23.0
r0096_c0055,6.0,1942,302497.0,12.0
r0096_c0056,3.9,1918,398439.0,35.0
r0096_c0057,3.3,1911,387331.0,101.0
r0096_c0058,3.9,1913,506795.0,32.0
r0096_c0059,5.1,1918,562524.0,38.0
r0096_c0060,5.6,1926,296586.0,12.0
r0096_c0061,11.0,1960,394640.0,3.0
r0097_c0048,1.8,1920,57576.0,5.0
r0097_c0049,4.0,1954,513642.0,4.0
r0097_c0050,3.9,1916,284972.0,10.0
r0097_c0051,4.2,1925,349212.0,9.0
r0097_c0052,5.8,1923,376764.0,20.0
r0097_c0053,3.0,1960,170752.0,4.0
r0097_c0055,,,0.0,0.0
r0097_c0056,3.3,1911,334334.0,86.0
r0097_c0057,3.5,1904,339375.0,123.0
r0097_c0058,3.5,1904,401041.0,106.0
r0097_c0059,5.0,1935,445506.0,18.0
r0097_c0060,5.8,1913,803506.0,22.0
r0097_c0061,9.6,1941,576535.0,8.0
r0098_c0048,2.0,1940,13058.0,2.0
r0098_c0049,2.0,1933,406452.0,13.0
r0098_c0051,3.7,1913,275652.0,10.0
r0098_c0052,5.6,1916,606252.0,39.0
r0098_c0056,3.3,1912,361301.0,40.0
r0098_c0057,3.9,1910,396004.0,56.0
r0098_c0058,5.2,1925,577490.0,44.0
r0098_c0059,6.8,1926,494565.0,12.0
r0098_c0060,5.8,1921,695906.0,27.0
r0098_c0061,5.3,1925,380531.0,22.0
r0099_c0049,5.0,1938,213614.0,6.0
r0099_c0050,5.5,1924,448314.0,19.0
r0099_c0051,5.2,1908,443542.0,17.0
r0099_c0052,4.0,1931,308122.0,11.0
r0099_c0053,4.6,1924,98324.0,7.0
r0099_c0055,4.0,1931,346526.0,6.0
r0099_c0056,5.4,1930,223794.0,18.0
r0099_c0057,4.8,1928,404429.0,29.0
r0099_c0058,11.0,1957,444674.0,6.0
r0099_c0059,7.8,1939,419412.0,10.0
r0099_c0060,4.8,1926,383067.0,26.0
r0099_c0061,5.2,1928,376700.0,18.0
r0100_c0049,2.0,1970,50000.0,1.0
r0100_c0050,5.0,1919,136318.0,3.0
r0100_c0051,4.2,1908,651237.0,41.0
r0100_c0052,5.2,1914,346173.0,12.0
r0100_c0053,4.4,1910,621549.0,38.0
r0100_c0054,4.5,1910,373330.0,31.0
r0100_c0055,4.2,1907,654864.0,39.0
r0100_c0056,3.4,1907,359253.0,45.0
r0100_c0057,4.5,1913,628547.0,49.0
r0100_c0058,5.6,1934,723489.0,24.0
r0100_c0059,4.8,1929,431648.0,26.0
r0100_c0060,5.9,1917,481238.0,22.0
r0100_c0061,4.8,1951,648566.0,11.0
r0101_c0051,7.8,1917,675315.0,9.0
r0101_c0052,6.0,1917,490505.0,13.0
r0101_c0053,3.9,1910,444131.0,39.0
r0101_c0054,4.5,1918,557779.0,48.0
r0101_c0055,4.0,1898,448358.0,51.0
r0101_c0056,3.8,1899,495883.0,66.0
r0101_c0057,3.9,1910,404404.0,35.0
r0101_c0058,5.3,1922,398336.0,12.0
r0101_c0059,5.6,1932,491411.0,28.0
r0101_c0060,5.6,1926,773168.0,30.0
r0101_c0061,5.1,1931,113602.0,8.0
r0102_c0052,5.3,1916,760283.0,22.0
r0102_c0053,5.2,1915,558009.0,24.0
r0102_c0054,4.9,1916,712204.0,42.0
r0102_c0055,3.9,1904,439867.0,48.0
r0102_c0056,3.7,1905,337155.0,49.0
r0102_c0057,4.0,1897,618262.0,62.0
r0102_c0058,4.5,1911,248851.0,12.0
r0102_c0059,6.0,1935,805581.0,30.0
r0102_c0060,5.7,1921,786969.0,27.0
r0102_c0061,5.2,1940,178745.0,9.0
r0103_c0052,7.7,1948,122923.0,7.0
r0103_c0053,5.7,1917,636550.0,15.0
r0103_c0054,4.8,1916,479262.0,19.0
r0103_c0055,4.8,1922,531879.0,25.0
r0103_c0056,4.3,1936,427082.0,32.0
r0103_c0057,3.2,1896,384997.0,77.0
r0103_c0058,4.4,1908,414840.0,23.0
r0103_c0059,5.9,1924,313614.0,18.0
r0103_c0060,5.5,1920,290781.0,16.0
r0103_c0061,4.9,1923,350171.0,13.0
r0103_c0062,5.0,1956,150910.0,2.0
r0104_c0053,3.6,1916,138409.0,18.0
r0104_c0054,3.4,1914,353782.0,34.0
r0104_c0055,4.0,1921,601866.0,51.0
r0104_c0056,4.2,1917,443328.0,56.0
r0104_c0057,4.0,1911,479336.0,38.0
r0104_c0058,4.5,1924,352763.0,28.0
r0104_c0059,4.9,1907,239693.0,14.0
r0104_c0060,5.9,1914,451903.0,21.0
r0104_c0061,5.9,1944,449966.0,15.0
r0104_c0062,3.0,1966,77923.0,4.0
r0105_c0054,5.2,1922,534103.0,27.0
r0105_c0055,4.3,1917,453930.0,35.0
r0105_c0056,3.8,1912,542071.0,72.0
r0105_c0057,3.7,1927,403278.0,19.0
r0105_c0058,4.7,1909,395316.0,27.0
r0105_c0059,4.7,1905,555445.0,29.0
r0105_c0060,5.8,1940,410086.0,14.0
r0105_c0061,4.2,1937,313445.0,18.0
r0106_c0054,8.0,1919,388587.0,5.0
r0106_c0055,5.8,1918,608128.0,12.0
r0106_c0056,4.4,1908,671435.0,56.0
r0106_c0057,3.4,1929,378744.0,33.0
r0106_c0058,3.5,1901,413721.0,59.0
r0106_c0059,4.4,1930,441676.0,13.0
r0107_c0054,5.8,1926,174005.0,4.0
r0107_c0055,7.1,1928,744550.0,14.0
r0107_c0056,4.6,1920,113975.0,11.0
r0107_c0057,2.7,1903,39823.0,4.0
r0107_c0058,10.4,1944,562425.0,6.0
r0107_c0059,4.9,1908,300466.0,12.0
r0108_c0056,4.5,1914,106490.0,4.0
r0108_c0057,4.7,1911,547802.0,30.0
r0108_c0058,4.3,1917,508626.0,30.0
r0108_c0059,4.6,1906,508181.0,30.0
r0109_c0055,7.0,1920,541260.0,6.0
r0109_c0056,6.3,1910,886295.0,11.0
r0109_c0057,5.8,1913,419761.0,10.0
r0109_c0058,4.9,1918,657928.0,43.0
r0109_c0059,5.2,1913,436018.0,23.0
r0109_c0060,3.2,1890,449656.0,41.0
r0110_c0055,8.8,1947,1033355.0,5.0
r0110_c0056,4.1,1912,405142.0,20.0
r0110_c0057,4.7,1916,445104.0,13.0
r0110_c0058,4.0,1911,504928.0,45.0
r0110_c0059,4.8,1920,551253.0,30.0
r0110_c0060,3.4,1909,309623.0,33.0
r0111_c0055,3.5,1912,439290.0,10.0
r0111_c0056,6.0,1918,576449.0,11.0
r0111_c0057,6.2,1919,744605.0,12.0
r0111_c0058,5.0,1924,548088.0,22.0
r0111_c0059,4.5,1918,612205.0,34.0
r0111_c0060,4.7,1921,312503.0,25.0
r0111_c0061,5.0,1909,358929.0,16.0
r0112_c0056,6.0,1915,390388.0,6.0
r0112_c0057,6.0,1923,597072.0,10.0
r0112_c0058,5.7,1927,678140.0,13.0
r0112_c0059,5.2,1911,635339.0,17.0
r0112_c0060,4.8,1918,383409.0,15.0
r0112_c0061,4.5,1919,319470.0,24.0
r0113_c0058,6.2,1928,434434.0,8.0
r0113_c0060,5.5,1946,528102.0,12.0
r0113_c0061,4.3,1927,428804.0,33.0
r0114_c0059,11.8,1933,3784878.0,9.0
r0114_c0060,6.4,1960,453260.0,6.0
r0114_c0061,4.5,1917,442432.0,40.0
r0115_c0057,6.0,1995,349902.0,1.0
r0115_c0058,16.0,1959,921419.0,4.0
r0115_c0059,5.1,1920,672727.0,13.0
r0115_c0060,5.2,1939,337753.0,11.0
r0115_c0061,5.0,1918,528648.0,24.0
r0115_c0062,4.8,1923,405391.0,26.0
r0116_c0057,1.0,1970,1000.0,2.0
r0116_c0058,7.1,1922,1451701.0,17.0
r0116_c0059,5.4,1920,619840.0,17.0
r0116_c0060,4.6,1923,529736.0,15.0
r0116_c0061,4.4,1919,521541.0,29.0
r0116_c0062,4.4,1911,477338.0,35.0
r0117_c0058,9.8,1939,1978347.0,9.0
r0117_c0059,5.9,1928,607119.0,14.0
r0117_c0060,5.7,1931,525803.0,12.0
r0117_c0061,4.9,1920,475771.0,15.0
r0117_c0062,4.2,1911,508816.0,31.0
r0117_c0063,5.3,1910,533026.0,19.0
r0118_c0058,6.2,1935,300035.0,5.0
r0118_c0059,1.0,1960,2360.0,2.0
r0118_c0060,5.2,1925,599606.0,12.0
r0118_c0061,5.2,1938,515505.0,15.0
r0118_c0062,4.8,1915,497652.0,17.0
r0118_c0063,5.7,1919,457401.0,15.0
r0119_c0058,,,0.0,0.0
r0119_c0059,5.8,1927,803718.0,14.0
r0119_c0060,5.9,1931,582010.0,13.0
r0119_c0061,4.6,1915,409460.0,16.0
r0119_c0062,7.6,1919,745531.0,12.0
r0119_c0063,6.9,1921,845731.0,16.0
r0119_c0064,5.1,1914,672810.0,26.0
r0120_c0059,6.0,1942,141510.0,4.0
r0120_c0060,5.2,1917,271048.0,8.0
r0120_c0061,4.5,1926,509566.0,12.0
r0120_c0062,4.2,1914,445213.0,27.0
r0120_c0063,3.8,1914,397287.0,18.0
r0120_c0064,3.5,1931,272911.0,25.0
r0120_c0065,4.7,1938,490993.0,10.0
r0121_c0058,6.0,1934,306148.0,3.0
r0121_c0059,5.4,1915,334770.0,10.0
r0121_c0060,5.6,1913,604451.0,16.0
r0121_c0061,5.2,1916,694992.0,16.0
r0121_c0062,3.1,1931,275805.0,9.0
r0121_c0063,4.4,1914,511282.0,20.0
r0121_c0064,3.7,1911,409684.0,48.0
r0121_c0065,4.0,1916,444915.0,29.0
r0121_c0066,6.6,1957,487671.0,6.0
r0122_c0059,8.6,1929,389981.0,5.0
r0122_c0060,5.9,1926,597761.0,9.0
r0122_c0061,5.7,1924,444305.0,10.0
r0122_c0062,4.8,1939,508606.0,12.0
r0122_c0063,4.7,1918,461588.0,23.0
r0122_c0064,4.1,1924,452615.0,21.0
r0122_c0065,3.8,1915,433931.0,35.0
r0122_c0066,5.5,1923,516028.0,14.0
r0123_c0060,6.0,1925,547512.0,14.0
r0123_c0061,4.9,1936,333439.0,14.0
r0123_c0062,4.8,1946,578485.0,13.0
r0123_c0063,4.0,1942,249058.0,11.0
r0123_c0064,3.9,1916,418119.0,23.0
r0123_c0065,4.1,1926,490912.0,30.0
r0123_c0066,5.2,1923,474382.0,13.0
r0124_c0060,4.7,1947,194072.0,7.0
r0124_c0061,4.5,1928,616085.0,14.0
r0124_c0062,6.3,1958,653558.0,10.0
r0124_c0063,3.9,1943,412984.0,15.0
r0124_c0064,4.1,1910,363450.0,18.0
r0124_c0065,4.9,1923,505245.0,17.0
r0124_c0066,5.2,1916,475065.0,17.0
r0125_c0060,5.0,1933,161961.0,6.0
r0125_c0061,5.4,1942,409169.0,9.0
r0125_c0062,5.8,1946,567649.0,7.0
r0125_c0063,4.7,1943,386072.0,10.0
r0125_c0064,5.3,1936,474980.0,12.0
r0125_c0065,4.8,1926,533016.0,24.0
r0125_c0066,5.4,1922,615997.0,19.0
r0126_c0061,5.0,1931,216874.0,3.0
r0126_c0062,7.3,1942,633451.0,6.0
r0126_c0063,4.9,1955,510587.0,11.0
r0126_c0064,4.2,1935,531144.0,21.0
r0126_c0065,5.9,1929,733331.0,18.0
r0126_c0066,7.6,1933,359231.0,5.0
r0126_c0067,5.4,1932,791853.0,21.0
r0127_c0063,6.0,1939,102150.0,1.0
r0127_c0064,4.7,1933,510439.0,13.0
r0127_c0065,5.4,1946,636618.0,10.0
r0127_c0066,9.2,1940,667973.0,5.0
r0128_c0065,5.6,1962,361661.0,7.0
r0128_c0066,5.9,1946,611940.0,14.0
r0128_c0067,8.4,1978,386198.0,10.0
r0128_c0071,1.0,1920,9992.0,8.0
r0129_c0065,4.7,1935,350463.0,7.0
r0129_c0066,4.6,1945,587740.0,17.0
r0129_c0067,4.9,1920,480919.0,22.0
r0129_c0068,2.8,1918,71443.0,7.0
r0129_c0070,3.5,1973,148152.0,2.0
r0129_c0071,1.0,1979,44091.0,10.0
r0129_c0072,,,0.0,0.0
r0130_c0065,12.5,1972,372602.0,2.0
r0130_c0066,5.7,1931,613721.0,12.0
r0130_c0067,4.4,1926,477840.0,18.0
r0130_c0068,3.2,1927,379035.0,20.0
r0130_c0069,4.7,1928,392626.0,14.0
r0130_c0070,4.5,2014,104827.0,2.0
r0130_c0071,2.5,1949,288421.0,14.0
r0130_c0072,2.2,1950,155121.0,9.0
r0131_c0065,6.0,1937,51348.0,1.0
r0131_c0066,5.7,1931,602256.0,12.0
r0131_c0067,3.1,1928,383936.0,15.0
r0131_c0068,4.3,1924,479010.0,23.0
r0131_c0069,4.5,1933,496000.0,19.0
r0131_c0070,6.2,1931,677376.0,13.0
r0131_c0071,3.6,1927,339056.0,23.0
r0131_c0073,30.0,2023,473085.0,1.0
r0132_c0066,6.0,1925,173827.0,3.0
r0132_c0067,4.3,1944,381568.0,9.0
r0132_c0068,5.2,1927,608433.0,15.0
r0132_c0069,5.0,1921,487943.0,16.0
r0132_c0070,5.9,1940,650079.0,12.0
r0132_c0071,3.5,1935,436896.0,13.0
r0133_c0065,4.7,1924,370656.0,6.0
r0133_c0066,3.6,1937,313326.0,12.0
r0133_c0067,4.5,1932,601064.0,16.0
r0133_c0068,4.7,1942,313061.0,16.0
r0133_c0069,3.9,1932,498406.0,14.0
r0133_c0070,3.9,1922,402295.0,20.0
r0133_c0071,4.5,1920,410324.0,16.0
r0133_c0072,4.4,1940,260920.0,8.0
r0134_c0066,,,,
r0134_c0067,3.4,1932,326602.0,25.0
r0134_c0068,5.7,1932,733980.0,19.0
r0134_c0069,4.7,1951,524712.0,20.0
r0134_c0070,3.4,1939,325991.0,17.0
r0134_c0071,4.6,1930,366292.0,12.0
r0134_c0072,4.8,1936,593640.0,13.0
r0135_c0068,7.0,2023,20620.0,1.0
r0135_c0069,5.8,1945,247178.0,10.0
r0135_c0070,5.2,1933,311408.0,8.0
r0135_c0072,6.0,1930,205725.0,3.0
r0135_c0073,3.5,1930,546534.0,12.0
r0135_c0075,2.5,1989,256600.0,3.0
r0136_c0071,5.5,1925,139705.0,5.0
r0136_c0072,6.8,1931,494708.0,9.0
r0136_c0073,5.4,1948,628698.0,17.0
r0136_c0074,2.4,1966,257104.0,7.0
r0136_c0075,2.6,1962,155648.0,5.0
r0137_c0071,6.0,1940,247746.0,5.0
r0137_c0072,4.8,1932,678547.0,25.0
r0137_c0073,2.8,1932,161710.0,19.0
r0137_c0075,2.2,1945,115872.0,7.0
r0137_c0076,,,0.0,0.0
r0138_c0076,,,0.0,1.0
r0138_c0077,1.7,1989,130806.0,5.0
r0139_c0075,4.7,1927,148733.0,3.0
r0139_c0076,3.3,1929,331378.0,21.0
r0139_c0077,1.7,1913,24375.0,8.0
r0140_c0074,32.0,1972,461475.0,1.0
r0140_c0075,3.5,1938,442592.0,27.0
r0140_c0076,2.6,1920,250674.0,67.0
r0140_c0077,4.0,1950,308908.0,13.0
r0141_c0075,2.4,1920,23207.0,14.0
r0141_c0076,2.7,1926,158004.0,55.0
