cell_id,landuse_entropy
r0011_c0018,-0.0
r0012_c0018,0.3323
r0012_c0019,1.0703
r0012_c0020,1.9788
r0012_c0021,0.3506
r0013_c0018,1.337
r0013_c0019,0.6634
r0013_c0020,1.0718
r0013_c0021,1.5593
r0013_c0022,1.0576
r0014_c0016,0.8362
r0014_c0017,0.6005
r0014_c0018,0.9524
r0014_c0019,0.4051
r0014_c0020,2.1233
r0014_c0021,1.4645
r0014_c0022,0.9306
r0014_c0023,1.505
r0015_c0016,0.9487
r0015_c0018,0.9774
r0015_c0019,1.5553
r0015_c0020,1.2745
r0015_c0021,1.0291
r0015_c0022,1.4332
r0015_c0023,1.8598
r0015_c0024,2.0321
r0015_c0025,1.4088
r0016_c0016,-0.0
r0016_c0017,-0.0
r0016_c0018,1.7602
r0016_c0019,1.2128
r0016_c0020,0.1122
r0016_c0021,0.5289
r0016_c0022,0.9868
r0016_c0023,1.2406
r0016_c0024,1.1667
r0016_c0025,2.7146
r0017_c0016,0.8939
r0017_c0018,1.9541
r0017_c0019,2.2868
r0017_c0020,0.5258
r0017_c0021,2.2066
r0017_c0022,1.9512
r0017_c0023,1.4909
r0017_c0024,0.7418
r0017_c0028,-0.0
r0018_c0020,-0.0
r0018_c0021,1.5079
r0018_c0022,1.9673
r0018_c0025,0.9988
r0018_c0028,0.3153
r0018_c0029,1.5057
r0018_c0031,1.1669
r0018_c0033,1.1517
r0018_c0035,0.8552
r0018_c0036,0.8778
r0019_c0020,-0.0
r0019_c0021,1.8211
r0019_c0025,0.7358
r0019_c0026,0.3854
r0019_c0027,2.205
r0019_c0028,1.7058
r0019_c0029,1.4902
r0019_c0030,1.1953
r0019_c0031,1.1268
r0019_c0032,0.6444
r0019_c0034,0.3148
r0020_c0019,0.7729
r0020_c0020,1.4857
r0020_c0021,1.5109
r0020_c0022,1.6291
r0020_c0023,1.2857
r0020_c0024,0.8016
r0020_c0025,-0.0
r0020_c0026,1.5642
r0020_c0027,1.3028
r0020_c0028,1.5165
r0020_c0029,1.4737
r0020_c0030,2.1823
r0020_c0031,1.8306
r0020_c0032,1.6236
r0020_c0033,1.9509
r0020_c0034,1.4182
r0020_c0035,2.0214
r0020_c0036,1.7637
r0021_c0020,1.6395
r0021_c0021,1.4343
r0021_c0022,1.5834
r0021_c0023,0.6993
r0021_c0024,0.6723
r0021_c0026,1.4059
r0021_c0027,1.1848
r0021_c0029,1.6353
r0021_c0030,1.5738
r0021_c0031,1.1063
r0021_c0032,0.3181
r0021_c0034,0.6076
r0021_c0035,2.1156
r0021_c0036,0.873
r0021_c0037,1.3386
r0022_c0017,0.9094
r0022_c0018,1.3766
r0022_c0019,1.0862
r0022_c0020,0.9222
r0022_c0021,1.4801
r0022_c0022,1.4092
r0022_c0023,1.9052
r0022_c0024,1.3738
r0022_c0025,1.5097
r0022_c0026,1.2963
r0022_c0027,1.1789
r0022_c0028,1.0352
r0022_c0029,1.8081
r0022_c0030,1.9392
r0022_c0031,1.8868
r0022_c0032,1.7072
r0022_c0033,0.9672
r0022_c0034,1.5726
r0022_c0035,1.9701
r0023_c0019,0.0
r0023_c0020,1.6664
r0023_c0021,1.98
r0023_c0022,2.4673
r0023_c0023,1.3156
r0023_c0024,1.636
r0023_c0025,1.7799
r0023_c0026,1.2487
r0023_c0027,1.2572
r0023_c0028,0.9612
r0023_c0029,1.3371
r0023_c0030,1.0568
r0023_c0031,0.8791
r0023_c0032,0.9422
r0023_c0033,0.5377
r0023_c0034,2.0744
r0023_c0035,1.4677
r0023_c0039,0.9976
r0024_c0020,0.5559
r0024_c0021,2.005
r0024_c0022,2.1042
r0024_c0023,1.9455
r0024_c0024,1.7384
r0024_c0025,1.1482
r0024_c0026,1.2321
r0024_c0027,1.8636
r0024_c0028,1.7324
r0024_c0029,1.7016
r0024_c0030,2.003
r0024_c0031,1.9937
r0024_c0032,1.5769
r0024_c0033,1.5217
r0024_c0034,1.7328
r0024_c0035,1.9193
r0025_c0020,0.6558
r0025_c0021,1.4378
r0025_c0022,1.641
r0025_c0023,1.0935
r0025_c0024,2.0284
r0025_c0025,1.4046
r0025_c0026,1.8959
r0025_c0027,2.0458
r0025_c0028,0.51
r0025_c0029,1.3383
r0025_c0030,1.6793
r0025_c0031,2.1161
r0025_c0032,1.2095
r0025_c0033,1.9021
r0025_c0034,1.5221
r0025_c0035,2.278
r0025_c0036,1.4991
r0025_c0037,2.0516
r0025_c0038,2.1128
r0026_c0019,0.0
r0026_c0020,1.0865
r0026_c0021,1.2634
r0026_c0022,2.1226
r0026_c0023,1.4202
r0026_c0024,1.7406
r0026_c0025,1.6796
r0026_c0026,1.4934
r0026_c0027,1.6361
r0026_c0028,1.3116
r0026_c0029,1.4876
r0026_c0030,1.8853
r0026_c0031,1.7847
r0026_c0032,1.8724
r0026_c0033,1.9805
r0026_c0034,1.9078
r0026_c0035,1.8132
r0026_c0036,2.4456
r0026_c0037,2.3684
r0026_c0038,2.4941
r0027_c0020,1.3953
r0027_c0021,1.3888
r0027_c0022,0.8229
r0027_c0023,1.5278
r0027_c0024,2.0458
r0027_c0025,1.6306
r0027_c0026,1.7511
r0027_c0027,1.2601
r0027_c0028,2.0293
r0027_c0029,1.6293
r0027_c0030,1.0954
r0027_c0031,1.6634
r0027_c0032,2.394
r0027_c0033,1.7548
r0027_c0034,1.8264
r0027_c0035,2.1555
r0027_c0036,1.2507
r0027_c0037,2.2722
r0027_c0038,1.7666
r0027_c0039,1.8378
r0028_c0020,1.3375
r0028_c0021,1.6315
r0028_c0022,2.3514
r0028_c0023,1.6711
r0028_c0024,2.1615
r0028_c0025,1.6553
r0028_c0026,1.6793
r0028_c0027,1.3278
r0028_c0028,1.2935
r0028_c0029,1.8481
r0028_c0030,1.9522
r0028_c0031,2.2934
r0028_c0032,2.5114
r0028_c0033,1.3997
r0028_c0034,0.8285
r0028_c0035,1.6642
r0028_c0036,1.9653
r0028_c0037,2.2601
r0028_c0038,2.2165
r0028_c0039,2.4023
r0029_c0020,0.9364
r0029_c0021,1.2821
r0029_c0022,1.4258
r0029_c0023,1.0252
r0029_c0024,2.1854
r0029_c0025,1.9659
r0029_c0026,1.5138
r0029_c0027,2.0559
r0029_c0028,1.2181
r0029_c0029,1.5575
r0029_c0030,2.0139
r0029_c0031,2.4107
r0029_c0032,1.7168
r0029_c0033,2.3169
r0029_c0034,1.8532
r0029_c0035,1.1267
r0029_c0037,1.6432
r0029_c0038,1.782
r0029_c0040,0.9402
r0030_c0021,1.4614
r0030_c0022,0.9602
r0030_c0023,1.9491
r0030_c0024,2.3029
r0030_c0025,2.3034
r0030_c0026,1.589
r0030_c0028,2.0267
r0030_c0029,1.7568
r0030_c0030,2.5406
r0030_c0031,2.3127
r0030_c0032,2.0811
r0030_c0033,2.0855
r0030_c0034,1.2549
r0030_c0035,1.5901
r0030_c0036,1.5989
r0030_c0037,1.8238
r0030_c0038,2.0138
r0030_c0039,0.7009
r0031_c0020,0.7907
r0031_c0021,1.5373
r0031_c0022,1.1175
r0031_c0023,1.6792
r0031_c0024,1.9319
r0031_c0025,2.1339
r0031_c0026,1.9252
r0031_c0027,1.9098
r0031_c0028,0.2218
r0031_c0029,1.5488
r0031_c0030,1.6239
r0031_c0031,1.7797
r0031_c0032,1.6889
r0031_c0033,1.832
r0031_c0034,1.5072
r0031_c0035,2.308
r0031_c0036,1.7232
r0031_c0037,1.8964
r0031_c0038,1.8526
r0031_c0039,0.7
r0032_c0020,-0.0
r0032_c0021,2.3791
r0032_c0022,2.4983
r0032_c0023,2.4517
r0032_c0024,2.3331
r0032_c0025,2.4789
r0032_c0026,1.7229
r0032_c0027,0.2819
r0032_c0028,-0.0
r0032_c0029,1.3984
r0032_c0030,1.3237
r0032_c0031,1.0573
r0032_c0032,2.4979
r0032_c0033,2.0631
r0032_c0034,1.7062
r0032_c0035,1.4669
r0032_c0036,1.7324
r0032_c0037,0.7086
r0033_c0020,-0.0
r0033_c0021,1.573
r0033_c0022,2.129
r0033_c0023,1.9138
r0033_c0024,1.9316
r0033_c0025,2.2456
r0033_c0026,2.2446
r0033_c0027,0.3473
r0033_c0028,1.302
r0033_c0029,1.8614
r0033_c0030,1.1888
r0033_c0031,1.6305
r0033_c0032,2.5332
r0033_c0033,2.0496
r0033_c0034,2.244
r0033_c0035,2.4545
r0034_c0020,1.9475
r0034_c0021,2.1888
r0034_c0022,2.6894
r0034_c0023,2.3592
r0034_c0024,1.765
r0034_c0025,2.1094
r0034_c0026,2.438
r0034_c0027,2.2831
r0034_c0028,1.7545
r0034_c0029,2.1556
r0034_c0030,2.095
r0034_c0031,1.9429
r0034_c0032,1.5659
r0034_c0033,1.2924
r0034_c0034,1.9778
r0034_c0035,1.8468
r0034_c0036,1.0082
r0035_c0020,0.5055
r0035_c0021,1.9229
r0035_c0022,2.0935
r0035_c0023,2.3141
r0035_c0024,2.025
r0035_c0025,2.4267
r0035_c0026,2.2893
r0035_c0027,2.1855
r0035_c0028,2.2231
r0035_c0029,2.2336
r0035_c0030,1.8633
r0035_c0031,1.0441
r0035_c0032,1.0849
r0035_c0033,1.9109
r0035_c0034,2.0267
r0035_c0035,1.8561
r0035_c0036,2.2113
r0035_c0037,1.4516
r0036_c0020,0.9851
r0036_c0021,1.858
r0036_c0022,2.5725
r0036_c0023,1.6283
r0036_c0024,1.7874
r0036_c0025,2.2813
r0036_c0026,2.5392
r0036_c0027,2.3239
r0036_c0028,2.0234
r0036_c0029,2.4115
r0036_c0030,2.0955
r0036_c0032,1.7146
r0036_c0033,2.2255
r0036_c0034,2.0036
r0036_c0035,1.9637
r0036_c0036,2.1958
r0036_c0037,1.8178
r0037_c0021,1.6434
r0037_c0022,1.9114
r0037_c0023,2.2472
r0037_c0024,1.4596
r0037_c0025,2.4318
r0037_c0026,1.6241
r0037_c0027,2.2418
r0037_c0028,1.7185
r0037_c0029,1.5533
r0037_c0030,1.3762
r0037_c0031,2.0944
r0037_c0032,1.2694
r0037_c0033,2.3254
r0037_c0034,2.037
r0037_c0035,2.1774
r0037_c0036,1.9425
r0037_c0037,1.8359
r0037_c0039,0.4326
r0038_c0020,0.0
r0038_c0021,1.6182
r0038_c0022,2.2007
r0038_c0023,2.0469
r0038_c0024,2.2996
r0038_c0025,2.0068
r0038_c0026,2.4636
r0038_c0027,1.734
r0038_c0028,1.6654
r0038_c0029,2.1375
r0038_c0030,1.4903
r0038_c0031,1.5051
r0038_c0032,1.8708
r0038_c0033,2.3421
r0038_c0034,1.6915
r0038_c0035,1.4075
r0038_c0036,1.7558
r0038_c0037,0.44
r0038_c0038,1.2225
r0039_c0021,1.7715
r0039_c0022,1.4
r0039_c0023,2.2504
r0039_c0024,2.4473
r0039_c0025,2.2991
r0039_c0026,1.5475
r0039_c0027,1.8861
r0039_c0028,1.8564
r0039_c0029,0.8748
r0039_c0030,1.1506
r0039_c0031,1.25
r0039_c0032,1.6861
r0039_c0033,1.93
r0039_c0034,1.5764
r0039_c0035,1.4087
r0039_c0036,1.6203
r0039_c0037,1.7212
r0039_c0038,1.1698
r0040_c0021,0.9817
r0040_c0022,0.1259
r0040_c0023,1.045
r0040_c0024,1.7127
r0040_c0025,1.7022
r0040_c0026,2.1206
r0040_c0027,1.6091
r0040_c0028,2.313
r0040_c0029,1.3434
r0040_c0030,1.1379
r0040_c0031,1.3663
r0040_c0032,1.3093
r0040_c0033,0.3059
r0040_c0034,1.2087
r0040_c0035,1.6154
r0040_c0036,1.9557
r0040_c0037,1.5438
r0040_c0038,0.1813
r0040_c0039,1.7585
r0041_c0021,0.4138
r0041_c0022,-0.0
r0041_c0023,1.0127
r0041_c0024,1.9915
r0041_c0025,2.0534
r0041_c0026,1.9523
r0041_c0027,2.337
r0041_c0028,1.9034
r0041_c0029,2.0407
r0041_c0030,1.1257
r0041_c0031,1.1061
r0041_c0032,1.3411
r0041_c0033,0.2705
r0041_c0034,0.3486
r0041_c0035,1.859
r0041_c0036,1.8499
r0041_c0037,1.9424
r0041_c0038,2.4974
r0041_c0039,1.1631
r0041_c0040,0.7389
r0042_c0022,1.3479
r0042_c0023,1.6055
r0042_c0024,1.8331
r0042_c0025,1.8201
r0042_c0026,1.7457
r0042_c0027,1.879
r0042_c0028,2.0095
r0042_c0029,1.9001
r0042_c0030,2.0513
r0042_c0031,1.7088
r0042_c0032,1.1496
r0042_c0033,1.6307
r0042_c0034,1.3043
r0042_c0035,2.0555
r0042_c0036,2.7003
r0042_c0037,2.2357
r0042_c0038,1.8743
r0042_c0039,2.1034
r0042_c0040,1.421
r0042_c0041,0.8199
r0043_c0022,0.7015
r0043_c0023,2.1445
r0043_c0024,1.9627
r0043_c0025,2.0465
r0043_c0026,2.1297
r0043_c0027,2.298
r0043_c0028,2.0084
r0043_c0029,1.6131
r0043_c0030,1.4712
r0043_c0031,1.5633
r0043_c0032,0.8037
r0043_c0033,1.6187
r0043_c0034,2.1651
r0043_c0035,1.628
r0043_c0036,1.8886
r0043_c0037,1.5995
r0043_c0038,1.7344
r0043_c0039,1.6448
r0043_c0040,2.4754
r0043_c0041,0.8903
r0043_c0042,2.147
r0044_c0021,-0.0
r0044_c0022,1.9903
r0044_c0023,2.686
r0044_c0024,1.2197
r0044_c0025,1.5529
r0044_c0026,0.1356
r0044_c0027,2.1166
r0044_c0028,2.0411
r0044_c0029,1.845
r0044_c0030,1.3632
r0044_c0031,1.5254
r0044_c0032,1.3303
r0044_c0033,2.1047
r0044_c0034,0.7955
r0044_c0035,1.2983
r0044_c0036,0.5577
r0044_c0037,1.5745
r0044_c0038,1.9745
r0044_c0039,2.3136
r0044_c0040,1.9478
r0044_c0041,1.257
r0044_c0042,1.0246
r0045_c0022,2.0644
r0045_c0023,2.2183
r0045_c0024,1.6214
r0045_c0025,1.3286
r0045_c0026,1.2523
r0045_c0028,1.6995
r0045_c0029,1.6025
r0045_c0030,1.2574
r0045_c0031,1.3544
r0045_c0032,0.9897
r0045_c0033,0.9071
r0045_c0034,1.0516
r0045_c0035,1.0273
r0045_c0036,1.627
r0045_c0037,2.3639
r0045_c0038,2.4197
r0045_c0039,2.0187
r0045_c0040,2.4521
r0045_c0041,1.1585
r0045_c0042,1.5306
r0045_c0043,1.4441
r0046_c0022,1.6442
r0046_c0023,1.3311
r0046_c0024,2.3664
r0046_c0025,0.5616
r0046_c0026,-0.0
r0046_c0028,1.7635
r0046_c0029,1.9873
r0046_c0030,1.8477
r0046_c0031,1.14
r0046_c0032,0.7608
r0046_c0033,1.149
r0046_c0034,0.2662
r0046_c0035,0.7893
r0046_c0036,1.9617
r0046_c0037,2.1347
r0046_c0038,2.2651
r0046_c0039,2.258
r0046_c0040,1.7688
r0046_c0041,1.3066
r0046_c0042,1.8826
r0046_c0043,1.3293
r0047_c0022,0.5585
r0047_c0023,-0.0
r0047_c0024,1.7147
r0047_c0027,1.7709
r0047_c0028,2.1851
r0047_c0029,1.5631
r0047_c0031,0.4073
r0047_c0032,0.4395
r0047_c0033,0.8458
r0047_c0034,0.9719
r0047_c0035,0.6457
r0047_c0036,0.9753
r0047_c0037,1.4889
r0047_c0038,1.4585
r0047_c0039,0.319
r0047_c0040,0.0937
r0047_c0041,1.1575
r0047_c0042,1.7114
r0047_c0043,1.6438
r0048_c0023,-0.0
r0048_c0024,1.2594
r0048_c0025,0.9263
r0048_c0026,1.606
r0048_c0027,1.6377
r0048_c0028,-0.0
r0048_c0029,1.1527
r0048_c0030,0.6862
r0048_c0031,0.5611
r0048_c0032,0.3006
r0048_c0033,0.6252
r0048_c0034,0.8603
r0048_c0035,0.7084
r0048_c0036,1.1226
r0048_c0037,0.2503
r0048_c0038,0.1482
r0048_c0039,0.3278
r0048_c0040,1.0419
r0048_c0041,0.9233
r0048_c0042,1.6166
r0048_c0043,2.2156
r0049_c0024,1.3767
r0049_c0027,1.9279
r0049_c0028,1.8778
r0049_c0029,1.705
r0049_c0030,0.5785
r0049_c0031,1.1328
r0049_c0032,1.0817
r0049_c0033,-0.0
r0049_c0034,0.8294
r0049_c0035,1.2711
r0049_c0036,-0.0
r0049_c0037,0.3807
r0049_c0038,-0.0
r0049_c0039,0.6832
r0049_c0040,1.5318
r0049_c0041,0.8768
r0049_c0042,1.9288
r0049_c0043,2.2572
r0049_c0044,1.9511
r0049_c0045,1.8113
r0049_c0046,2.5653
r0050_c0025,1.3153
r0050_c0026,0.1453
r0050_c0027,2.1171
r0050_c0028,2.364
r0050_c0029,2.2997
r0050_c0030,1.1559
r0050_c0031,1.0927
r0050_c0032,0.7621
r0050_c0033,0.4946
r0050_c0034,-0.0
r0050_c0036,0.8146
r0050_c0037,0.6317
r0050_c0038,1.0488
r0050_c0039,0.3728
r0050_c0041,0.9172
r0050_c0042,1.7216
r0050_c0043,2.0615
r0050_c0044,1.7861
r0050_c0045,1.7998
r0050_c0046,0.8507
r0051_c0025,-0.0
r0051_c0026,1.4382
r0051_c0027,2.6116
r0051_c0028,1.3958
r0051_c0029,1.4096
r0051_c0030,1.1209
r0051_c0031,1.1508
r0051_c0032,0.8363
r0051_c0033,0.152
r0051_c0034,-0.0
r0051_c0035,0.1899
r0051_c0036,0.4372
r0051_c0037,0.8483
r0051_c0038,0.5089
r0051_c0039,0.6153
r0051_c0040,-0.0
r0051_c0041,1.1536
r0051_c0042,1.1656
r0051_c0043,2.1697
r0051_c0044,1.9215
r0051_c0045,2.1307
r0051_c0046,0.3795
r0051_c0047,0.5417
r0051_c0048,0.8476
r0051_c0051,1.5309
r0052_c0026,2.059
r0052_c0027,1.824
r0052_c0028,0.859
r0052_c0029,1.4907
r0052_c0030,1.9344
r0052_c0031,0.4654
r0052_c0032,1.1521
r0052_c0033,-0.0
r0052_c0034,1.2286
r0052_c0035,0.5242
r0052_c0036,0.3261
r0052_c0037,1.3298
r0052_c0038,0.705
r0052_c0039,1.0294
r0052_c0040,0.3483
r0052_c0041,0.8718
r0052_c0042,0.1934
r0052_c0043,1.2769
r0052_c0044,2.1257
r0052_c0045,1.7666
r0052_c0046,2.2507
r0052_c0047,0.928
r0052_c0048,1.604
r0053_c0026,1.9292
r0053_c0027,0.861
r0053_c0028,1.1255
r0053_c0029,1.7225
r0053_c0030,1.1961
r0053_c0031,2.4951
r0053_c0032,1.2858
r0053_c0033,-0.0
r0053_c0034,0.2153
r0053_c0035,1.0341
r0053_c0036,0.1398
r0053_c0037,0.1546
r0053_c0038,0.5493
r0053_c0039,1.4643
r0053_c0040,0.282
r0053_c0042,0.3415
r0053_c0043,0.4009
r0053_c0044,0.729
r0053_c0045,0.7196
r0053_c0046,1.1221
r0053_c0047,2.0169
r0053_c0048,0.9534
r0053_c0049,1.4996
r0053_c0053,1.2674
r0054_c0024,0.5553
r0054_c0026,0.2793
r0054_c0027,1.3492
r0054_c0028,1.6338
r0054_c0029,0.8475
r0054_c0030,2.3965
r0054_c0031,2.1559
r0054_c0032,2.1679
r0054_c0033,1.3469
r0054_c0034,0.2208
r0054_c0035,0.9047
r0054_c0036,-0.0
r0054_c0038,-0.0
r0054_c0039,0.4251
r0054_c0040,0.6231
r0054_c0041,0.4877
r0054_c0042,1.922
r0054_c0043,1.65
r0054_c0044,1.7878
r0054_c0045,1.6297
r0054_c0046,2.1374
r0054_c0047,1.6935
r0054_c0048,1.9952
r0054_c0049,1.9656
r0054_c0053,1.0
r0055_c0026,0.9998
r0055_c0027,0.8757
r0055_c0028,2.2895
r0055_c0029,1.4071
r0055_c0030,2.4468
r0055_c0031,1.9068
r0055_c0032,1.7882
r0055_c0033,2.0603
r0055_c0034,1.8289
r0055_c0035,0.2631
r0055_c0038,1.2659
r0055_c0039,1.7406
r0055_c0040,0.3223
r0055_c0041,0.5252
r0055_c0042,0.8805
r0055_c0043,1.7116
r0055_c0044,1.183
r0055_c0045,1.2041
r0055_c0046,1.5233
r0055_c0047,2.0327
r0055_c0048,2.0055
r0055_c0049,-0.0
r0055_c0051,-0.0
r0056_c0027,1.162
r0056_c0028,1.6544
r0056_c0029,2.0951
r0056_c0030,2.228
r0056_c0031,1.6417
r0056_c0032,1.4088
r0056_c0033,1.4791
r0056_c0034,1.4644
r0056_c0035,1.0797
r0056_c0036,0.8633
r0056_c0037,0.8403
r0056_c0038,0.6175
r0056_c0039,1.6166
r0056_c0040,1.9037
r0056_c0041,0.7929
r0056_c0042,1.8869
r0056_c0043,1.1969
r0056_c0044,1.1382
r0056_c0045,1.5184
r0056_c0046,1.577
r0056_c0047,2.3595
r0056_c0048,1.987
r0056_c0049,1.6192
r0056_c0050,0.6097
r0056_c0051,0.0034
r0057_c0027,1.8973
r0057_c0028,1.4702
r0057_c0029,2.5392
r0057_c0030,2.0182
r0057_c0031,1.946
r0057_c0032,1.5623
r0057_c0033,2.1614
r0057_c0034,2.1897
r0057_c0035,1.6351
r0057_c0036,1.454
r0057_c0037,1.2717
r0057_c0038,1.6945
r0057_c0039,1.5396
r0057_c0040,1.2732
r0057_c0041,0.8729
r0057_c0042,0.14
r0057_c0043,1.8108
r0057_c0044,2.2587
r0057_c0045,2.1005
r0057_c0046,1.7034
r0057_c0047,1.0416
r0057_c0048,2.0786
r0057_c0049,1.5767
r0057_c0050,0.9501
r0057_c0052,0.1465
r0058_c0028,1.7167
r0058_c0029,2.1734
r0058_c0030,1.2692
r0058_c0031,2.0662
r0058_c0032,1.6114
r0058_c0033,1.4004
r0058_c0034,2.1344
r0058_c0035,1.7036
r0058_c0036,1.3974
r0058_c0037,1.1555
r0058_c0038,1.3615
r0058_c0039,1.1931
r0058_c0040,1.4142
r0058_c0042,1.6809
r0058_c0043,2.0596
r0058_c0044,2.1787
r0058_c0045,2.0267
r0058_c0046,1.5688
r0058_c0047,0.4009
r0058_c0048,0.9275
r0058_c0049,2.1831
r0058_c0050,1.2507
r0058_c0051,0.7061
r0058_c0052,0.557
r0058_c0053,0.9097
r0059_c0028,1.5017
r0059_c0029,1.2204
r0059_c0030,1.7056
r0059_c0031,1.5456
r0059_c0032,2.2886
r0059_c0033,2.523
r0059_c0034,1.3994
r0059_c0035,1.39
r0059_c0036,0.9865
r0059_c0037,1.2039
r0059_c0042,1.4224
r0059_c0043,2.3956
r0059_c0044,2.345
r0059_c0045,2.1308
r0059_c0046,1.5216
r0059_c0047,1.6248
r0059_c0048,1.1243
r0059_c0049,1.7792
r0059_c0050,1.6852
r0059_c0051,1.6373
r0059_c0052,1.8665
r0059_c0053,2.1782
r0060_c0028,1.6935
r0060_c0030,0.4314
r0060_c0031,1.9971
r0060_c0032,1.9098
r0060_c0033,2.0778
r0060_c0034,1.845
r0060_c0035,0.4956
r0060_c0043,2.0204
r0060_c0044,2.1235
r0060_c0045,1.3546
r0060_c0046,0.2867
r0060_c0047,1.577
r0060_c0048,1.6586
r0060_c0049,2.0583
r0060_c0050,1.1267
r0060_c0051,1.8358
r0060_c0052,1.8303
r0060_c0053,1.8149
r0060_c0054,1.3219
r0061_c0029,0.1833
r0061_c0030,0.6508
r0061_c0031,0.9355
r0061_c0032,0.9978
r0061_c0033,1.5039
r0061_c0034,1.0681
r0061_c0035,1.1075
r0061_c0043,0.9653
r0061_c0044,2.0427
r0061_c0045,2.3593
r0061_c0046,2.3137
r0061_c0047,2.0718
r0061_c0048,2.0717
r0061_c0049,2.0038
r0061_c0050,1.9161
r0061_c0051,1.0877
r0061_c0052,2.2673
r0061_c0053,1.7375
r0061_c0055,0.9559
r0062_c0030,0.1879
r0062_c0031,0.7642
r0062_c0032,0.771
r0062_c0033,1.5158
r0062_c0034,0.4656
r0062_c0035,1.2513
r0062_c0036,0.86
r0062_c0044,1.5624
r0062_c0045,2.2559
r0062_c0046,1.251
r0062_c0047,1.7199
r0062_c0048,1.7124
r0062_c0049,1.7551
r0062_c0050,0.7514
r0062_c0051,1.9829
r0062_c0052,2.1535
r0062_c0053,1.9509
r0062_c0054,1.6782
r0062_c0055,0.9741
r0063_c0030,0.9725
r0063_c0031,-0.0
r0063_c0032,1.0415
r0063_c0033,-0.0
r0063_c0035,-0.0
r0063_c0036,0.7971
r0063_c0037,1.401
r0063_c0044,-0.0
r0063_c0045,1.9188
r0063_c0046,2.2767
r0063_c0047,1.8533
r0063_c0048,2.0383
r0063_c0049,1.877
r0063_c0050,1.9011
r0063_c0051,1.5211
r0063_c0052,1.9285
r0063_c0053,1.9744
r0063_c0054,1.2934
r0063_c0055,1.6321
r0063_c0056,1.3669
r0064_c0030,-0.0
r0064_c0031,1.332
r0064_c0033,0.3661
r0064_c0036,1.682
r0064_c0037,0.9793
r0064_c0038,1.2414
r0064_c0045,2.0752
r0064_c0046,2.3301
r0064_c0047,1.4635
r0064_c0048,1.6925
r0064_c0049,1.7557
r0064_c0050,2.1166
r0064_c0051,1.6763
r0064_c0052,1.5137
r0064_c0053,1.5403
r0064_c0054,1.8808
r0064_c0055,1.4043
r0064_c0056,1.8883
r0065_c0030,-0.0
r0065_c0031,1.4673
r0065_c0032,1.969
r0065_c0033,1.9324
r0065_c0034,-0.0
r0065_c0035,1.7681
r0065_c0036,0.399
r0065_c0037,1.9861
r0065_c0038,1.7285
r0065_c0045,0.7533
r0065_c0046,2.277
r0065_c0047,1.2497
r0065_c0048,1.7815
r0065_c0049,1.7069
r0065_c0050,2.1113
r0065_c0051,1.8081
r0065_c0052,1.5194
r0065_c0053,1.5227
r0065_c0054,1.9539
r0065_c0055,1.94
r0065_c0056,1.4978
r0065_c0057,1.2561
r0066_c0032,1.5805
r0066_c0034,-0.0
r0066_c0035,1.1718
r0066_c0036,1.6555
r0066_c0037,2.1571
r0066_c0038,1.7892
r0066_c0046,2.1422
r0066_c0047,2.0613
r0066_c0048,1.6806
r0066_c0049,1.8584
r0066_c0050,2.044
r0066_c0051,2.1059
r0066_c0052,2.0934
r0066_c0053,1.8671
r0066_c0054,2.2132
r0066_c0055,1.6006
r0066_c0056,2.0282
r0066_c0057,1.7919
r0067_c0032,1.5805
r0067_c0034,-0.0
r0067_c0035,1.5343
r0067_c0036,1.7172
r0067_c0037,1.7717
r0067_c0038,1.4343
r0067_c0039,1.6252
r0067_c0046,0.0
r0067_c0047,1.9584
r0067_c0048,2.2001
r0067_c0049,1.0604
r0067_c0050,2.3282
r0067_c0051,1.9161
r0067_c0052,2.1538
r0067_c0053,0.9996
r0067_c0054,2.0158
r0067_c0055,2.2719
r0067_c0056,1.6527
r0067_c0057,1.4882
r0068_c0033,0.5042
r0068_c0034,1.6648
r0068_c0035,2.2298
r0068_c0036,1.608
r0068_c0037,2.1064
r0068_c0038,1.774
r0068_c0039,1.7908
r0068_c0040,1.8286
r0068_c0047,1.564
r0068_c0048,1.9872
r0068_c0049,1.303
r0068_c0050,1.4078
r0068_c0051,1.4817
r0068_c0052,1.4103
r0068_c0053,1.4247
r0068_c0054,2.2662
r0068_c0055,1.0858
r0068_c0056,2.349
r0069_c0032,0.9962
r0069_c0033,1.3646
r0069_c0034,1.6256
r0069_c0035,1.7905
r0069_c0036,1.8457
r0069_c0037,1.9429
r0069_c0038,1.6241
r0069_c0039,1.6926
r0069_c0040,1.0863
r0069_c0047,0.0
r0069_c0048,1.4417
r0069_c0049,1.5834
r0069_c0050,1.0953
r0069_c0051,1.1063
r0069_c0052,1.8622
r0069_c0053,1.1205
r0069_c0054,1.5016
r0069_c0055,1.9281
r0069_c0056,1.5621
r0070_c0034,0.2612
r0070_c0035,1.0791
r0070_c0036,1.9528
r0070_c0037,1.7796
r0070_c0038,2.2357
r0070_c0039,1.8642
r0070_c0048,1.2168
r0070_c0049,1.33
r0070_c0050,0.514
r0070_c0051,1.7352
r0070_c0052,1.8643
r0070_c0053,1.0063
r0070_c0054,1.55
r0070_c0055,1.5448
r0070_c0056,0.9474
r0071_c0034,0.7648
r0071_c0035,1.3581
r0071_c0036,2.4192
r0071_c0037,1.9749
r0071_c0038,1.9539
r0071_c0039,1.7199
r0071_c0040,1.7694
r0071_c0041,1.5012
r0071_c0042,1.1353
r0071_c0049,1.5998
r0071_c0050,1.2305
r0071_c0051,1.1225
r0071_c0052,2.2479
r0071_c0053,1.8141
r0071_c0054,1.3247
r0071_c0055,2.0861
r0071_c0056,2.616
r0072_c0035,0.5197
r0072_c0036,1.9847
r0072_c0037,1.9526
r0072_c0038,1.3558
r0072_c0039,2.1428
r0072_c0040,1.971
r0072_c0041,1.8677
r0072_c0042,1.7146
r0072_c0049,-0.0
r0072_c0050,1.6538
r0072_c0051,2.3221
r0072_c0052,1.0602
r0072_c0053,1.839
r0072_c0054,1.9544
r0072_c0055,1.0896
r0072_c0056,1.0131
r0072_c0058,0.9992
r0073_c0036,1.8504
r0073_c0037,1.5224
r0073_c0038,1.3424
r0073_c0039,1.8249
r0073_c0040,1.301
r0073_c0041,1.3621
r0073_c0042,1.8946
r0073_c0043,1.6559
r0073_c0050,1.9703
r0073_c0051,2.1921
r0073_c0052,1.2216
r0073_c0053,2.096
r0073_c0054,1.9906
r0073_c0055,1.1383
r0073_c0057,1.1514
r0073_c0059,0.9986
r0074_c0036,0.0
r0074_c0037,1.8572
r0074_c0038,2.0119
r0074_c0039,1.7584
r0074_c0040,1.9623
r0074_c0041,1.9412
r0074_c0042,1.8729
r0074_c0043,1.8408
r0074_c0050,0.7956
r0074_c0051,1.6528
r0074_c0052,1.6463
r0074_c0053,1.6842
r0074_c0054,1.8805
r0074_c0055,1.8845
r0074_c0056,-0.0
r0074_c0057,2.2057
r0074_c0058,-0.0
r0075_c0036,0.0
r0075_c0037,1.9668
r0075_c0038,1.7701
r0075_c0039,1.9402
r0075_c0040,1.4511
r0075_c0041,2.1789
r0075_c0042,2.1968
r0075_c0043,1.3292
r0075_c0044,1.6252
r0075_c0051,1.141
r0075_c0052,1.8598
r0075_c0054,1.7636
r0075_c0055,2.0909
r0075_c0057,1.5432
r0075_c0058,1.8566
r0075_c0059,2.2943
r0076_c0037,0.81
r0076_c0038,1.2453
r0076_c0039,1.8668
r0076_c0040,0.5085
r0076_c0041,2.0865
r0076_c0042,1.2472
r0076_c0043,1.995
r0076_c0044,1.254
r0076_c0054,2.1585
r0076_c0055,2.0002
r0076_c0056,2.1635
r0076_c0057,1.4663
r0076_c0058,2.0408
r0076_c0059,2.2043
r0077_c0037,-0.0
r0077_c0038,1.9338
r0077_c0039,1.9556
r0077_c0040,1.6662
r0077_c0041,1.3856
r0077_c0042,1.1261
r0077_c0043,1.5183
r0077_c0044,1.6594
r0077_c0045,1.9322
r0077_c0052,0.912
r0077_c0053,1.7137
r0077_c0054,0.5249
r0077_c0055,2.6458
r0077_c0056,2.3342
r0077_c0057,1.9837
r0077_c0058,1.9974
r0077_c0059,0.1254
r0077_c0060,2.0363
r0078_c0038,-0.0
r0078_c0039,1.774
r0078_c0040,1.8388
r0078_c0041,1.1251
r0078_c0042,1.6331
r0078_c0043,1.7869
r0078_c0044,1.3132
r0078_c0045,1.2543
r0078_c0053,2.1106
r0078_c0055,0.7107
r0078_c0056,2.1703
r0078_c0057,2.2141
r0078_c0059,1.8674
r0078_c0060,2.3627
r0078_c0061,1.5399
r0079_c0039,1.1786
r0079_c0040,0.6798
r0079_c0041,1.9033
r0079_c0042,1.2022
r0079_c0043,1.3439
r0079_c0044,1.2582
r0079_c0053,0.6292
r0079_c0054,1.7095
r0079_c0055,1.1488
r0079_c0056,1.329
r0079_c0057,2.5798
r0079_c0058,1.7029
r0079_c0059,1.8756
r0079_c0060,2.1913
r0079_c0061,1.2526
r0079_c0062,0.071
r0079_c0063,0.7939
r0080_c0039,-0.0
r0080_c0040,1.7371
r0080_c0041,1.3145
r0080_c0042,1.1622
r0080_c0043,2.119
r0080_c0044,1.7031
r0080_c0046,1.0758
r0080_c0047,1.0492
r0080_c0054,1.3042
r0080_c0055,1.8915
r0080_c0056,-0.0
r0080_c0057,2.149
r0080_c0058,2.2365
r0080_c0059,2.0891
r0080_c0061,-0.0
r0080_c0062,2.3064
r0080_c0063,2.1353
r0080_c0064,1.4514
r0081_c0040,0.9882
r0081_c0041,1.395
r0081_c0042,1.715
r0081_c0043,1.849
r0081_c0044,0.7598
r0081_c0046,-0.0
r0081_c0047,1.4796
r0081_c0054,1.333
r0081_c0055,1.0484
r0081_c0056,1.9216
r0081_c0057,1.2968
r0081_c0060,1.671
r0081_c0061,2.1677
r0081_c0062,2.0996
r0081_c0063,2.766
r0081_c0064,2.1803
r0081_c0065,1.1151
r0082_c0041,-0.0
r0082_c0042,1.9043
r0082_c0043,2.077
r0082_c0044,1.91
r0082_c0046,0.9365
r0082_c0047,1.2462
r0082_c0048,1.242
r0082_c0053,0.746
r0082_c0054,1.8844
r0082_c0056,0.993
r0082_c0058,0.4582
r0082_c0059,1.9177
r0082_c0060,2.2964
r0082_c0061,1.9903
r0082_c0062,1.8466
r0082_c0063,2.3777
r0082_c0064,2.153
r0083_c0041,0.105
r0083_c0042,1.5858
r0083_c0043,1.9475
r0083_c0044,1.9356
r0083_c0045,1.6694
r0083_c0046,1.9196
r0083_c0047,1.7766
r0083_c0048,1.6846
r0083_c0051,-0.0
r0083_c0052,1.9537
r0083_c0053,1.7079
r0083_c0056,0.1386
r0083_c0057,2.1499
r0083_c0058,1.8648
r0083_c0059,2.2428
r0083_c0060,2.0231
r0083_c0061,2.4313
r0083_c0062,2.1568
r0083_c0063,1.1253
r0084_c0042,1.2477
r0084_c0043,1.194
r0084_c0044,2.0847
r0084_c0045,1.5989
r0084_c0046,1.791
r0084_c0047,1.379
r0084_c0048,1.9287
r0084_c0049,0.1432
r0084_c0050,1.4322
r0084_c0051,1.4388
r0084_c0052,1.5416
r0084_c0053,1.7261
r0084_c0055,0.6464
r0084_c0056,1.7995
r0084_c0057,1.4437
r0084_c0058,2.2475
r0084_c0059,2.1918
r0084_c0060,1.5548
r0084_c0061,2.5117
r0084_c0062,2.3672
r0084_c0065,1.299
r0085_c0042,-0.0
r0085_c0043,1.4893
r0085_c0044,2.0274
r0085_c0045,1.9775
r0085_c0046,1.6862
r0085_c0047,1.729
r0085_c0048,1.9024
r0085_c0049,1.3062
r0085_c0050,1.5984
r0085_c0051,2.0523
r0085_c0052,1.0958
r0085_c0053,2.1025
r0085_c0054,1.6181
r0085_c0055,1.0463
r0085_c0056,1.7594
r0085_c0057,1.7517
r0085_c0058,1.7304
r0085_c0059,1.4315
r0085_c0060,1.4577
r0085_c0061,2.5429
r0085_c0062,2.0687
r0085_c0063,1.8774
r0086_c0043,1.7092
r0086_c0044,2.181
r0086_c0045,1.9954
r0086_c0046,1.3706
r0086_c0049,1.4605
r0086_c0050,1.7277
r0086_c0051,2.1181
r0086_c0052,1.58
r0086_c0053,1.6152
r0086_c0054,1.4424
r0086_c0055,1.8638
r0086_c0056,1.8311
r0086_c0059,1.2746
r0086_c0060,2.3382
r0086_c0061,2.5779
r0086_c0062,2.2119
r0086_c0063,2.0879
r0086_c0064,1.7902
r0087_c0044,1.1522
r0087_c0045,1.7507
r0087_c0046,1.8083
r0087_c0047,0.9876
r0087_c0049,0.8615
r0087_c0050,1.3513
r0087_c0051,1.9363
r0087_c0052,2.406
r0087_c0053,2.2345
r0087_c0054,1.4169
r0087_c0055,2.1772
r0087_c0056,1.8218
r0087_c0059,0.6888
r0087_c0060,1.9609
r0087_c0061,2.1916
r0087_c0062,2.1802
r0087_c0063,1.8205
r0088_c0044,-0.0
r0088_c0045,2.1674
r0088_c0046,1.8881
r0088_c0047,0.9667
r0088_c0048,2.1221
r0088_c0049,0.0366
r0088_c0050,1.7859
r0088_c0051,1.351
r0088_c0052,1.149
r0088_c0053,1.7718
r0088_c0054,1.8065
r0088_c0055,1.641
r0088_c0056,2.0484
r0088_c0057,2.082
r0088_c0058,2.6805
r0088_c0059,2.5377
r0088_c0060,2.33
r0088_c0061,1.4545
r0088_c0063,0.3313
r0089_c0044,-0.0
r0089_c0045,1.9363
r0089_c0048,-0.0
r0089_c0049,1.3435
r0089_c0050,0.8343
r0089_c0051,1.8094
r0089_c0052,1.6668
r0089_c0053,1.8335
r0089_c0054,2.0963
r0089_c0055,2.3079
r0089_c0056,1.9545
r0089_c0057,2.3783
r0089_c0058,2.2259
r0089_c0059,1.9325
r0089_c0060,1.4506
r0089_c0061,2.3886
r0089_c0062,0.9922
r0090_c0045,1.1108
r0090_c0048,0.0
r0090_c0049,1.2812
r0090_c0050,-0.0
r0090_c0051,1.5976
r0090_c0052,2.2607
r0090_c0053,2.1047
r0090_c0054,2.3342
r0090_c0055,1.0954
r0090_c0056,1.2343
r0090_c0057,2.6983
r0090_c0058,1.4439
r0090_c0059,2.2879
r0090_c0060,2.0622
r0090_c0061,2.768
r0090_c0062,1.802
r0091_c0045,0.0
r0091_c0046,0.949
r0091_c0049,1.6978
r0091_c0051,2.0226
r0091_c0052,2.2466
r0091_c0053,1.1515
r0091_c0054,1.236
r0091_c0055,1.4381
r0091_c0056,2.2881
r0091_c0057,2.1333
r0091_c0058,2.0584
r0091_c0059,2.2116
r0091_c0060,2.0357
r0091_c0061,1.4281
r0092_c0047,0.482
r0092_c0048,2.1446
r0092_c0049,1.1836
r0092_c0050,-0.0
r0092_c0051,0.7859
r0092_c0052,2.4123
r0092_c0053,2.8019
r0092_c0054,1.7517
r0092_c0056,1.8699
r0092_c0057,1.8621
r0092_c0058,2.2831
r0092_c0059,2.0178
r0092_c0060,1.7058
r0093_c0047,0.5777
r0093_c0048,1.4701
r0093_c0051,1.6964
r0093_c0052,2.3352
r0093_c0053,1.4488
r0093_c0054,1.7036
r0093_c0055,0.4601
r0093_c0056,2.0979
r0093_c0057,2.0203
r0093_c0058,2.314
r0093_c0059,0.5638
r0093_c0060,1.4475
r0094_c0047,0.9964
r0094_c0048,1.4491
r0094_c0050,1.9918
r0094_c0051,2.143
r0094_c0052,2.4098
r0094_c0053,1.7198
r0094_c0054,0.5903
r0094_c0055,1.4542
r0094_c0056,1.8642
r0094_c0057,1.8662
r0094_c0058,1.85
r0094_c0059,1.9685
r0094_c0060,-0.0
r0094_c0061,1.5664
r0095_c0048,1.3121
r0095_c0049,1.6696
r0095_c0050,2.0746
r0095_c0051,0.8515
r0095_c0052,1.9913
r0095_c0053,0.7997
r0095_c0054,-0.0
r0095_c0055,1.6515
r0095_c0056,2.2898
r0095_c0057,2.0101
r0095_c0058,2.1763
r0095_c0059,2.0665
r0095_c0060,1.415
r0095_c0061,2.4497
r0096_c0048,-0.0
r0096_c0049,0.4707
r0096_c0052,1.5053
r0096_c0055,0.3973
r0096_c0056,2.1071
r0096_c0057,1.8029
r0096_c0058,1.68
r0096_c0059,2.4879
r0096_c0060,2.0151
r0096_c0061,0.6669
r0097_c0048,0.3462
r0097_c0049,1.2685
r0097_c0050,2.0855
r0097_c0051,1.2476
r0097_c0052,1.5201
r0097_c0053,1.1996
r0097_c0055,-0.0
r0097_c0056,1.3199
r0097_c0057,1.5845
r0097_c0058,1.7383
r0097_c0059,2.1054
r0097_c0060,1.1529
r0097_c0061,0.7872
r0098_c0048,0.434
r0098_c0049,1.052
r0098_c0051,2.1962
r0098_c0052,0.6844
r0098_c0056,2.1166
r0098_c0057,1.551
r0098_c0058,1.574
r0098_c0059,1.6491
r0098_c0060,1.5045
r0098_c0061,2.145
r0099_c0049,0.8793
r0099_c0050,0.9838
r0099_c0051,1.3117
r0099_c0052,1.3944
r0099_c0053,0.6399
r0099_c0055,0.2897
r0099_c0056,1.4874
r0099_c0057,2.0769
r0099_c0058,0.2829
r0099_c0059,1.4669
r0099_c0060,2.0256
r0099_c0061,1.7192
r0100_c0049,0.2389
r0100_c0050,1.1832
r0100_c0051,1.698
r0100_c0052,2.2882
r0100_c0053,2.0037
r0100_c0054,1.9981
r0100_c0055,2.0989
r0100_c0056,2.1544
r0100_c0057,1.5816
r0100_c0058,1.6245
r0100_c0059,2.3524
r0100_c0060,1.2697
r0100_c0061,1.5949
r0101_c0051,1.4999
r0101_c0052,1.443
r0101_c0053,2.3143
r0101_c0054,2.1383
r0101_c0055,2.1313
r0101_c0056,2.4525
r0101_c0057,1.8217
r0101_c0058,1.0862
r0101_c0059,1.7811
r0101_c0060,1.7514
r0101_c0061,1.2002
r0102_c0052,1.2788
r0102_c0053,1.7178
r0102_c0054,1.7196
r0102_c0055,2.3246
r0102_c0056,1.7366
r0102_c0057,2.0599
r0102_c0058,1.3566
r0102_c0059,1.3882
r0102_c0060,1.3282
r0102_c0061,1.406
r0103_c0052,0.245
r0103_c0053,1.6302
r0103_c0054,1.7367
r0103_c0055,2.0157
r0103_c0056,2.5563
r0103_c0057,1.6309
r0103_c0058,2.1073
r0103_c0059,0.6363
r0103_c0060,1.4548
r0103_c0061,1.2669
r0103_c0062,0.9428
r0104_c0053,1.7009
r0104_c0054,2.0493
r0104_c0055,1.8315
r0104_c0056,1.6913
r0104_c0057,2.25
r0104_c0058,2.3481
r0104_c0059,1.1757
r0104_c0060,1.8482
r0104_c0061,2.0245
r0104_c0062,1.5531
r0105_c0054,1.682
r0105_c0055,2.1606
r0105_c0056,1.5809
r0105_c0057,2.623
r0105_c0058,2.1891
r0105_c0059,1.3264
r0105_c0060,1.9635
r0105_c0061,2.5212
r0106_c0054,0.7051
r0106_c0055,1.3032
r0106_c0056,1.7991
r0106_c0057,1.9665
r0106_c0058,2.3792
r0106_c0059,2.3839
r0107_c0054,0.7074
r0107_c0055,1.4631
r0107_c0056,1.2335
r0107_c0057,0.5511
r0107_c0058,0.9947
r0107_c0059,1.4236
r0108_c0056,-0.0
r0108_c0057,2.2766
r0108_c0058,2.1544
r0108_c0059,1.8424
r0109_c0055,0.7087
r0109_c0056,1.3051
r0109_c0057,0.9132
r0109_c0058,1.393
r0109_c0059,1.6233
r0109_c0060,2.1178
r0110_c0055,1.1165
r0110_c0056,0.8706
r0110_c0057,2.2336
r0110_c0058,1.4881
r0110_c0059,2.1252
r0110_c0060,2.4036
r0111_c0055,1.1201
r0111_c0056,0.5752
r0111_c0057,1.2887
r0111_c0058,1.5276
r0111_c0059,1.8038
r0111_c0060,1.8993
r0111_c0061,1.627
r0112_c0056,1.5724
r0112_c0057,0.6919
r0112_c0058,1.5539
r0112_c0059,1.3535
r0112_c0060,1.8677
r0112_c0061,2.0826
r0113_c0058,0.6364
r0113_c0060,2.2753
r0113_c0061,2.661
r0114_c0059,0.2127
r0114_c0060,0.3203
r0114_c0061,2.4101
r0115_c0057,-0.0
r0115_c0058,0.3938
r0115_c0059,1.998
r0115_c0060,2.2305
r0115_c0061,2.0161
r0115_c0062,1.9205
r0116_c0057,0.0813
r0116_c0058,1.8901
r0116_c0059,1.5197
r0116_c0060,1.7381
r0116_c0061,2.0774
r0116_c0062,1.7107
r0117_c0058,1.7493
r0117_c0059,1.4542
r0117_c0060,2.0388
r0117_c0061,1.5958
r0117_c0062,1.9467
r0117_c0063,1.2928
r0118_c0058,1.771
r0118_c0059,-0.0
r0118_c0060,1.3423
r0118_c0061,2.0926
r0118_c0062,2.1007
r0118_c0063,1.5778
r0119_c0058,-0.0
r0119_c0059,0.6319
r0119_c0060,1.4115
r0119_c0061,2.3707
r0119_c0062,0.5235
r0119_c0063,0.9638
r0119_c0064,1.8905
r0120_c0059,1.5889
r0120_c0060,1.817
r0120_c0061,1.497
r0120_c0062,1.9006
r0120_c0063,1.1541
r0120_c0064,2.5363
r0120_c0065,1.7993
r0121_c0058,0.9768
r0121_c0059,2.082
r0121_c0060,1.5771
r0121_c0061,1.6159
r0121_c0062,1.9317
r0121_c0063,1.9225
r0121_c0064,1.9586
r0121_c0065,2.2356
r0121_c0066,0.8809
r0122_c0059,-0.0
r0122_c0060,1.2315
r0122_c0061,1.7492
r0122_c0062,1.5919
r0122_c0063,2.4294
r0122_c0064,2.1394
r0122_c0065,1.7282
r0122_c0066,2.1173
r0123_c0060,-0.0
r0123_c0061,2.1126
r0123_c0062,1.4782
r0123_c0063,1.404
r0123_c0064,1.7182
r0123_c0065,1.782
r0123_c0066,1.5176
r0124_c0060,1.2493
r0124_c0061,1.7758
r0124_c0062,1.1796
r0124_c0063,1.992
r0124_c0064,2.1725
r0124_c0065,1.3826
r0124_c0066,0.8134
r0125_c0060,1.0594
r0125_c0061,1.8247
r0125_c0062,1.0454
r0125_c0063,2.1607
r0125_c0064,2.3324
r0125_c0065,1.3053
r0125_c0066,0.9999
r0126_c0061,1.149
r0126_c0062,-0.0
r0126_c0063,0.8365
r0126_c0064,1.9518
r0126_c0065,1.0849
r0126_c0066,1.2759
r0126_c0067,0.5357
r0127_c0063,0.7078
r0127_c0064,1.3407
r0127_c0065,1.5406
r0127_c0066,0.6125
r0128_c0065,2.0472
r0128_c0066,1.6051
r0128_c0067,1.4844
r0128_c0071,0.5955
r0129_c0065,1.6335
r0129_c0066,0.847
r0129_c0067,1.148
r0129_c0068,1.8283
r0129_c0070,0.9822
r0129_c0071,1.8445
r0129_c0072,0.9984
r0130_c0065,-0.0
r0130_c0066,1.2571
r0130_c0067,2.103
r0130_c0068,2.1793
r0130_c0069,0.4076
r0130_c0070,0.9392
r0130_c0071,2.2792
r0130_c0072,2.149
r0131_c0065,-0.0
r0131_c0066,1.5873
r0131_c0067,2.1538
r0131_c0068,1.354
r0131_c0069,2.039
r0131_c0070,1.5172
r0131_c0071,1.9326
r0131_c0073,0.9929
r0132_c0066,0.9034
r0132_c0067,1.2643
r0132_c0068,1.5452
r0132_c0069,0.8003
r0132_c0070,1.8113
r0132_c0071,0.9399
r0133_c0065,1.8197
r0133_c0066,2.6356
r0133_c0067,2.1131
r0133_c0068,2.2436
r0133_c0069,2.2262
r0133_c0070,1.886
r0133_c0071,1.1995
r0133_c0072,2.1744
r0134_c0066,0.0
r0134_c0067,1.4194
r0134_c0068,1.4147
r0134_c0069,2.0942
r0134_c0070,2.0189
r0134_c0071,2.1805
r0134_c0072,1.9932
r0135_c0068,-0.0
r0135_c0069,0.9828
r0135_c0070,1.6261
r0135_c0072,0.9637
r0135_c0073,2.0622
r0135_c0075,-0.0
r0136_c0071,0.7957
r0136_c0072,1.2589
r0136_c0073,1.6824
r0136_c0074,1.4808
r0136_c0075,1.9452
r0137_c0071,0.6155
r0137_c0072,1.7228
r0137_c0073,1.7899
r0137_c0075,1.5116
r0137_c0076,-0.0
r0138_c0076,-0.0
r0138_c0077,0.9529
r0139_c0075,1.3844
r0139_c0076,2.3509
r0139_c0077,0.469
r0140_c0074,0.9661
r0140_c0075,1.7034
r0140_c0076,0.9494
r0140_c0077,2.1458
r0141_c0075,0.2097
r0141_c0076,1.3126
