cell_id,road_density_primary
r0011_c0018,7.66
r0012_c0018,6.74
r0012_c0019,0.0
r0012_c0020,0.0
r0012_c0021,0.0
r0013_c0018,6.13
r0013_c0019,0.0
r0013_c0020,0.0
r0013_c0021,0.0
r0013_c0022,0.0
r0014_c0016,14.63
r0014_c0017,2.64
r0014_c0018,0.0
r0014_c0019,0.0
r0014_c0020,0.0
r0014_c0021,14.49
r0014_c0022,20.54
r0014_c0023,9.18
r0015_c0016,12.31
r0015_c0018,17.23
r0015_c0019,18.8
r0015_c0020,12.76
r0015_c0021,9.83
r0015_c0022,0.0
r0015_c0023,6.9
r0015_c0024,0.0
r0015_c0025,0.0
r0016_c0016,20.8
r0016_c0017,20.34
r0016_c0018,7.34
r0016_c0019,0.0
r0016_c0020,7.11
r0016_c0021,5.65
r0016_c0022,1.78
r0016_c0023,10.07
r0016_c0024,0.0
r0016_c0025,0.0
r0017_c0016,0.66
r0017_c0018,14.52
r0017_c0019,0.0
r0017_c0020,10.14
r0017_c0021,0.0
r0017_c0022,6.87
r0017_c0023,0.0
r0017_c0024,3.38
r0017_c0028,0.0
r0018_c0020,0.0
r0018_c0021,10.1
r0018_c0022,4.9
r0018_c0025,0.0
r0018_c0028,0.0
r0018_c0029,0.0
r0018_c0031,0.0
r0018_c0033,0.0
r0018_c0035,0.0
r0018_c0036,0.0
r0019_c0020,3.42
r0019_c0021,0.0
r0019_c0025,0.0
r0019_c0026,0.0
r0019_c0027,0.0
r0019_c0028,0.0
r0019_c0029,0.0
r0019_c0030,0.0
r0019_c0031,0.0
r0019_c0032,0.0
r0019_c0034,5.08
r0020_c0019,4.64
r0020_c0020,13.86
r0020_c0021,0.0
r0020_c0022,10.63
r0020_c0023,2.04
r0020_c0024,8.01
r0020_c0025,0.0
r0020_c0026,0.0
r0020_c0027,0.0
r0020_c0028,0.0
r0020_c0029,0.0
r0020_c0030,0.0
r0020_c0031,0.0
r0020_c0032,0.0
r0020_c0033,0.0
r0020_c0034,12.76
r0020_c0035,0.0
r0020_c0036,0.0
r0021_c0020,0.0
r0021_c0021,3.88
r0021_c0022,21.89
r0021_c0023,0.0
r0021_c0024,6.74
r0021_c0026,0.0
r0021_c0027,0.0
r0021_c0029,0.0
r0021_c0030,0.0
r0021_c0031,0.0
r0021_c0032,0.0
r0021_c0034,0.0
r0021_c0035,11.91
r0021_c0036,0.0
r0021_c0037,1.22
r0022_c0017,0.0
r0022_c0018,7.26
r0022_c0019,0.0
r0022_c0020,7.42
r0022_c0021,9.46
r0022_c0022,0.0
r0022_c0023,0.0
r0022_c0024,0.0
r0022_c0025,9.81
r0022_c0026,0.0
r0022_c0027,0.0
r0022_c0028,0.0
r0022_c0029,0.0
r0022_c0030,0.0
r0022_c0031,0.0
r0022_c0032,0.0
r0022_c0033,0.0
r0022_c0034,3.51
r0022_c0035,0.0
r0023_c0019,13.0
r0023_c0020,7.41
r0023_c0021,1.46
r0023_c0022,0.0
r0023_c0023,0.0
r0023_c0024,4.48
r0023_c0025,13.08
r0023_c0026,0.0
r0023_c0027,0.0
r0023_c0028,0.0
r0023_c0029,0.0
r0023_c0030,0.0
r0023_c0031,0.0
r0023_c0032,0.0
r0023_c0033,0.0
r0023_c0034,14.15
r0023_c0035,0.0
r0023_c0039,0.0
r0024_c0020,0.0
r0024_c0021,7.49
r0024_c0022,0.0
r0024_c0023,3.68
r0024_c0024,24.51
r0024_c0025,0.0
r0024_c0026,0.0
r0024_c0027,0.0
r0024_c0028,0.0
r0024_c0029,0.0
r0024_c0030,0.0
r0024_c0031,0.0
r0024_c0032,0.0
r0024_c0033,0.0
r0024_c0034,3.56
r0024_c0035,3.59
r0025_c0020,6.73
r0025_c0021,4.3
r0025_c0022,10.44
r0025_c0023,0.0
r0025_c0024,16.64
r0025_c0025,0.0
r0025_c0026,0.0
r0025_c0027,0.0
r0025_c0028,0.0
r0025_c0029,0.0
r0025_c0030,0.0
r0025_c0031,0.0
r0025_c0032,0.0
r0025_c0033,10.33
r0025_c0034,0.0
r0025_c0035,0.0
r0025_c0036,0.0
r0025_c0037,23.76
r0025_c0038,0.0
r0026_c0019,0.0
r0026_c0020,8.71
r0026_c0021,0.0
r0026_c0022,9.21
r0026_c0023,6.95
r0026_c0024,26.09
r0026_c0025,0.0
r0026_c0026,0.0
r0026_c0027,0.0
r0026_c0028,0.0
r0026_c0029,0.0
r0026_c0030,0.0
r0026_c0031,0.0
r0026_c0032,0.0
r0026_c0033,0.53
r0026_c0034,8.12
r0026_c0035,14.1
r0026_c0036,0.0
r0026_c0037,19.67
r0026_c0038,1.51
r0027_c0020,0.0
r0027_c0021,10.73
r0027_c0022,11.27
r0027_c0023,3.44
r0027_c0024,0.0
r0027_c0025,0.0
r0027_c0026,0.0
r0027_c0027,0.0
r0027_c0028,0.0
r0027_c0029,0.0
r0027_c0030,0.0
r0027_c0031,0.0
r0027_c0032,0.0
r0027_c0033,0.0
r0027_c0034,3.64
r0027_c0035,15.14
r0027_c0036,31.04
r0027_c0037,36.17
r0027_c0038,0.0
r0027_c0039,0.0
r0028_c0020,11.24
r0028_c0021,8.53
r0028_c0022,0.0
r0028_c0023,9.41
r0028_c0024,0.0
r0028_c0025,9.6
r0028_c0026,0.0
r0028_c0027,0.0
r0028_c0028,0.0
r0028_c0029,0.0
r0028_c0030,0.0
r0028_c0031,0.0
r0028_c0032,0.0
r0028_c0033,0.0
r0028_c0034,0.0
r0028_c0035,0.0
r0028_c0036,0.0
r0028_c0037,4.12
r0028_c0038,0.0
r0028_c0039,0.0
r0029_c0020,7.05
r0029_c0021,0.0
r0029_c0022,7.01
r0029_c0023,1.12
r0029_c0024,3.46
r0029_c0025,2.12
r0029_c0026,2.06
r0029_c0027,0.0
r0029_c0028,0.0
r0029_c0029,0.0
r0029_c0030,0.0
r0029_c0031,0.0
r0029_c0032,0.0
r0029_c0033,0.0
r0029_c0034,0.0
r0029_c0035,0.0
r0029_c0037,28.89
r0029_c0038,0.0
r0029_c0040,0.0
r0030_c0021,6.94
r0030_c0022,3.5
r0030_c0023,13.7
r0030_c0024,11.41
r0030_c0025,0.0
r0030_c0026,5.84
r0030_c0028,0.0
r0030_c0029,0.0
r0030_c0030,0.0
r0030_c0031,0.0
r0030_c0032,0.0
r0030_c0033,0.0
r0030_c0034,0.0
r0030_c0035,0.0
r0030_c0036,24.81
r0030_c0037,9.77
r0030_c0038,10.65
r0030_c0039,2.91
r0031_c0020,6.98
r0031_c0021,0.0
r0031_c0022,24.35
r0031_c0023,12.1
r0031_c0024,0.0
r0031_c0025,10.43
r0031_c0026,12.83
r0031_c0027,0.0
r0031_c0028,0.0
r0031_c0029,0.0
r0031_c0030,0.0
r0031_c0031,0.0
r0031_c0032,0.0
r0031_c0033,0.0
r0031_c0034,0.0
r0031_c0035,0.0
r0031_c0036,9.93
r0031_c0037,29.05
r0031_c0038,7.08
r0031_c0039,5.61
r0032_c0020,24.02
r0032_c0021,23.82
r0032_c0022,0.0
r0032_c0023,2.3
r0032_c0024,17.37
r0032_c0025,10.56
r0032_c0026,10.65
r0032_c0027,0.0
r0032_c0028,0.0
r0032_c0029,0.0
r0032_c0030,0.0
r0032_c0031,0.0
r0032_c0032,0.0
r0032_c0033,0.0
r0032_c0034,0.0
r0032_c0035,0.0
r0032_c0036,17.61
r0032_c0037,1.1
r0033_c0020,10.51
r0033_c0021,10.72
r0033_c0022,10.7
r0033_c0023,19.61
r0033_c0024,18.32
r0033_c0025,5.53
r0033_c0026,13.08
r0033_c0027,0.0
r0033_c0028,0.0
r0033_c0029,0.0
r0033_c0030,0.0
r0033_c0031,0.0
r0033_c0032,0.0
r0033_c0033,0.0
r0033_c0034,0.0
r0033_c0035,0.0
r0034_c0020,13.38
r0034_c0021,18.67
r0034_c0022,7.28
r0034_c0023,20.0
r0034_c0024,10.97
r0034_c0025,8.71
r0034_c0026,9.2
r0034_c0027,14.51
r0034_c0028,0.0
r0034_c0029,0.0
r0034_c0030,0.0
r0034_c0031,0.0
r0034_c0032,0.0
r0034_c0033,0.0
r0034_c0034,0.0
r0034_c0035,0.0
r0034_c0036,0.0
r0035_c0020,9.32
r0035_c0021,58.26
r0035_c0022,8.2
r0035_c0023,11.36
r0035_c0024,0.0
r0035_c0025,8.89
r0035_c0026,0.0
r0035_c0027,27.63
r0035_c0028,4.35
r0035_c0029,0.0
r0035_c0030,0.0
r0035_c0031,0.0
r0035_c0032,0.0
r0035_c0033,0.0
r0035_c0034,0.0
r0035_c0035,0.0
r0035_c0036,0.0
r0035_c0037,12.69
r0036_c0020,17.17
r0036_c0021,0.0
r0036_c0022,15.98
r0036_c0023,13.52
r0036_c0024,10.63
r0036_c0025,2.43
r0036_c0026,18.3
r0036_c0027,10.8
r0036_c0028,39.8
r0036_c0029,0.0
r0036_c0030,0.0
r0036_c0032,0.0
r0036_c0033,0.0
r0036_c0034,0.0
r0036_c0035,0.0
r0036_c0036,0.0
r0036_c0037,4.2
r0037_c0021,10.53
r0037_c0022,20.28
r0037_c0023,11.22
r0037_c0024,6.77
r0037_c0025,12.27
r0037_c0026,4.65
r0037_c0027,18.28
r0037_c0028,9.12
r0037_c0029,0.0
r0037_c0030,0.0
r0037_c0031,0.0
r0037_c0032,0.0
r0037_c0033,0.0
r0037_c0034,0.0
r0037_c0035,0.0
r0037_c0036,0.0
r0037_c0037,12.73
r0037_c0039,25.8
r0038_c0020,0.0
r0038_c0021,7.22
r0038_c0022,13.45
r0038_c0023,29.5
r0038_c0024,10.89
r0038_c0025,10.76
r0038_c0026,9.69
r0038_c0027,23.2
r0038_c0028,10.34
r0038_c0029,21.11
r0038_c0030,4.04
r0038_c0031,0.0
r0038_c0032,0.0
r0038_c0033,0.0
r0038_c0034,0.0
r0038_c0035,0.0
r0038_c0036,0.0
r0038_c0037,0.0
r0038_c0038,1.31
r0039_c0021,13.44
r0039_c0022,6.8
r0039_c0023,8.63
r0039_c0024,14.83
r0039_c0025,12.19
r0039_c0026,12.39
r0039_c0027,8.33
r0039_c0028,12.37
r0039_c0029,20.26
r0039_c0030,0.0
r0039_c0031,0.0
r0039_c0032,0.0
r0039_c0033,0.0
r0039_c0034,0.0
r0039_c0035,0.0
r0039_c0036,0.0
r0039_c0037,0.0
r0039_c0038,12.31
r0040_c0021,0.0
r0040_c0022,23.21
r0040_c0023,15.68
r0040_c0024,18.04
r0040_c0025,10.6
r0040_c0026,13.57
r0040_c0027,14.56
r0040_c0028,10.66
r0040_c0029,0.0
r0040_c0030,15.13
r0040_c0031,0.0
r0040_c0032,0.0
r0040_c0033,0.0
r0040_c0034,0.0
r0040_c0035,0.0
r0040_c0036,0.0
r0040_c0037,0.0
r0040_c0038,0.0
r0040_c0039,5.26
r0041_c0021,23.65
r0041_c0022,3.53
r0041_c0023,8.57
r0041_c0024,0.0
r0041_c0025,42.37
r0041_c0026,10.33
r0041_c0027,2.02
r0041_c0028,8.85
r0041_c0029,26.55
r0041_c0030,7.11
r0041_c0031,0.0
r0041_c0032,0.0
r0041_c0033,0.0
r0041_c0034,0.0
r0041_c0035,0.0
r0041_c0036,0.0
r0041_c0037,0.0
r0041_c0038,0.0
r0041_c0039,8.48
r0041_c0040,4.45
r0042_c0022,20.84
r0042_c0023,17.39
r0042_c0024,13.57
r0042_c0025,14.07
r0042_c0026,10.62
r0042_c0027,22.55
r0042_c0028,9.64
r0042_c0029,7.12
r0042_c0030,0.0
r0042_c0031,7.28
r0042_c0032,17.0
r0042_c0033,0.0
r0042_c0034,0.0
r0042_c0035,0.0
r0042_c0036,6.23
r0042_c0037,2.78
r0042_c0038,0.0
r0042_c0039,0.0
r0042_c0040,4.34
r0042_c0041,7.54
r0043_c0022,13.79
r0043_c0023,10.53
r0043_c0024,6.0
r0043_c0025,7.54
r0043_c0026,21.24
r0043_c0027,13.89
r0043_c0028,10.93
r0043_c0029,6.36
r0043_c0030,14.98
r0043_c0031,7.42
r0043_c0032,9.58
r0043_c0033,17.79
r0043_c0034,0.0
r0043_c0035,0.0
r0043_c0036,0.0
r0043_c0037,6.0
r0043_c0038,0.0
r0043_c0039,0.0
r0043_c0040,0.0
r0043_c0041,2.13
r0043_c0042,0.0
r0044_c0021,3.46
r0044_c0022,0.0
r0044_c0023,12.15
r0044_c0024,17.41
r0044_c0025,16.56
r0044_c0026,18.5
r0044_c0027,7.29
r0044_c0028,14.56
r0044_c0029,20.02
r0044_c0030,10.32
r0044_c0031,4.65
r0044_c0032,25.97
r0044_c0033,22.76
r0044_c0034,18.19
r0044_c0035,0.0
r0044_c0036,0.0
r0044_c0037,9.45
r0044_c0038,4.23
r0044_c0039,0.0
r0044_c0040,0.0
r0044_c0041,0.0
r0044_c0042,12.4
r0045_c0022,15.87
r0045_c0023,13.81
r0045_c0024,10.87
r0045_c0025,3.89
r0045_c0026,14.11
r0045_c0028,15.99
r0045_c0029,22.97
r0045_c0030,7.36
r0045_c0031,14.02
r0045_c0032,15.65
r0045_c0033,13.02
r0045_c0034,3.03
r0045_c0035,0.0
r0045_c0036,0.0
r0045_c0037,0.0
r0045_c0038,4.74
r0045_c0039,1.98
r0045_c0040,0.0
r0045_c0041,0.0
r0045_c0042,10.82
r0045_c0043,0.0
r0046_c0022,0.0
r0046_c0023,7.26
r0046_c0024,13.79
r0046_c0025,7.41
r0046_c0026,16.53
r0046_c0028,13.44
r0046_c0029,14.37
r0046_c0030,0.0
r0046_c0031,11.23
r0046_c0032,0.0
r0046_c0033,26.85
r0046_c0034,10.61
r0046_c0035,0.0
r0046_c0036,0.0
r0046_c0037,0.0
r0046_c0038,0.0
r0046_c0039,8.68
r0046_c0040,8.53
r0046_c0041,10.83
r0046_c0042,0.0
r0046_c0043,7.79
r0047_c0022,12.17
r0047_c0023,5.45
r0047_c0024,11.13
r0047_c0027,0.0
r0047_c0028,6.73
r0047_c0029,0.0
r0047_c0031,9.58
r0047_c0032,35.13
r0047_c0033,2.67
r0047_c0034,4.38
r0047_c0035,14.18
r0047_c0036,0.0
r0047_c0037,0.3
r0047_c0038,0.0
r0047_c0039,1.12
r0047_c0040,10.39
r0047_c0041,0.0
r0047_c0042,0.0
r0047_c0043,9.78
r0048_c0023,8.14
r0048_c0024,0.0
r0048_c0025,0.0
r0048_c0026,0.0
r0048_c0027,17.65
r0048_c0028,21.19
r0048_c0029,27.75
r0048_c0030,4.09
r0048_c0031,10.06
r0048_c0032,7.98
r0048_c0033,0.0
r0048_c0034,7.05
r0048_c0035,0.0
r0048_c0036,8.82
r0048_c0037,11.3
r0048_c0038,0.0
r0048_c0039,0.0
r0048_c0040,0.0
r0048_c0041,10.33
r0048_c0042,0.0
r0048_c0043,0.0
r0049_c0024,0.0
r0049_c0027,2.41
r0049_c0028,4.49
r0049_c0029,52.28
r0049_c0030,8.99
r0049_c0031,3.53
r0049_c0032,0.0
r0049_c0033,9.73
r0049_c0034,2.71
r0049_c0035,14.29
r0049_c0036,13.48
r0049_c0037,7.95
r0049_c0038,1.97
r0049_c0039,0.0
r0049_c0040,0.0
r0049_c0041,1.44
r0049_c0042,10.58
r0049_c0043,0.0
r0049_c0044,1.93
r0049_c0045,5.98
r0049_c0046,8.02
r0050_c0025,4.61
r0050_c0026,13.57
r0050_c0027,9.94
r0050_c0028,10.54
r0050_c0029,0.0
r0050_c0030,0.0
r0050_c0031,12.51
r0050_c0032,8.1
r0050_c0033,3.8
r0050_c0034,22.55
r0050_c0036,0.0
r0050_c0037,14.36
r0050_c0038,0.0
r0050_c0039,0.0
r0050_c0041,0.0
r0050_c0042,0.0
r0050_c0043,0.0
r0050_c0044,0.0
r0050_c0045,0.0
r0050_c0046,8.96
r0051_c0025,2.49
r0051_c0026,0.0
r0051_c0027,0.0
r0051_c0028,0.0
r0051_c0029,14.45
r0051_c0030,0.0
r0051_c0031,2.29
r0051_c0032,9.07
r0051_c0033,3.26
r0051_c0034,8.25
r0051_c0035,0.0
r0051_c0036,7.22
r0051_c0037,0.0
r0051_c0038,3.56
r0051_c0039,11.83
r0051_c0040,0.0
r0051_c0041,0.0
r0051_c0042,0.0
r0051_c0043,0.0
r0051_c0044,0.0
r0051_c0045,0.0
r0051_c0046,0.0
r0051_c0047,8.41
r0051_c0048,0.0
r0051_c0051,9.46
r0052_c0026,0.0
r0052_c0027,0.0
r0052_c0028,17.97
r0052_c0029,5.07
r0052_c0030,0.0
r0052_c0031,18.32
r0052_c0032,0.0
r0052_c0033,7.49
r0052_c0034,3.59
r0052_c0035,3.58
r0052_c0036,5.73
r0052_c0037,4.54
r0052_c0038,14.08
r0052_c0039,0.0
r0052_c0040,0.0
r0052_c0041,0.0
r0052_c0042,0.0
r0052_c0043,0.0
r0052_c0044,0.0
r0052_c0045,0.0
r0052_c0046,0.0
r0052_c0047,6.74
r0052_c0048,9.18
r0053_c0026,0.0
r0053_c0027,0.0
r0053_c0028,0.0
r0053_c0029,1.77
r0053_c0030,0.0
r0053_c0031,0.0
r0053_c0032,23.36
r0053_c0033,0.0
r0053_c0034,8.27
r0053_c0035,9.94
r0053_c0036,5.02
r0053_c0037,14.1
r0053_c0038,0.0
r0053_c0039,0.0
r0053_c0040,0.0
r0053_c0042,0.0
r0053_c0043,0.0
r0053_c0044,0.0
r0053_c0045,0.0
r0053_c0046,0.0
r0053_c0047,0.0
r0053_c0048,15.03
r0053_c0049,6.78
r0053_c0053,0.0
r0054_c0024,0.0
r0054_c0026,0.0
r0054_c0027,0.0
r0054_c0028,0.0
r0054_c0029,0.0
r0054_c0030,25.66
r0054_c0031,0.0
r0054_c0032,0.0
r0054_c0033,0.0
r0054_c0034,9.55
r0054_c0035,9.25
r0054_c0036,5.04
r0054_c0038,0.0
r0054_c0039,21.77
r0054_c0040,0.0
r0054_c0041,0.0
r0054_c0042,0.0
r0054_c0043,0.0
r0054_c0044,0.0
r0054_c0045,0.0
r0054_c0046,0.0
r0054_c0047,12.16
r0054_c0048,8.11
r0054_c0049,7.77
r0054_c0053,7.15
r0055_c0026,0.0
r0055_c0027,0.0
r0055_c0028,0.0
r0055_c0029,0.0
r0055_c0030,25.62
r0055_c0031,0.0
r0055_c0032,7.28
r0055_c0033,9.47
r0055_c0034,0.0
r0055_c0035,0.0
r0055_c0038,7.08
r0055_c0039,0.0
r0055_c0040,0.0
r0055_c0041,0.0
r0055_c0042,0.0
r0055_c0043,0.0
r0055_c0044,0.0
r0055_c0045,0.0
r0055_c0046,3.84
r0055_c0047,1.53
r0055_c0048,0.0
r0055_c0049,0.0
r0055_c0051,14.37
r0056_c0027,0.0
r0056_c0028,0.0
r0056_c0029,0.0
r0056_c0030,4.43
r0056_c0031,6.76
r0056_c0032,2.12
r0056_c0033,104.94
r0056_c0034,23.37
r0056_c0035,23.35
r0056_c0036,0.0
r0056_c0037,7.17
r0056_c0038,12.89
r0056_c0039,7.14
r0056_c0040,6.27
r0056_c0041,0.0
r0056_c0042,0.0
r0056_c0043,0.0
r0056_c0044,0.0
r0056_c0045,0.0
r0056_c0046,0.0
r0056_c0047,0.0
r0056_c0048,0.0
r0056_c0049,0.0
r0056_c0050,0.0
r0056_c0051,0.0
r0057_c0027,0.0
r0057_c0028,9.03
r0057_c0029,6.54
r0057_c0030,2.4
r0057_c0031,21.78
r0057_c0032,18.16
r0057_c0033,92.84
r0057_c0034,0.0
r0057_c0035,0.0
r0057_c0036,2.28
r0057_c0037,19.3
r0057_c0038,0.0
r0057_c0039,7.15
r0057_c0040,16.6
r0057_c0041,0.0
r0057_c0042,0.0
r0057_c0043,0.0
r0057_c0044,0.0
r0057_c0045,0.0
r0057_c0046,0.0
r0057_c0047,0.0
r0057_c0048,0.0
r0057_c0049,0.0
r0057_c0050,0.0
r0057_c0052,0.0
r0058_c0028,0.0
r0058_c0029,0.0
r0058_c0030,0.0
r0058_c0031,0.0
r0058_c0032,4.67
r0058_c0033,2.19
r0058_c0034,0.0
r0058_c0035,13.3
r0058_c0036,3.6
r0058_c0037,0.0
r0058_c0038,10.62
r0058_c0039,0.0
r0058_c0040,7.92
r0058_c0042,0.0
r0058_c0043,0.0
r0058_c0044,0.0
r0058_c0045,0.0
r0058_c0046,0.0
r0058_c0047,0.0
r0058_c0048,0.0
r0058_c0049,0.0
r0058_c0050,0.0
r0058_c0051,0.0
r0058_c0052,0.0
r0058_c0053,0.0
r0059_c0028,0.0
r0059_c0029,0.0
r0059_c0030,0.0
r0059_c0031,6.68
r0059_c0032,13.81
r0059_c0033,25.36
r0059_c0034,0.77
r0059_c0035,0.0
r0059_c0036,0.0
r0059_c0037,0.0
r0059_c0042,0.0
r0059_c0043,0.0
r0059_c0044,0.0
r0059_c0045,0.0
r0059_c0046,0.0
r0059_c0047,0.0
r0059_c0048,0.0
r0059_c0049,0.0
r0059_c0050,0.0
r0059_c0051,0.0
r0059_c0052,0.0
r0059_c0053,0.0
r0060_c0028,0.0
r0060_c0030,0.0
r0060_c0031,1.55
r0060_c0032,3.83
r0060_c0033,0.0
r0060_c0034,0.0
r0060_c0035,0.0
r0060_c0043,0.0
r0060_c0044,0.0
r0060_c0045,0.0
r0060_c0046,0.0
r0060_c0047,0.0
r0060_c0048,0.0
r0060_c0049,0.0
r0060_c0050,0.0
r0060_c0051,0.0
r0060_c0052,0.0
r0060_c0053,0.0
r0060_c0054,0.0
r0061_c0029,0.0
r0061_c0030,21.52
r0061_c0031,0.0
r0061_c0032,0.0
r0061_c0033,10.58
r0061_c0034,0.0
r0061_c0035,35.95
r0061_c0043,0.0
r0061_c0044,0.0
r0061_c0045,0.0
r0061_c0046,0.0
r0061_c0047,0.0
r0061_c0048,0.0
r0061_c0049,0.0
r0061_c0050,0.0
r0061_c0051,0.0
r0061_c0052,0.0
r0061_c0053,0.0
r0061_c0055,0.0
r0062_c0030,0.0
r0062_c0031,0.0
r0062_c0032,0.0
r0062_c0033,0.0
r0062_c0034,3.64
r0062_c0035,0.0
r0062_c0036,0.0
r0062_c0044,0.0
r0062_c0045,0.0
r0062_c0046,0.0
r0062_c0047,0.0
r0062_c0048,0.0
r0062_c0049,0.0
r0062_c0050,0.0
r0062_c0051,0.0
r0062_c0052,0.0
r0062_c0053,0.0
r0062_c0054,0.0
r0062_c0055,0.0
r0063_c0030,0.0
r0063_c0031,0.0
r0063_c0032,0.0
r0063_c0033,0.0
r0063_c0035,0.0
r0063_c0036,0.0
r0063_c0037,22.41
r0063_c0044,0.0
r0063_c0045,0.0
r0063_c0046,0.0
r0063_c0047,0.0
r0063_c0048,0.0
r0063_c0049,0.0
r0063_c0050,0.0
r0063_c0051,40.36
r0063_c0052,0.0
r0063_c0053,0.0
r0063_c0054,0.0
r0063_c0055,0.0
r0063_c0056,0.0
r0064_c0030,0.0
r0064_c0031,0.0
r0064_c0033,0.0
r0064_c0036,12.16
r0064_c0037,8.84
r0064_c0038,7.1
r0064_c0045,0.0
r0064_c0046,0.0
r0064_c0047,0.0
r0064_c0048,0.0
r0064_c0049,0.0
r0064_c0050,19.03
r0064_c0051,0.0
r0064_c0052,0.0
r0064_c0053,0.0
r0064_c0054,0.0
r0064_c0055,0.0
r0064_c0056,0.0
r0065_c0030,0.0
r0065_c0031,0.0
r0065_c0032,0.0
r0065_c0033,0.0
r0065_c0034,10.04
r0065_c0035,15.06
r0065_c0036,2.24
r0065_c0037,0.0
r0065_c0038,0.0
r0065_c0045,0.0
r0065_c0046,0.0
r0065_c0047,0.0
r0065_c0048,0.0
r0065_c0049,0.0
r0065_c0050,0.0
r0065_c0051,0.91
r0065_c0052,0.0
r0065_c0053,0.0
r0065_c0054,0.0
r0065_c0055,0.0
r0065_c0056,0.0
r0065_c0057,0.0
r0066_c0032,0.0
r0066_c0034,0.0
r0066_c0035,0.0
r0066_c0036,0.0
r0066_c0037,32.26
r0066_c0038,0.0
r0066_c0046,0.0
r0066_c0047,0.0
r0066_c0048,0.0
r0066_c0049,0.0
r0066_c0050,0.0
r0066_c0051,0.0
r0066_c0052,15.61
r0066_c0053,0.0
r0066_c0054,0.0
r0066_c0055,0.0
r0066_c0056,0.0
r0066_c0057,0.0
r0067_c0032,0.0
r0067_c0034,0.0
r0067_c0035,0.0
r0067_c0036,0.0
r0067_c0037,22.63
r0067_c0038,0.0
r0067_c0039,0.0
r0067_c0046,0.0
r0067_c0047,0.0
r0067_c0048,0.0
r0067_c0049,0.0
r0067_c0050,0.0
r0067_c0051,0.0
r0067_c0052,0.0
r0067_c0053,6.0
r0067_c0054,0.0
r0067_c0055,0.0
r0067_c0056,0.0
r0067_c0057,0.0
r0068_c0033,0.0
r0068_c0034,0.0
r0068_c0035,0.0
r0068_c0036,0.0
r0068_c0037,0.0
r0068_c0038,0.0
r0068_c0039,64.91
r0068_c0040,73.88
r0068_c0047,0.0
r0068_c0048,0.0
r0068_c0049,0.0
r0068_c0050,0.0
r0068_c0051,0.0
r0068_c0052,0.0
r0068_c0053,11.34
r0068_c0054,1.88
r0068_c0055,0.0
r0068_c0056,0.0
r0069_c0032,0.0
r0069_c0033,0.0
r0069_c0034,0.0
r0069_c0035,0.0
r0069_c0036,0.0
r0069_c0037,3.82
r0069_c0038,6.86
r0069_c0039,14.38
r0069_c0040,0.0
r0069_c0047,0.0
r0069_c0048,5.83
r0069_c0049,0.0
r0069_c0050,0.0
r0069_c0051,0.0
r0069_c0052,0.0
r0069_c0053,0.0
r0069_c0054,0.0
r0069_c0055,15.98
r0069_c0056,0.0
r0070_c0034,0.0
r0070_c0035,0.0
r0070_c0036,0.0
r0070_c0037,0.0
r0070_c0038,13.25
r0070_c0039,0.0
r0070_c0048,0.0
r0070_c0049,0.0
r0070_c0050,0.0
r0070_c0051,0.0
r0070_c0052,0.0
r0070_c0053,0.0
r0070_c0054,1.51
r0070_c0055,22.22
r0070_c0056,0.0
r0071_c0034,0.0
r0071_c0035,0.0
r0071_c0036,0.0
r0071_c0037,0.0
r0071_c0038,14.2
r0071_c0039,7.31
r0071_c0040,0.0
r0071_c0041,0.0
r0071_c0042,0.0
r0071_c0049,0.0
r0071_c0050,0.0
r0071_c0051,0.0
r0071_c0052,0.0
r0071_c0053,0.0
r0071_c0054,0.0
r0071_c0055,3.68
r0071_c0056,13.77
r0072_c0035,0.0
r0072_c0036,10.25
r0072_c0037,6.83
r0072_c0038,0.0
r0072_c0039,5.82
r0072_c0040,21.58
r0072_c0041,10.49
r0072_c0042,14.13
r0072_c0049,0.0
r0072_c0050,0.0
r0072_c0051,0.0
r0072_c0052,0.0
r0072_c0053,0.0
r0072_c0054,0.0
r0072_c0055,0.0
r0072_c0056,0.0
r0072_c0058,0.0
r0073_c0036,0.0
r0073_c0037,11.2
r0073_c0038,1.0
r0073_c0039,0.0
r0073_c0040,12.18
r0073_c0041,15.01
r0073_c0042,15.86
r0073_c0043,14.41
r0073_c0050,0.0
r0073_c0051,0.0
r0073_c0052,0.0
r0073_c0053,0.0
r0073_c0054,0.0
r0073_c0055,0.0
r0073_c0057,0.0
r0073_c0059,0.0
r0074_c0036,18.36
r0074_c0037,16.52
r0074_c0038,22.08
r0074_c0039,13.52
r0074_c0040,2.38
r0074_c0041,5.0
r0074_c0042,10.93
r0074_c0043,10.57
r0074_c0050,0.0
r0074_c0051,0.0
r0074_c0052,0.0
r0074_c0053,0.0
r0074_c0054,0.0
r0074_c0055,0.0
r0074_c0056,0.0
r0074_c0057,0.0
r0074_c0058,0.0
r0075_c0036,4.8
r0075_c0037,11.77
r0075_c0038,18.32
r0075_c0039,6.61
r0075_c0040,0.0
r0075_c0041,7.05
r0075_c0042,1.77
r0075_c0043,24.91
r0075_c0044,14.23
r0075_c0051,0.0
r0075_c0052,0.0
r0075_c0054,0.0
r0075_c0055,0.0
r0075_c0057,8.91
r0075_c0058,0.0
r0075_c0059,0.0
r0076_c0037,26.48
r0076_c0038,0.0
r0076_c0039,19.11
r0076_c0040,0.0
r0076_c0041,0.0
r0076_c0042,0.0
r0076_c0043,14.21
r0076_c0044,7.11
r0076_c0054,6.06
r0076_c0055,13.16
r0076_c0056,13.41
r0076_c0057,25.73
r0076_c0058,39.56
r0076_c0059,16.31
r0077_c0037,14.49
r0077_c0038,11.11
r0077_c0039,1.35
r0077_c0040,13.79
r0077_c0041,0.0
r0077_c0042,0.0
r0077_c0043,5.35
r0077_c0044,18.32
r0077_c0045,8.74
r0077_c0052,14.2
r0077_c0053,18.99
r0077_c0054,0.68
r0077_c0055,7.74
r0077_c0056,0.0
r0077_c0057,0.0
r0077_c0058,20.07
r0077_c0059,15.32
r0077_c0060,23.69
r0078_c0038,15.07
r0078_c0039,0.0
r0078_c0040,11.85
r0078_c0041,0.0
r0078_c0042,12.32
r0078_c0043,5.44
r0078_c0044,0.0
r0078_c0045,0.0
r0078_c0053,7.54
r0078_c0055,0.0
r0078_c0056,10.73
r0078_c0057,0.0
r0078_c0059,0.0
r0078_c0060,0.0
r0078_c0061,10.3
r0079_c0039,14.28
r0079_c0040,11.03
r0079_c0041,18.92
r0079_c0042,0.0
r0079_c0043,0.0
r0079_c0044,21.4
r0079_c0053,8.28
r0079_c0054,0.0
r0079_c0055,23.09
r0079_c0056,0.0
r0079_c0057,0.0
r0079_c0058,0.0
r0079_c0059,0.0
r0079_c0060,0.0
r0079_c0061,0.0
r0079_c0062,5.46
r0079_c0063,21.08
r0080_c0039,13.65
r0080_c0040,0.75
r0080_c0041,17.4
r0080_c0042,0.0
r0080_c0043,25.05
r0080_c0044,0.0
r0080_c0046,3.8
r0080_c0047,0.0
r0080_c0054,3.13
r0080_c0055,0.0
r0080_c0056,0.0
r0080_c0057,0.0
r0080_c0058,0.0
r0080_c0059,0.0
r0080_c0061,0.0
r0080_c0062,8.76
r0080_c0063,0.0
r0080_c0064,20.02
r0081_c0040,17.73
r0081_c0041,0.0
r0081_c0042,8.43
r0081_c0043,0.0
r0081_c0044,3.02
r0081_c0046,4.34
r0081_c0047,0.0
r0081_c0054,7.15
r0081_c0055,0.0
r0081_c0056,0.0
r0081_c0057,0.0
r0081_c0060,0.0
r0081_c0061,0.0
r0081_c0062,1.98
r0081_c0063,5.54
r0081_c0064,12.44
r0081_c0065,0.0
r0082_c0041,2.12
r0082_c0042,18.62
r0082_c0043,2.22
r0082_c0044,0.0
r0082_c0046,16.16
r0082_c0047,0.0
r0082_c0048,2.19
r0082_c0053,0.0
r0082_c0054,3.91
r0082_c0056,0.0
r0082_c0058,0.0
r0082_c0059,0.0
r0082_c0060,0.0
r0082_c0061,0.0
r0082_c0062,0.0
r0082_c0063,10.57
r0082_c0064,19.24
r0083_c0041,15.56
r0083_c0042,0.0
r0083_c0043,15.25
r0083_c0044,13.45
r0083_c0045,7.28
r0083_c0046,7.59
r0083_c0047,2.76
r0083_c0048,15.47
r0083_c0051,0.0
r0083_c0052,0.0
r0083_c0053,19.78
r0083_c0056,0.0
r0083_c0057,0.0
r0083_c0058,0.0
r0083_c0059,0.0
r0083_c0060,7.05
r0083_c0061,7.24
r0083_c0062,5.15
r0083_c0063,4.13
r0084_c0042,9.89
r0084_c0043,16.5
r0084_c0044,8.7
r0084_c0045,0.0
r0084_c0046,15.31
r0084_c0047,14.45
r0084_c0048,12.3
r0084_c0049,9.97
r0084_c0050,20.21
r0084_c0051,0.0
r0084_c0052,0.0
r0084_c0053,0.0
r0084_c0055,10.42
r0084_c0056,8.1
r0084_c0057,7.74
r0084_c0058,5.86
r0084_c0059,7.01
r0084_c0060,0.0
r0084_c0061,0.0
r0084_c0062,0.0
r0084_c0065,0.0
r0085_c0042,13.07
r0085_c0043,0.0
r0085_c0044,14.27
r0085_c0045,0.0
r0085_c0046,7.39
r0085_c0047,0.0
r0085_c0048,0.0
r0085_c0049,18.67
r0085_c0050,13.52
r0085_c0051,0.0
r0085_c0052,0.0
r0085_c0053,0.0
r0085_c0054,0.0
r0085_c0055,4.9
r0085_c0056,22.92
r0085_c0057,24.24
r0085_c0058,9.78
r0085_c0059,8.49
r0085_c0060,0.0
r0085_c0061,0.0
r0085_c0062,2.98
r0085_c0063,0.0
r0086_c0043,3.94
r0086_c0044,1.6
r0086_c0045,15.78
r0086_c0046,0.0
r0086_c0049,3.2
r0086_c0050,4.74
r0086_c0051,10.56
r0086_c0052,7.54
r0086_c0053,2.02
r0086_c0054,9.65
r0086_c0055,0.0
r0086_c0056,0.0
r0086_c0059,0.0
r0086_c0060,0.0
r0086_c0061,0.0
r0086_c0062,44.31
r0086_c0063,0.0
r0086_c0064,0.0
r0087_c0044,0.0
r0087_c0045,12.14
r0087_c0046,0.0
r0087_c0047,0.0
r0087_c0049,27.81
r0087_c0050,18.07
r0087_c0051,20.92
r0087_c0052,4.31
r0087_c0053,0.0
r0087_c0054,0.0
r0087_c0055,0.0
r0087_c0056,0.0
r0087_c0059,0.0
r0087_c0060,0.0
r0087_c0061,0.0
r0087_c0062,0.0
r0087_c0063,0.0
r0088_c0044,14.05
r0088_c0045,0.0
r0088_c0046,16.56
r0088_c0047,7.44
r0088_c0048,7.49
r0088_c0049,17.39
r0088_c0050,0.0
r0088_c0051,16.21
r0088_c0052,0.67
r0088_c0053,0.0
r0088_c0054,0.0
r0088_c0055,0.0
r0088_c0056,0.0
r0088_c0057,0.0
r0088_c0058,0.0
r0088_c0059,0.0
r0088_c0060,0.0
r0088_c0061,0.0
r0088_c0063,0.0
r0089_c0044,14.05
r0089_c0045,11.75
r0089_c0048,0.0
r0089_c0049,14.12
r0089_c0050,19.75
r0089_c0051,0.73
r0089_c0052,17.54
r0089_c0053,0.0
r0089_c0054,0.0
r0089_c0055,0.0
r0089_c0056,0.0
r0089_c0057,0.0
r0089_c0058,0.0
r0089_c0059,18.31
r0089_c0060,0.0
r0089_c0061,0.0
r0089_c0062,0.0
r0090_c0045,19.55
r0090_c0048,0.0
r0090_c0049,0.0
r0090_c0050,0.0
r0090_c0051,0.0
r0090_c0052,10.2
r0090_c0053,1.97
r0090_c0054,0.0
r0090_c0055,0.0
r0090_c0056,0.0
r0090_c0057,0.0
r0090_c0058,38.24
r0090_c0059,0.0
r0090_c0060,0.0
r0090_c0061,8.46
r0090_c0062,0.0
r0091_c0045,8.89
r0091_c0046,3.49
r0091_c0049,12.51
r0091_c0051,11.89
r0091_c0052,0.0
r0091_c0053,18.89
r0091_c0054,0.0
r0091_c0055,0.0
r0091_c0056,0.0
r0091_c0057,6.75
r0091_c0058,2.26
r0091_c0059,6.58
r0091_c0060,17.38
r0091_c0061,13.01
r0092_c0047,0.0
r0092_c0048,0.0
r0092_c0049,21.94
r0092_c0050,0.0
r0092_c0051,0.0
r0092_c0052,0.0
r0092_c0053,5.77
r0092_c0054,0.0
r0092_c0056,3.57
r0092_c0057,7.72
r0092_c0058,0.0
r0092_c0059,5.99
r0092_c0060,11.42
r0093_c0047,1.15
r0093_c0048,3.44
r0093_c0051,10.5
r0093_c0052,5.52
r0093_c0053,33.91
r0093_c0054,28.72
r0093_c0055,9.68
r0093_c0056,0.0
r0093_c0057,0.0
r0093_c0058,0.0
r0093_c0059,8.93
r0093_c0060,6.51
r0094_c0047,21.82
r0094_c0048,6.13
r0094_c0050,0.0
r0094_c0051,27.08
r0094_c0052,21.36
r0094_c0053,0.0
r0094_c0054,13.76
r0094_c0055,0.0
r0094_c0056,0.0
r0094_c0057,0.0
r0094_c0058,22.84
r0094_c0059,7.88
r0094_c0060,14.34
r0094_c0061,0.0
r0095_c0048,4.6
r0095_c0049,23.35
r0095_c0050,37.92
r0095_c0051,0.0
r0095_c0052,14.62
r0095_c0053,0.0
r0095_c0054,44.6
r0095_c0055,0.0
r0095_c0056,3.4
r0095_c0057,0.0
r0095_c0058,0.0
r0095_c0059,0.0
r0095_c0060,7.05
r0095_c0061,0.0
r0096_c0048,7.97
r0096_c0049,0.0
r0096_c0052,0.0
r0096_c0055,16.99
r0096_c0056,11.37
r0096_c0057,0.0
r0096_c0058,0.0
r0096_c0059,0.0
r0096_c0060,6.59
r0096_c0061,6.55
r0097_c0048,2.62
r0097_c0049,12.6
r0097_c0050,0.0
r0097_c0051,0.0
r0097_c0052,25.3
r0097_c0053,18.87
r0097_c0055,32.58
r0097_c0056,20.77
r0097_c0057,0.0
r0097_c0058,0.0
r0097_c0059,21.7
r0097_c0060,0.0
r0097_c0061,12.99
r0098_c0048,0.0
r0098_c0049,12.54
r0098_c0051,0.0
r0098_c0052,0.0
r0098_c0056,9.3
r0098_c0057,24.23
r0098_c0058,1.49
r0098_c0059,0.0
r0098_c0060,0.0
r0098_c0061,12.84
r0099_c0049,0.0
r0099_c0050,0.0
r0099_c0051,21.55
r0099_c0052,0.0
r0099_c0053,0.0
r0099_c0055,12.61
r0099_c0056,22.92
r0099_c0057,50.21
r0099_c0058,0.0
r0099_c0059,0.0
r0099_c0060,0.0
r0099_c0061,0.0
r0100_c0049,0.0
r0100_c0050,0.0
r0100_c0051,0.0
r0100_c0052,0.0
r0100_c0053,8.2
r0100_c0054,23.76
r0100_c0055,0.0
r0100_c0056,0.0
r0100_c0057,7.93
r0100_c0058,0.0
r0100_c0059,0.0
r0100_c0060,0.0
r0100_c0061,0.0
r0101_c0051,18.54
r0101_c0052,0.0
r0101_c0053,0.0
r0101_c0054,13.41
r0101_c0055,12.74
r0101_c0056,0.0
r0101_c0057,0.0
r0101_c0058,38.98
r0101_c0059,12.8
r0101_c0060,13.17
r0101_c0061,5.73
r0102_c0052,8.92
r0102_c0053,0.0
r0102_c0054,11.9
r0102_c0055,0.0
r0102_c0056,12.01
r0102_c0057,0.0
r0102_c0058,23.04
r0102_c0059,39.01
r0102_c0060,0.0
r0102_c0061,0.0
r0103_c0052,0.0
r0103_c0053,0.0
r0103_c0054,18.95
r0103_c0055,9.96
r0103_c0056,8.42
r0103_c0057,9.81
r0103_c0058,0.0
r0103_c0059,29.68
r0103_c0060,0.0
r0103_c0061,0.0
r0103_c0062,0.0
r0104_c0053,1.93
r0104_c0054,13.57
r0104_c0055,0.0
r0104_c0056,11.23
r0104_c0057,3.25
r0104_c0058,0.0
r0104_c0059,30.23
r0104_c0060,0.0
r0104_c0061,0.0
r0104_c0062,0.0
r0105_c0054,0.0
r0105_c0055,0.0
r0105_c0056,4.38
r0105_c0057,16.84
r0105_c0058,0.0
r0105_c0059,8.74
r0105_c0060,5.25
r0105_c0061,0.0
r0106_c0054,3.1
r0106_c0055,0.0
r0106_c0056,9.79
r0106_c0057,0.0
r0106_c0058,4.02
r0106_c0059,0.0
r0107_c0054,20.23
r0107_c0055,0.0
r0107_c0056,0.0
r0107_c0057,13.18
r0107_c0058,4.23
r0107_c0059,2.17
r0108_c0056,0.0
r0108_c0057,13.15
r0108_c0058,0.0
r0108_c0059,8.36
r0109_c0055,5.98
r0109_c0056,16.11
r0109_c0057,0.0
r0109_c0058,0.0
r0109_c0059,0.0
r0109_c0060,10.19
r0110_c0055,0.0
r0110_c0056,0.0
r0110_c0057,23.4
r0110_c0058,0.0
r0110_c0059,0.0
r0110_c0060,0.0
r0111_c0055,0.0
r0111_c0056,0.0
r0111_c0057,17.0
r0111_c0058,7.74
r0111_c0059,28.53
r0111_c0060,13.34
r0111_c0061,3.76
r0112_c0056,13.92
r0112_c0057,0.0
r0112_c0058,0.0
r0112_c0059,16.49
r0112_c0060,0.0
r0112_c0061,0.0
r0113_c0058,15.53
r0113_c0060,5.34
r0113_c0061,15.95
r0114_c0059,0.0
r0114_c0060,3.81
r0114_c0061,0.0
r0115_c0057,5.54
r0115_c0058,0.0
r0115_c0059,0.0
r0115_c0060,7.58
r0115_c0061,0.0
r0115_c0062,0.0
r0116_c0057,0.0
r0116_c0058,0.0
r0116_c0059,0.0
r0116_c0060,0.0
r0116_c0061,15.75
r0116_c0062,0.0
r0117_c0058,30.38
r0117_c0059,0.0
r0117_c0060,0.0
r0117_c0061,0.0
r0117_c0062,0.0
r0117_c0063,0.0
r0118_c0058,0.0
r0118_c0059,0.0
r0118_c0060,0.0
r0118_c0061,0.0
r0118_c0062,14.26
r0118_c0063,0.0
r0119_c0058,4.11
r0119_c0059,12.75
r0119_c0060,8.88
r0119_c0061,14.23
r0119_c0062,0.0
r0119_c0063,4.57
r0119_c0064,0.0
r0120_c0059,0.0
r0120_c0060,0.0
r0120_c0061,13.43
r0120_c0062,15.34
r0120_c0063,0.0
r0120_c0064,14.22
r0120_c0065,8.55
r0121_c0058,0.0
r0121_c0059,0.0
r0121_c0060,0.0
r0121_c0061,9.51
r0121_c0062,0.0
r0121_c0063,0.0
r0121_c0064,5.84
r0121_c0065,0.0
r0121_c0066,0.0
r0122_c0059,0.0
r0122_c0060,0.0
r0122_c0061,5.59
r0122_c0062,5.8
r0122_c0063,0.0
r0122_c0064,0.0
r0122_c0065,9.52
r0122_c0066,0.0
r0123_c0060,0.0
r0123_c0061,0.0
r0123_c0062,23.15
r0123_c0063,0.0
r0123_c0064,0.0
r0123_c0065,5.44
r0123_c0066,2.32
r0124_c0060,0.0
r0124_c0061,0.0
r0124_c0062,0.0
r0124_c0063,0.0
r0124_c0064,0.32
r0124_c0065,10.46
r0124_c0066,24.1
r0125_c0060,0.0
r0125_c0061,0.0
r0125_c0062,35.17
r0125_c0063,0.0
r0125_c0064,15.18
r0125_c0065,0.0
r0125_c0066,6.13
r0126_c0061,0.0
r0126_c0062,0.0
r0126_c0063,0.0
r0126_c0064,13.38
r0126_c0065,0.0
r0126_c0066,0.0
r0126_c0067,0.43
r0127_c0063,8.21
r0127_c0064,0.0
r0127_c0065,34.65
r0127_c0066,0.0
r0128_c0065,0.0
r0128_c0066,0.0
r0128_c0067,29.49
r0128_c0071,0.0
r0129_c0065,0.0
r0129_c0066,11.35
r0129_c0067,0.0
r0129_c0068,0.0
r0129_c0070,10.67
r0129_c0071,0.0
r0129_c0072,0.0
r0130_c0065,1.07
r0130_c0066,0.0
r0130_c0067,11.64
r0130_c0068,0.0
r0130_c0069,0.0
r0130_c0070,0.0
r0130_c0071,0.0
r0130_c0072,0.0
r0131_c0065,12.12
r0131_c0066,0.0
r0131_c0067,4.33
r0131_c0068,0.0
r0131_c0069,0.0
r0131_c0070,0.0
r0131_c0071,0.0
r0131_c0073,0.0
r0132_c0066,4.68
r0132_c0067,0.0
r0132_c0068,0.0
r0132_c0069,0.0
r0132_c0070,0.0
r0132_c0071,0.0
r0133_c0065,0.0
r0133_c0066,1.5
r0133_c0067,0.0
r0133_c0068,0.0
r0133_c0069,31.55
r0133_c0070,0.0
r0133_c0071,0.0
r0133_c0072,0.0
r0134_c0066,0.0
r0134_c0067,0.0
r0134_c0068,0.0
r0134_c0069,0.0
r0134_c0070,0.0
r0134_c0071,0.0
r0134_c0072,0.0
r0135_c0068,31.21
r0135_c0069,0.0
r0135_c0070,0.0
r0135_c0072,0.0
r0135_c0073,0.0
r0135_c0075,0.0
r0136_c0071,0.0
r0136_c0072,0.0
r0136_c0073,0.0
r0136_c0074,0.0
r0136_c0075,0.0
r0137_c0071,0.0
r0137_c0072,0.0
r0137_c0073,0.0
r0137_c0075,0.0
r0137_c0076,0.0
r0138_c0076,0.0
r0138_c0077,0.0
r0139_c0075,0.0
r0139_c0076,0.0
r0139_c0077,0.0
r0140_c0074,0.0
r0140_c0075,0.0
r0140_c0076,0.0
r0140_c0077,0.0
r0141_c0075,0.0
r0141_c0076,0.0
