cell_id,nightlife_density
r0011_c0018,44.44
r0012_c0018,0.0
r0012_c0019,88.89
r0012_c0020,0.0
r0012_c0021,0.0
r0013_c0018,0.0
r0013_c0019,88.89
r0013_c0020,88.89
r0013_c0021,44.44
r0013_c0022,44.44
r0014_c0016,0.0
r0014_c0017,0.0
r0014_c0018,0.0
r0014_c0019,0.0
r0014_c0020,88.89
r0014_c0021,133.33
r0014_c0022,0.0
r0014_c0023,0.0
r0015_c0016,0.0
r0015_c0018,0.0
r0015_c0019,0.0
r0015_c0020,0.0
r0015_c0021,177.78
r0015_c0022,0.0
r0015_c0023,0.0
r0015_c0024,44.44
r0015_c0025,44.44
r0016_c0016,0.0
r0016_c0017,44.44
r0016_c0018,0.0
r0016_c0019,44.44
r0016_c0020,0.0
r0016_c0021,44.44
r0016_c0022,44.44
r0016_c0023,44.44
r0016_c0024,0.0
r0016_c0025,44.44
r0017_c0016,88.89
r0017_c0018,0.0
r0017_c0019,44.44
r0017_c0020,0.0
r0017_c0021,44.44
r0017_c0022,88.89
r0017_c0023,0.0
r0017_c0024,0.0
r0017_c0028,0.0
r0018_c0020,0.0
r0018_c0021,0.0
r0018_c0022,44.44
r0018_c0025,0.0
r0018_c0028,0.0
r0018_c0029,0.0
r0018_c0031,0.0
r0018_c0033,0.0
r0018_c0035,0.0
r0018_c0036,0.0
r0019_c0020,0.0
r0019_c0021,44.44
r0019_c0025,0.0
r0019_c0026,0.0
r0019_c0027,44.44
r0019_c0028,0.0
r0019_c0029,44.44
r0019_c0030,0.0
r0019_c0031,0.0
r0019_c0032,0.0
r0019_c0034,0.0
r0020_c0019,44.44
r0020_c0020,88.89
r0020_c0021,88.89
r0020_c0022,0.0
r0020_c0023,0.0
r0020_c0024,44.44
r0020_c0025,0.0
r0020_c0026,0.0
r0020_c0027,88.89
r0020_c0028,0.0
r0020_c0029,0.0
r0020_c0030,88.89
r0020_c0031,44.44
r0020_c0032,0.0
r0020_c0033,0.0
r0020_c0034,0.0
r0020_c0035,0.0
r0020_c0036,0.0
r0021_c0020,44.44
r0021_c0021,44.44
r0021_c0022,44.44
r0021_c0023,0.0
r0021_c0024,0.0
r0021_c0026,0.0
r0021_c0027,0.0
r0021_c0029,44.44
r0021_c0030,88.89
r0021_c0031,177.78
r0021_c0032,0.0
r0021_c0034,0.0
r0021_c0035,44.44
r0021_c0036,0.0
r0021_c0037,0.0
r0022_c0017,88.89
r0022_c0018,0.0
r0022_c0019,0.0
r0022_c0020,44.44
r0022_c0021,0.0
r0022_c0022,44.44
r0022_c0023,0.0
r0022_c0024,0.0
r0022_c0025,0.0
r0022_c0026,44.44
r0022_c0027,0.0
r0022_c0028,88.89
r0022_c0029,44.44
r0022_c0030,0.0
r0022_c0031,44.44
r0022_c0032,0.0
r0022_c0033,0.0
r0022_c0034,0.0
r0022_c0035,0.0
r0023_c0019,0.0
r0023_c0020,44.44
r0023_c0021,44.44
r0023_c0022,0.0
r0023_c0023,88.89
r0023_c0024,44.44
r0023_c0025,0.0
r0023_c0026,0.0
r0023_c0027,0.0
r0023_c0028,0.0
r0023_c0029,44.44
r0023_c0030,0.0
r0023_c0031,311.11
r0023_c0032,133.33
r0023_c0033,0.0
r0023_c0034,44.44
r0023_c0035,0.0
r0023_c0039,0.0
r0024_c0020,0.0
r0024_c0021,0.0
r0024_c0022,88.89
r0024_c0023,133.33
r0024_c0024,44.44
r0024_c0025,0.0
r0024_c0026,88.89
r0024_c0027,44.44
r0024_c0028,88.89
r0024_c0029,133.33
r0024_c0030,88.89
r0024_c0031,133.33
r0024_c0032,355.56
r0024_c0033,266.67
r0024_c0034,177.78
r0024_c0035,0.0
r0025_c0020,44.44
r0025_c0021,0.0
r0025_c0022,0.0
r0025_c0023,44.44
r0025_c0024,44.44
r0025_c0025,0.0
r0025_c0026,0.0
r0025_c0027,88.89
r0025_c0028,88.89
r0025_c0029,266.67
r0025_c0030,88.89
r0025_c0031,133.33
r0025_c0032,222.22
r0025_c0033,44.44
r0025_c0034,133.33
r0025_c0035,0.0
r0025_c0036,0.0
r0025_c0037,0.0
r0025_c0038,0.0
r0026_c0019,0.0
r0026_c0020,0.0
r0026_c0021,0.0
r0026_c0022,0.0
r0026_c0023,44.44
r0026_c0024,88.89
r0026_c0025,0.0
r0026_c0026,0.0
r0026_c0027,44.44
r0026_c0028,88.89
r0026_c0029,44.44
r0026_c0030,222.22
r0026_c0031,44.44
r0026_c0032,311.11
r0026_c0033,133.33
r0026_c0034,177.78
r0026_c0035,177.78
r0026_c0036,44.44
r0026_c0037,44.44
r0026_c0038,0.0
r0027_c0020,44.44
r0027_c0021,0.0
r0027_c0022,0.0
r0027_c0023,44.44
r0027_c0024,88.89
r0027_c0025,0.0
r0027_c0026,0.0
r0027_c0027,0.0
r0027_c0028,44.44
r0027_c0029,0.0
r0027_c0030,44.44
r0027_c0031,44.44
r0027_c0032,222.22
r0027_c0033,133.33
r0027_c0034,133.33
r0027_c0035,88.89
r0027_c0036,0.0
r0027_c0037,44.44
r0027_c0038,44.44
r0027_c0039,0.0
r0028_c0020,0.0
r0028_c0021,0.0
r0028_c0022,0.0
r0028_c0023,44.44
r0028_c0024,44.44
r0028_c0025,0.0
r0028_c0026,0.0
r0028_c0027,0.0
r0028_c0028,0.0
r0028_c0029,177.78
r0028_c0030,177.78
r0028_c0031,133.33
r0028_c0032,44.44
r0028_c0033,0.0
r0028_c0034,44.44
r0028_c0035,177.78
r0028_c0036,44.44
r0028_c0037,0.0
r0028_c0038,133.33
r0028_c0039,0.0
r0029_c0020,44.44
r0029_c0021,0.0
r0029_c0022,0.0
r0029_c0023,88.89
r0029_c0024,0.0
r0029_c0025,0.0
r0029_c0026,0.0
r0029_c0027,177.78
r0029_c0028,177.78
r0029_c0029,133.33
r0029_c0030,133.33
r0029_c0031,311.11
r0029_c0032,44.44
r0029_c0033,133.33
r0029_c0034,222.22
r0029_c0035,444.44
r0029_c0037,0.0
r0029_c0038,222.22
r0029_c0040,0.0
r0030_c0021,0.0
r0030_c0022,0.0
r0030_c0023,0.0
r0030_c0024,0.0
r0030_c0025,44.44
r0030_c0026,133.33
r0030_c0028,0.0
r0030_c0029,44.44
r0030_c0030,133.33
r0030_c0031,88.89
r0030_c0032,311.11
r0030_c0033,133.33
r0030_c0034,488.89
r0030_c0035,266.67
r0030_c0036,44.44
r0030_c0037,88.89
r0030_c0038,0.0
r0030_c0039,0.0
r0031_c0020,0.0
r0031_c0021,0.0
r0031_c0022,0.0
r0031_c0023,133.33
r0031_c0024,0.0
r0031_c0025,44.44
r0031_c0026,444.44
r0031_c0027,0.0
r0031_c0028,0.0
r0031_c0029,0.0
r0031_c0030,177.78
r0031_c0031,44.44
r0031_c0032,266.67
r0031_c0033,177.78
r0031_c0034,177.78
r0031_c0035,44.44
r0031_c0036,88.89
r0031_c0037,44.44
r0031_c0038,177.78
r0031_c0039,0.0
r0032_c0020,0.0
r0032_c0021,0.0
r0032_c0022,44.44
r0032_c0023,88.89
r0032_c0024,44.44
r0032_c0025,533.33
r0032_c0026,266.67
r0032_c0027,88.89
r0032_c0028,0.0
r0032_c0029,44.44
r0032_c0030,44.44
r0032_c0031,0.0
r0032_c0032,133.33
r0032_c0033,266.67
r0032_c0034,0.0
r0032_c0035,0.0
r0032_c0036,266.67
r0032_c0037,88.89
r0033_c0020,0.0
r0033_c0021,0.0
r0033_c0022,88.89
r0033_c0023,88.89
r0033_c0024,44.44
r0033_c0025,177.78
r0033_c0026,44.44
r0033_c0027,0.0
r0033_c0028,0.0
r0033_c0029,0.0
r0033_c0030,0.0
r0033_c0031,44.44
r0033_c0032,133.33
r0033_c0033,44.44
r0033_c0034,222.22
r0033_c0035,133.33
r0034_c0020,0.0
r0034_c0021,0.0
r0034_c0022,88.89
r0034_c0023,44.44
r0034_c0024,177.78
r0034_c0025,44.44
r0034_c0026,0.0
r0034_c0027,88.89
r0034_c0028,0.0
r0034_c0029,44.44
r0034_c0030,0.0
r0034_c0031,0.0
r0034_c0032,88.89
r0034_c0033,88.89
r0034_c0034,133.33
r0034_c0035,0.0
r0034_c0036,0.0
r0035_c0020,0.0
r0035_c0021,0.0
r0035_c0022,44.44
r0035_c0023,0.0
r0035_c0024,311.11
r0035_c0025,88.89
r0035_c0026,44.44
r0035_c0027,0.0
r0035_c0028,0.0
r0035_c0029,44.44
r0035_c0030,44.44
r0035_c0031,44.44
r0035_c0032,177.78
r0035_c0033,0.0
r0035_c0034,0.0
r0035_c0035,0.0
r0035_c0036,0.0
r0035_c0037,0.0
r0036_c0020,0.0
r0036_c0021,88.89
r0036_c0022,88.89
r0036_c0023,0.0
r0036_c0024,0.0
r0036_c0025,44.44
r0036_c0026,0.0
r0036_c0027,0.0
r0036_c0028,44.44
r0036_c0029,0.0
r0036_c0030,88.89
r0036_c0032,133.33
r0036_c0033,88.89
r0036_c0034,44.44
r0036_c0035,0.0
r0036_c0036,0.0
r0036_c0037,0.0
r0037_c0021,0.0
r0037_c0022,0.0
r0037_c0023,0.0
r0037_c0024,0.0
r0037_c0025,0.0
r0037_c0026,0.0
r0037_c0027,0.0
r0037_c0028,0.0
r0037_c0029,0.0
r0037_c0030,44.44
r0037_c0031,88.89
r0037_c0032,44.44
r0037_c0033,0.0
r0037_c0034,88.89
r0037_c0035,0.0
r0037_c0036,0.0
r0037_c0037,0.0
r0037_c0039,0.0
r0038_c0020,0.0
r0038_c0021,0.0
r0038_c0022,0.0
r0038_c0023,0.0
r0038_c0024,133.33
r0038_c0025,0.0
r0038_c0026,44.44
r0038_c0027,0.0
r0038_c0028,0.0
r0038_c0029,88.89
r0038_c0030,0.0
r0038_c0031,44.44
r0038_c0032,0.0
r0038_c0033,0.0
r0038_c0034,44.44
r0038_c0035,266.67
r0038_c0036,88.89
r0038_c0037,0.0
r0038_c0038,0.0
r0039_c0021,44.44
r0039_c0022,0.0
r0039_c0023,44.44
r0039_c0024,88.89
r0039_c0025,133.33
r0039_c0026,0.0
r0039_c0027,0.0
r0039_c0028,0.0
r0039_c0029,0.0
r0039_c0030,44.44
r0039_c0031,133.33
r0039_c0032,0.0
r0039_c0033,44.44
r0039_c0034,88.89
r0039_c0035,88.89
r0039_c0036,44.44
r0039_c0037,0.0
r0039_c0038,0.0
r0040_c0021,311.11
r0040_c0022,44.44
r0040_c0023,0.0
r0040_c0024,44.44
r0040_c0025,0.0
r0040_c0026,0.0
r0040_c0027,0.0
r0040_c0028,0.0
r0040_c0029,44.44
r0040_c0030,88.89
r0040_c0031,0.0
r0040_c0032,0.0
r0040_c0033,0.0
r0040_c0034,44.44
r0040_c0035,44.44
r0040_c0036,133.33
r0040_c0037,0.0
r0040_c0038,44.44
r0040_c0039,0.0
r0041_c0021,88.89
r0041_c0022,133.33
r0041_c0023,44.44
r0041_c0024,88.89
r0041_c0025,133.33
r0041_c0026,44.44
r0041_c0027,88.89
r0041_c0028,0.0
r0041_c0029,44.44
r0041_c0030,88.89
r0041_c0031,0.0
r0041_c0032,44.44
r0041_c0033,0.0
r0041_c0034,44.44
r0041_c0035,177.78
r0041_c0036,88.89
r0041_c0037,0.0
r0041_c0038,88.89
r0041_c0039,44.44
r0041_c0040,0.0
r0042_c0022,0.0
r0042_c0023,0.0
r0042_c0024,88.89
r0042_c0025,44.44
r0042_c0026,0.0
r0042_c0027,0.0
r0042_c0028,88.89
r0042_c0029,44.44
r0042_c0030,44.44
r0042_c0031,0.0
r0042_c0032,177.78
r0042_c0033,0.0
r0042_c0034,44.44
r0042_c0035,88.89
r0042_c0036,0.0
r0042_c0037,44.44
r0042_c0038,0.0
r0042_c0039,0.0
r0042_c0040,0.0
r0042_c0041,0.0
r0043_c0022,0.0
r0043_c0023,0.0
r0043_c0024,44.44
r0043_c0025,0.0
r0043_c0026,0.0
r0043_c0027,133.33
r0043_c0028,0.0
r0043_c0029,133.33
r0043_c0030,88.89
r0043_c0031,266.67
r0043_c0032,88.89
r0043_c0033,88.89
r0043_c0034,44.44
r0043_c0035,0.0
r0043_c0036,0.0
r0043_c0037,44.44
r0043_c0038,133.33
r0043_c0039,0.0
r0043_c0040,0.0
r0043_c0041,0.0
r0043_c0042,0.0
r0044_c0021,0.0
r0044_c0022,0.0
r0044_c0023,0.0
r0044_c0024,0.0
r0044_c0025,44.44
r0044_c0026,44.44
r0044_c0027,44.44
r0044_c0028,0.0
r0044_c0029,177.78
r0044_c0030,0.0
r0044_c0031,44.44
r0044_c0032,0.0
r0044_c0033,44.44
r0044_c0034,0.0
r0044_c0035,44.44
r0044_c0036,0.0
r0044_c0037,0.0
r0044_c0038,44.44
r0044_c0039,0.0
r0044_c0040,0.0
r0044_c0041,0.0
r0044_c0042,0.0
r0045_c0022,0.0
r0045_c0023,88.89
r0045_c0024,0.0
r0045_c0025,0.0
r0045_c0026,0.0
r0045_c0028,0.0
r0045_c0029,88.89
r0045_c0030,133.33
r0045_c0031,44.44
r0045_c0032,44.44
r0045_c0033,222.22
r0045_c0034,88.89
r0045_c0035,44.44
r0045_c0036,44.44
r0045_c0037,0.0
r0045_c0038,0.0
r0045_c0039,0.0
r0045_c0040,44.44
r0045_c0041,0.0
r0045_c0042,0.0
r0045_c0043,0.0
r0046_c0022,0.0
r0046_c0023,0.0
r0046_c0024,0.0
r0046_c0025,44.44
r0046_c0026,0.0
r0046_c0028,133.33
r0046_c0029,88.89
r0046_c0030,88.89
r0046_c0031,0.0
r0046_c0032,0.0
r0046_c0033,44.44
r0046_c0034,0.0
r0046_c0035,133.33
r0046_c0036,0.0
r0046_c0037,0.0
r0046_c0038,44.44
r0046_c0039,88.89
r0046_c0040,0.0
r0046_c0041,0.0
r0046_c0042,0.0
r0046_c0043,0.0
r0047_c0022,44.44
r0047_c0023,88.89
r0047_c0024,133.33
r0047_c0027,88.89
r0047_c0028,44.44
r0047_c0029,44.44
r0047_c0031,177.78
r0047_c0032,0.0
r0047_c0033,44.44
r0047_c0034,44.44
r0047_c0035,0.0
r0047_c0036,0.0
r0047_c0037,133.33
r0047_c0038,44.44
r0047_c0039,88.89
r0047_c0040,0.0
r0047_c0041,0.0
r0047_c0042,0.0
r0047_c0043,0.0
r0048_c0023,44.44
r0048_c0024,0.0
r0048_c0025,44.44
r0048_c0026,0.0
r0048_c0027,0.0
r0048_c0028,44.44
r0048_c0029,88.89
r0048_c0030,88.89
r0048_c0031,88.89
r0048_c0032,44.44
r0048_c0033,0.0
r0048_c0034,177.78
r0048_c0035,88.89
r0048_c0036,0.0
r0048_c0037,0.0
r0048_c0038,0.0
r0048_c0039,0.0
r0048_c0040,44.44
r0048_c0041,44.44
r0048_c0042,0.0
r0048_c0043,0.0
r0049_c0024,133.33
r0049_c0027,177.78
r0049_c0028,0.0
r0049_c0029,177.78
r0049_c0030,88.89
r0049_c0031,44.44
r0049_c0032,44.44
r0049_c0033,44.44
r0049_c0034,44.44
r0049_c0035,0.0
r0049_c0036,0.0
r0049_c0037,0.0
r0049_c0038,88.89
r0049_c0039,0.0
r0049_c0040,88.89
r0049_c0041,88.89
r0049_c0042,0.0
r0049_c0043,0.0
r0049_c0044,44.44
r0049_c0045,44.44
r0049_c0046,0.0
r0050_c0025,88.89
r0050_c0026,0.0
r0050_c0027,0.0
r0050_c0028,44.44
r0050_c0029,44.44
r0050_c0030,133.33
r0050_c0031,177.78
r0050_c0032,44.44
r0050_c0033,44.44
r0050_c0034,0.0
r0050_c0036,0.0
r0050_c0037,0.0
r0050_c0038,44.44
r0050_c0039,0.0
r0050_c0041,88.89
r0050_c0042,0.0
r0050_c0043,44.44
r0050_c0044,0.0
r0050_c0045,44.44
r0050_c0046,0.0
r0051_c0025,44.44
r0051_c0026,0.0
r0051_c0027,0.0
r0051_c0028,0.0
r0051_c0029,88.89
r0051_c0030,133.33
r0051_c0031,88.89
r0051_c0032,133.33
r0051_c0033,44.44
r0051_c0034,177.78
r0051_c0035,0.0
r0051_c0036,133.33
r0051_c0037,133.33
r0051_c0038,44.44
r0051_c0039,0.0
r0051_c0040,44.44
r0051_c0041,0.0
r0051_c0042,0.0
r0051_c0043,0.0
r0051_c0044,88.89
r0051_c0045,44.44
r0051_c0046,44.44
r0051_c0047,0.0
r0051_c0048,0.0
r0051_c0051,0.0
r0052_c0026,0.0
r0052_c0027,0.0
r0052_c0028,0.0
r0052_c0029,88.89
r0052_c0030,88.89
r0052_c0031,0.0
r0052_c0032,311.11
r0052_c0033,133.33
r0052_c0034,133.33
r0052_c0035,222.22
r0052_c0036,0.0
r0052_c0037,0.0
r0052_c0038,44.44
r0052_c0039,0.0
r0052_c0040,0.0
r0052_c0041,0.0
r0052_c0042,0.0
r0052_c0043,44.44
r0052_c0044,88.89
r0052_c0045,0.0
r0052_c0046,0.0
r0052_c0047,0.0
r0052_c0048,0.0
r0053_c0026,0.0
r0053_c0027,0.0
r0053_c0028,0.0
r0053_c0029,177.78
r0053_c0030,88.89
r0053_c0031,44.44
r0053_c0032,222.22
r0053_c0033,444.44
r0053_c0034,133.33
r0053_c0035,177.78
r0053_c0036,44.44
r0053_c0037,88.89
r0053_c0038,0.0
r0053_c0039,0.0
r0053_c0040,0.0
r0053_c0042,0.0
r0053_c0043,0.0
r0053_c0044,44.44
r0053_c0045,0.0
r0053_c0046,0.0
r0053_c0047,0.0
r0053_c0048,0.0
r0053_c0049,0.0
r0053_c0053,0.0
r0054_c0024,0.0
r0054_c0026,0.0
r0054_c0027,0.0
r0054_c0028,88.89
r0054_c0029,0.0
r0054_c0030,222.22
r0054_c0031,88.89
r0054_c0032,88.89
r0054_c0033,311.11
r0054_c0034,44.44
r0054_c0035,133.33
r0054_c0036,0.0
r0054_c0038,44.44
r0054_c0039,0.0
r0054_c0040,0.0
r0054_c0041,0.0
r0054_c0042,0.0
r0054_c0043,44.44
r0054_c0044,44.44
r0054_c0045,44.44
r0054_c0046,0.0
r0054_c0047,0.0
r0054_c0048,0.0
r0054_c0049,0.0
r0054_c0053,0.0
r0055_c0026,0.0
r0055_c0027,44.44
r0055_c0028,0.0
r0055_c0029,88.89
r0055_c0030,0.0
r0055_c0031,177.78
r0055_c0032,44.44
r0055_c0033,88.89
r0055_c0034,177.78
r0055_c0035,88.89
r0055_c0038,88.89
r0055_c0039,0.0
r0055_c0040,133.33
r0055_c0041,0.0
r0055_c0042,0.0
r0055_c0043,44.44
r0055_c0044,0.0
r0055_c0045,44.44
r0055_c0046,177.78
r0055_c0047,88.89
r0055_c0048,88.89
r0055_c0049,0.0
r0055_c0051,0.0
r0056_c0027,88.89
r0056_c0028,44.44
r0056_c0029,44.44
r0056_c0030,0.0
r0056_c0031,44.44
r0056_c0032,88.89
r0056_c0033,88.89
r0056_c0034,222.22
r0056_c0035,133.33
r0056_c0036,0.0
r0056_c0037,44.44
r0056_c0038,177.78
r0056_c0039,0.0
r0056_c0040,44.44
r0056_c0041,0.0
r0056_c0042,0.0
r0056_c0043,0.0
r0056_c0044,0.0
r0056_c0045,0.0
r0056_c0046,0.0
r0056_c0047,0.0
r0056_c0048,44.44
r0056_c0049,0.0
r0056_c0050,44.44
r0056_c0051,0.0
r0057_c0027,44.44
r0057_c0028,44.44
r0057_c0029,0.0
r0057_c0030,133.33
r0057_c0031,0.0
r0057_c0032,88.89
r0057_c0033,88.89
r0057_c0034,133.33
r0057_c0035,355.56
r0057_c0036,266.67
r0057_c0037,44.44
r0057_c0038,44.44
r0057_c0039,0.0
r0057_c0040,44.44
r0057_c0041,0.0
r0057_c0042,44.44
r0057_c0043,0.0
r0057_c0044,0.0
r0057_c0045,0.0
r0057_c0046,0.0
r0057_c0047,0.0
r0057_c0048,0.0
r0057_c0049,0.0
r0057_c0050,0.0
r0057_c0052,0.0
r0058_c0028,44.44
r0058_c0029,0.0
r0058_c0030,88.89
r0058_c0031,0.0
r0058_c0032,88.89
r0058_c0033,44.44
r0058_c0034,0.0
r0058_c0035,88.89
r0058_c0036,44.44
r0058_c0037,133.33
r0058_c0038,44.44
r0058_c0039,0.0
r0058_c0040,44.44
r0058_c0042,0.0
r0058_c0043,0.0
r0058_c0044,0.0
r0058_c0045,0.0
r0058_c0046,0.0
r0058_c0047,0.0
r0058_c0048,0.0
r0058_c0049,0.0
r0058_c0050,0.0
r0058_c0051,0.0
r0058_c0052,0.0
r0058_c0053,0.0
r0059_c0028,0.0
r0059_c0029,44.44
r0059_c0030,44.44
r0059_c0031,0.0
r0059_c0032,0.0
r0059_c0033,44.44
r0059_c0034,0.0
r0059_c0035,0.0
r0059_c0036,0.0
r0059_c0037,0.0
r0059_c0042,0.0
r0059_c0043,0.0
r0059_c0044,0.0
r0059_c0045,0.0
r0059_c0046,0.0
r0059_c0047,0.0
r0059_c0048,0.0
r0059_c0049,0.0
r0059_c0050,88.89
r0059_c0051,0.0
r0059_c0052,0.0
r0059_c0053,0.0
r0060_c0028,133.33
r0060_c0030,0.0
r0060_c0031,0.0
r0060_c0032,44.44
r0060_c0033,44.44
r0060_c0034,0.0
r0060_c0035,133.33
r0060_c0043,0.0
r0060_c0044,0.0
r0060_c0045,0.0
r0060_c0046,0.0
r0060_c0047,0.0
r0060_c0048,0.0
r0060_c0049,0.0
r0060_c0050,0.0
r0060_c0051,44.44
r0060_c0052,0.0
r0060_c0053,0.0
r0060_c0054,0.0
r0061_c0029,0.0
r0061_c0030,44.44
r0061_c0031,0.0
r0061_c0032,0.0
r0061_c0033,0.0
r0061_c0034,44.44
r0061_c0035,0.0
r0061_c0043,0.0
r0061_c0044,0.0
r0061_c0045,0.0
r0061_c0046,0.0
r0061_c0047,0.0
r0061_c0048,0.0
r0061_c0049,0.0
r0061_c0050,0.0
r0061_c0051,133.33
r0061_c0052,0.0
r0061_c0053,0.0
r0061_c0055,0.0
r0062_c0030,0.0
r0062_c0031,0.0
r0062_c0032,0.0
r0062_c0033,0.0
r0062_c0034,0.0
r0062_c0035,44.44
r0062_c0036,0.0
r0062_c0044,0.0
r0062_c0045,0.0
r0062_c0046,0.0
r0062_c0047,44.44
r0062_c0048,44.44
r0062_c0049,0.0
r0062_c0050,88.89
r0062_c0051,44.44
r0062_c0052,44.44
r0062_c0053,0.0
r0062_c0054,0.0
r0062_c0055,0.0
r0063_c0030,44.44
r0063_c0031,44.44
r0063_c0032,44.44
r0063_c0033,0.0
r0063_c0035,177.78
r0063_c0036,0.0
r0063_c0037,0.0
r0063_c0044,44.44
r0063_c0045,0.0
r0063_c0046,0.0
r0063_c0047,0.0
r0063_c0048,0.0
r0063_c0049,0.0
r0063_c0050,0.0
r0063_c0051,177.78
r0063_c0052,44.44
r0063_c0053,0.0
r0063_c0054,0.0
r0063_c0055,0.0
r0063_c0056,0.0
r0064_c0030,0.0
r0064_c0031,0.0
r0064_c0033,0.0
r0064_c0036,133.33
r0064_c0037,0.0
r0064_c0038,0.0
r0064_c0045,0.0
r0064_c0046,0.0
r0064_c0047,0.0
r0064_c0048,0.0
r0064_c0049,0.0
r0064_c0050,0.0
r0064_c0051,0.0
r0064_c0052,0.0
r0064_c0053,0.0
r0064_c0054,0.0
r0064_c0055,0.0
r0064_c0056,0.0
r0065_c0030,0.0
r0065_c0031,0.0
r0065_c0032,0.0
r0065_c0033,0.0
r0065_c0034,177.78
r0065_c0035,355.56
r0065_c0036,44.44
r0065_c0037,0.0
r0065_c0038,0.0
r0065_c0045,0.0
r0065_c0046,44.44
r0065_c0047,0.0
r0065_c0048,0.0
r0065_c0049,0.0
r0065_c0050,44.44
r0065_c0051,0.0
r0065_c0052,44.44
r0065_c0053,88.89
r0065_c0054,0.0
r0065_c0055,44.44
r0065_c0056,0.0
r0065_c0057,0.0
r0066_c0032,0.0
r0066_c0034,0.0
r0066_c0035,44.44
r0066_c0036,0.0
r0066_c0037,44.44
r0066_c0038,0.0
r0066_c0046,0.0
r0066_c0047,0.0
r0066_c0048,0.0
r0066_c0049,0.0
r0066_c0050,0.0
r0066_c0051,44.44
r0066_c0052,88.89
r0066_c0053,44.44
r0066_c0054,0.0
r0066_c0055,0.0
r0066_c0056,0.0
r0066_c0057,0.0
r0067_c0032,0.0
r0067_c0034,0.0
r0067_c0035,0.0
r0067_c0036,44.44
r0067_c0037,44.44
r0067_c0038,177.78
r0067_c0039,0.0
r0067_c0046,44.44
r0067_c0047,0.0
r0067_c0048,0.0
r0067_c0049,0.0
r0067_c0050,0.0
r0067_c0051,0.0
r0067_c0052,133.33
r0067_c0053,133.33
r0067_c0054,44.44
r0067_c0055,88.89
r0067_c0056,0.0
r0067_c0057,0.0
r0068_c0033,0.0
r0068_c0034,0.0
r0068_c0035,88.89
r0068_c0036,44.44
r0068_c0037,0.0
r0068_c0038,0.0
r0068_c0039,0.0
r0068_c0040,0.0
r0068_c0047,44.44
r0068_c0048,0.0
r0068_c0049,0.0
r0068_c0050,44.44
r0068_c0051,44.44
r0068_c0052,0.0
r0068_c0053,88.89
r0068_c0054,0.0
r0068_c0055,0.0
r0068_c0056,0.0
r0069_c0032,0.0
r0069_c0033,0.0
r0069_c0034,0.0
r0069_c0035,0.0
r0069_c0036,44.44
r0069_c0037,44.44
r0069_c0038,44.44
r0069_c0039,0.0
r0069_c0040,0.0
r0069_c0047,0.0
r0069_c0048,0.0
r0069_c0049,0.0
r0069_c0050,0.0
r0069_c0051,0.0
r0069_c0052,0.0
r0069_c0053,0.0
r0069_c0054,44.44
r0069_c0055,0.0
r0069_c0056,0.0
r0070_c0034,0.0
r0070_c0035,0.0
r0070_c0036,88.89
r0070_c0037,44.44
r0070_c0038,0.0
r0070_c0039,0.0
r0070_c0048,0.0
r0070_c0049,0.0
r0070_c0050,0.0
r0070_c0051,0.0
r0070_c0052,0.0
r0070_c0053,0.0
r0070_c0054,88.89
r0070_c0055,0.0
r0070_c0056,0.0
r0071_c0034,0.0
r0071_c0035,0.0
r0071_c0036,0.0
r0071_c0037,88.89
r0071_c0038,0.0
r0071_c0039,0.0
r0071_c0040,0.0
r0071_c0041,0.0
r0071_c0042,88.89
r0071_c0049,0.0
r0071_c0050,0.0
r0071_c0051,0.0
r0071_c0052,0.0
r0071_c0053,88.89
r0071_c0054,0.0
r0071_c0055,0.0
r0071_c0056,0.0
r0072_c0035,0.0
r0072_c0036,0.0
r0072_c0037,44.44
r0072_c0038,222.22
r0072_c0039,0.0
r0072_c0040,0.0
r0072_c0041,0.0
r0072_c0042,0.0
r0072_c0049,0.0
r0072_c0050,44.44
r0072_c0051,0.0
r0072_c0052,0.0
r0072_c0053,44.44
r0072_c0054,0.0
r0072_c0055,44.44
r0072_c0056,0.0
r0072_c0058,0.0
r0073_c0036,0.0
r0073_c0037,0.0
r0073_c0038,44.44
r0073_c0039,177.78
r0073_c0040,0.0
r0073_c0041,88.89
r0073_c0042,0.0
r0073_c0043,0.0
r0073_c0050,0.0
r0073_c0051,0.0
r0073_c0052,0.0
r0073_c0053,0.0
r0073_c0054,0.0
r0073_c0055,0.0
r0073_c0057,0.0
r0073_c0059,0.0
r0074_c0036,0.0
r0074_c0037,0.0
r0074_c0038,44.44
r0074_c0039,44.44
r0074_c0040,0.0
r0074_c0041,44.44
r0074_c0042,0.0
r0074_c0043,0.0
r0074_c0050,0.0
r0074_c0051,0.0
r0074_c0052,0.0
r0074_c0053,88.89
r0074_c0054,0.0
r0074_c0055,0.0
r0074_c0056,0.0
r0074_c0057,0.0
r0074_c0058,0.0
r0075_c0036,0.0
r0075_c0037,0.0
r0075_c0038,0.0
r0075_c0039,0.0
r0075_c0040,0.0
r0075_c0041,0.0
r0075_c0042,0.0
r0075_c0043,0.0
r0075_c0044,0.0
r0075_c0051,0.0
r0075_c0052,0.0
r0075_c0054,44.44
r0075_c0055,0.0
r0075_c0057,0.0
r0075_c0058,0.0
r0075_c0059,0.0
r0076_c0037,0.0
r0076_c0038,0.0
r0076_c0039,0.0
r0076_c0040,44.44
r0076_c0041,0.0
r0076_c0042,0.0
r0076_c0043,0.0
r0076_c0044,0.0
r0076_c0054,0.0
r0076_c0055,0.0
r0076_c0056,0.0
r0076_c0057,0.0
r0076_c0058,0.0
r0076_c0059,0.0
r0077_c0037,0.0
r0077_c0038,0.0
r0077_c0039,0.0
r0077_c0040,0.0
r0077_c0041,0.0
r0077_c0042,0.0
r0077_c0043,0.0
r0077_c0044,0.0
r0077_c0045,0.0
r0077_c0052,0.0
r0077_c0053,0.0
r0077_c0054,0.0
r0077_c0055,44.44
r0077_c0056,0.0
r0077_c0057,0.0
r0077_c0058,0.0
r0077_c0059,0.0
r0077_c0060,0.0
r0078_c0038,0.0
r0078_c0039,0.0
r0078_c0040,0.0
r0078_c0041,0.0
r0078_c0042,0.0
r0078_c0043,0.0
r0078_c0044,0.0
r0078_c0045,0.0
r0078_c0053,0.0
r0078_c0055,0.0
r0078_c0056,0.0
r0078_c0057,0.0
r0078_c0059,0.0
r0078_c0060,0.0
r0078_c0061,0.0
r0079_c0039,0.0
r0079_c0040,0.0
r0079_c0041,88.89
r0079_c0042,88.89
r0079_c0043,0.0
r0079_c0044,0.0
r0079_c0053,0.0
r0079_c0054,0.0
r0079_c0055,0.0
r0079_c0056,0.0
r0079_c0057,0.0
r0079_c0058,0.0
r0079_c0059,0.0
r0079_c0060,0.0
r0079_c0061,0.0
r0079_c0062,0.0
r0079_c0063,0.0
r0080_c0039,0.0
r0080_c0040,0.0
r0080_c0041,0.0
r0080_c0042,0.0
r0080_c0043,0.0
r0080_c0044,0.0
r0080_c0046,0.0
r0080_c0047,0.0
r0080_c0054,0.0
r0080_c0055,0.0
r0080_c0056,0.0
r0080_c0057,0.0
r0080_c0058,0.0
r0080_c0059,0.0
r0080_c0061,0.0
r0080_c0062,0.0
r0080_c0063,0.0
r0080_c0064,0.0
r0081_c0040,0.0
r0081_c0041,0.0
r0081_c0042,0.0
r0081_c0043,0.0
r0081_c0044,0.0
r0081_c0046,0.0
r0081_c0047,0.0
r0081_c0054,0.0
r0081_c0055,0.0
r0081_c0056,0.0
r0081_c0057,0.0
r0081_c0060,0.0
r0081_c0061,44.44
r0081_c0062,0.0
r0081_c0063,0.0
r0081_c0064,0.0
r0081_c0065,0.0
r0082_c0041,0.0
r0082_c0042,0.0
r0082_c0043,44.44
r0082_c0044,0.0
r0082_c0046,0.0
r0082_c0047,0.0
r0082_c0048,0.0
r0082_c0053,0.0
r0082_c0054,44.44
r0082_c0056,0.0
r0082_c0058,0.0
r0082_c0059,0.0
r0082_c0060,0.0
r0082_c0061,0.0
r0082_c0062,0.0
r0082_c0063,0.0
r0082_c0064,0.0
r0083_c0041,0.0
r0083_c0042,0.0
r0083_c0043,0.0
r0083_c0044,0.0
r0083_c0045,0.0
r0083_c0046,44.44
r0083_c0047,0.0
r0083_c0048,0.0
r0083_c0051,0.0
r0083_c0052,0.0
r0083_c0053,0.0
r0083_c0056,0.0
r0083_c0057,0.0
r0083_c0058,44.44
r0083_c0059,0.0
r0083_c0060,0.0
r0083_c0061,0.0
r0083_c0062,0.0
r0083_c0063,0.0
r0084_c0042,0.0
r0084_c0043,44.44
r0084_c0044,44.44
r0084_c0045,88.89
r0084_c0046,0.0
r0084_c0047,0.0
r0084_c0048,0.0
r0084_c0049,0.0
r0084_c0050,0.0
r0084_c0051,0.0
r0084_c0052,0.0
r0084_c0053,0.0
r0084_c0055,0.0
r0084_c0056,0.0
r0084_c0057,0.0
r0084_c0058,0.0
r0084_c0059,0.0
r0084_c0060,0.0
r0084_c0061,0.0
r0084_c0062,0.0
r0084_c0065,0.0
r0085_c0042,0.0
r0085_c0043,0.0
r0085_c0044,0.0
r0085_c0045,0.0
r0085_c0046,44.44
r0085_c0047,0.0
r0085_c0048,0.0
r0085_c0049,0.0
r0085_c0050,44.44
r0085_c0051,0.0
r0085_c0052,0.0
r0085_c0053,0.0
r0085_c0054,0.0
r0085_c0055,0.0
r0085_c0056,0.0
r0085_c0057,0.0
r0085_c0058,0.0
r0085_c0059,0.0
r0085_c0060,0.0
r0085_c0061,0.0
r0085_c0062,0.0
r0085_c0063,0.0
r0086_c0043,0.0
r0086_c0044,0.0
r0086_c0045,0.0
r0086_c0046,133.33
r0086_c0049,0.0
r0086_c0050,0.0
r0086_c0051,0.0
r0086_c0052,0.0
r0086_c0053,0.0
r0086_c0054,0.0
r0086_c0055,0.0
r0086_c0056,0.0
r0086_c0059,0.0
r0086_c0060,0.0
r0086_c0061,0.0
r0086_c0062,0.0
r0086_c0063,0.0
r0086_c0064,0.0
r0087_c0044,0.0
r0087_c0045,0.0
r0087_c0046,0.0
r0087_c0047,0.0
r0087_c0049,0.0
r0087_c0050,0.0
r0087_c0051,44.44
r0087_c0052,0.0
r0087_c0053,0.0
r0087_c0054,0.0
r0087_c0055,44.44
r0087_c0056,0.0
r0087_c0059,0.0
r0087_c0060,0.0
r0087_c0061,0.0
r0087_c0062,0.0
r0087_c0063,0.0
r0088_c0044,0.0
r0088_c0045,0.0
r0088_c0046,0.0
r0088_c0047,0.0
r0088_c0048,0.0
r0088_c0049,0.0
r0088_c0050,0.0
r0088_c0051,0.0
r0088_c0052,0.0
r0088_c0053,0.0
r0088_c0054,0.0
r0088_c0055,0.0
r0088_c0056,0.0
r0088_c0057,44.44
r0088_c0058,0.0
r0088_c0059,0.0
r0088_c0060,0.0
r0088_c0061,0.0
r0088_c0063,0.0
r0089_c0044,0.0
r0089_c0045,0.0
r0089_c0048,44.44
r0089_c0049,0.0
r0089_c0050,0.0
r0089_c0051,0.0
r0089_c0052,0.0
r0089_c0053,0.0
r0089_c0054,0.0
r0089_c0055,0.0
r0089_c0056,0.0
r0089_c0057,0.0
r0089_c0058,0.0
r0089_c0059,0.0
r0089_c0060,0.0
r0089_c0061,0.0
r0089_c0062,0.0
r0090_c0045,44.44
r0090_c0048,0.0
r0090_c0049,0.0
r0090_c0050,0.0
r0090_c0051,0.0
r0090_c0052,0.0
r0090_c0053,88.89
r0090_c0054,0.0
r0090_c0055,0.0
r0090_c0056,44.44
r0090_c0057,0.0
r0090_c0058,0.0
r0090_c0059,0.0
r0090_c0060,0.0
r0090_c0061,0.0
r0090_c0062,0.0
r0091_c0045,0.0
r0091_c0046,44.44
r0091_c0049,0.0
r0091_c0051,0.0
r0091_c0052,44.44
r0091_c0053,44.44
r0091_c0054,44.44
r0091_c0055,0.0
r0091_c0056,0.0
r0091_c0057,0.0
r0091_c0058,0.0
r0091_c0059,0.0
r0091_c0060,0.0
r0091_c0061,0.0
r0092_c0047,0.0
r0092_c0048,0.0
r0092_c0049,0.0
r0092_c0050,0.0
r0092_c0051,0.0
r0092_c0052,0.0
r0092_c0053,0.0
r0092_c0054,0.0
r0092_c0056,0.0
r0092_c0057,0.0
r0092_c0058,0.0
r0092_c0059,0.0
r0092_c0060,0.0
r0093_c0047,0.0
r0093_c0048,0.0
r0093_c0051,0.0
r0093_c0052,0.0
r0093_c0053,0.0
r0093_c0054,0.0
r0093_c0055,0.0
r0093_c0056,0.0
r0093_c0057,0.0
r0093_c0058,0.0
r0093_c0059,0.0
r0093_c0060,0.0
r0094_c0047,0.0
r0094_c0048,0.0
r0094_c0050,0.0
r0094_c0051,0.0
r0094_c0052,0.0
r0094_c0053,0.0
r0094_c0054,0.0
r0094_c0055,0.0
r0094_c0056,44.44
r0094_c0057,88.89
r0094_c0058,0.0
r0094_c0059,0.0
r0094_c0060,0.0
r0094_c0061,0.0
r0095_c0048,133.33
r0095_c0049,0.0
r0095_c0050,0.0
r0095_c0051,0.0
r0095_c0052,0.0
r0095_c0053,0.0
r0095_c0054,0.0
r0095_c0055,0.0
r0095_c0056,0.0
r0095_c0057,0.0
r0095_c0058,0.0
r0095_c0059,0.0
r0095_c0060,0.0
r0095_c0061,0.0
r0096_c0048,0.0
r0096_c0049,0.0
r0096_c0052,0.0
r0096_c0055,0.0
r0096_c0056,0.0
r0096_c0057,0.0
r0096_c0058,44.44
r0096_c0059,0.0
r0096_c0060,0.0
r0096_c0061,0.0
r0097_c0048,44.44
r0097_c0049,0.0
r0097_c0050,0.0
r0097_c0051,0.0
r0097_c0052,0.0
r0097_c0053,0.0
r0097_c0055,0.0
r0097_c0056,0.0
r0097_c0057,0.0
r0097_c0058,44.44
r0097_c0059,0.0
r0097_c0060,0.0
r0097_c0061,0.0
r0098_c0048,0.0
r0098_c0049,0.0
r0098_c0051,0.0
r0098_c0052,0.0
r0098_c0056,0.0
r0098_c0057,0.0
r0098_c0058,0.0
r0098_c0059,0.0
r0098_c0060,0.0
r0098_c0061,0.0
r0099_c0049,0.0
r0099_c0050,0.0
r0099_c0051,0.0
r0099_c0052,0.0
r0099_c0053,0.0
r0099_c0055,0.0
r0099_c0056,0.0
r0099_c0057,0.0
r0099_c0058,0.0
r0099_c0059,0.0
r0099_c0060,0.0
r0099_c0061,0.0
r0100_c0049,0.0
r0100_c0050,0.0
r0100_c0051,0.0
r0100_c0052,0.0
r0100_c0053,0.0
r0100_c0054,0.0
r0100_c0055,0.0
r0100_c0056,0.0
r0100_c0057,0.0
r0100_c0058,0.0
r0100_c0059,0.0
r0100_c0060,0.0
r0100_c0061,0.0
r0101_c0051,0.0
r0101_c0052,0.0
r0101_c0053,0.0
r0101_c0054,0.0
r0101_c0055,0.0
r0101_c0056,0.0
r0101_c0057,0.0
r0101_c0058,0.0
r0101_c0059,0.0
r0101_c0060,0.0
r0101_c0061,0.0
r0102_c0052,0.0
r0102_c0053,0.0
r0102_c0054,0.0
r0102_c0055,0.0
r0102_c0056,0.0
r0102_c0057,0.0
r0102_c0058,0.0
r0102_c0059,0.0
r0102_c0060,0.0
r0102_c0061,0.0
r0103_c0052,0.0
r0103_c0053,0.0
r0103_c0054,0.0
r0103_c0055,0.0
r0103_c0056,0.0
r0103_c0057,0.0
r0103_c0058,0.0
r0103_c0059,0.0
r0103_c0060,0.0
r0103_c0061,0.0
r0103_c0062,0.0
r0104_c0053,0.0
r0104_c0054,0.0
r0104_c0055,0.0
r0104_c0056,0.0
r0104_c0057,0.0
r0104_c0058,0.0
r0104_c0059,0.0
r0104_c0060,0.0
r0104_c0061,0.0
r0104_c0062,0.0
r0105_c0054,44.44
r0105_c0055,0.0
r0105_c0056,0.0
r0105_c0057,44.44
r0105_c0058,0.0
r0105_c0059,0.0
r0105_c0060,0.0
r0105_c0061,0.0
r0106_c0054,0.0
r0106_c0055,0.0
r0106_c0056,0.0
r0106_c0057,0.0
r0106_c0058,0.0
r0106_c0059,0.0
r0107_c0054,0.0
r0107_c0055,0.0
r0107_c0056,0.0
r0107_c0057,0.0
r0107_c0058,0.0
r0107_c0059,0.0
r0108_c0056,0.0
r0108_c0057,0.0
r0108_c0058,0.0
r0108_c0059,44.44
r0109_c0055,0.0
r0109_c0056,0.0
r0109_c0057,0.0
r0109_c0058,0.0
r0109_c0059,0.0
r0109_c0060,0.0
r0110_c0055,0.0
r0110_c0056,0.0
r0110_c0057,0.0
r0110_c0058,0.0
r0110_c0059,0.0
r0110_c0060,0.0
r0111_c0055,0.0
r0111_c0056,0.0
r0111_c0057,0.0
r0111_c0058,0.0
r0111_c0059,0.0
r0111_c0060,0.0
r0111_c0061,0.0
r0112_c0056,0.0
r0112_c0057,0.0
r0112_c0058,0.0
r0112_c0059,0.0
r0112_c0060,0.0
r0112_c0061,0.0
r0113_c0058,0.0
r0113_c0060,0.0
r0113_c0061,0.0
r0114_c0059,0.0
r0114_c0060,0.0
r0114_c0061,0.0
r0115_c0057,0.0
r0115_c0058,44.44
r0115_c0059,0.0
r0115_c0060,0.0
r0115_c0061,0.0
r0115_c0062,0.0
r0116_c0057,0.0
r0116_c0058,0.0
r0116_c0059,0.0
r0116_c0060,0.0
r0116_c0061,0.0
r0116_c0062,0.0
r0117_c0058,0.0
r0117_c0059,0.0
r0117_c0060,0.0
r0117_c0061,0.0
r0117_c0062,0.0
r0117_c0063,0.0
r0118_c0058,0.0
r0118_c0059,0.0
r0118_c0060,44.44
r0118_c0061,0.0
r0118_c0062,0.0
r0118_c0063,0.0
r0119_c0058,0.0
r0119_c0059,0.0
r0119_c0060,0.0
r0119_c0061,0.0
r0119_c0062,0.0
r0119_c0063,0.0
r0119_c0064,0.0
r0120_c0059,0.0
r0120_c0060,0.0
r0120_c0061,0.0
r0120_c0062,0.0
r0120_c0063,0.0
r0120_c0064,0.0
r0120_c0065,0.0
r0121_c0058,0.0
r0121_c0059,0.0
r0121_c0060,0.0
r0121_c0061,44.44
r0121_c0062,0.0
r0121_c0063,0.0
r0121_c0064,0.0
r0121_c0065,0.0
r0121_c0066,0.0
r0122_c0059,0.0
r0122_c0060,0.0
r0122_c0061,0.0
r0122_c0062,0.0
r0122_c0063,0.0
r0122_c0064,0.0
r0122_c0065,0.0
r0122_c0066,0.0
r0123_c0060,0.0
r0123_c0061,0.0
r0123_c0062,0.0
r0123_c0063,0.0
r0123_c0064,0.0
r0123_c0065,0.0
r0123_c0066,0.0
r0124_c0060,0.0
r0124_c0061,44.44
r0124_c0062,0.0
r0124_c0063,0.0
r0124_c0064,0.0
r0124_c0065,0.0
r0124_c0066,0.0
r0125_c0060,0.0
r0125_c0061,0.0
r0125_c0062,0.0
r0125_c0063,0.0
r0125_c0064,0.0
r0125_c0065,0.0
r0125_c0066,0.0
r0126_c0061,0.0
r0126_c0062,0.0
r0126_c0063,44.44
r0126_c0064,0.0
r0126_c0065,0.0
r0126_c0066,0.0
r0126_c0067,0.0
r0127_c0063,0.0
r0127_c0064,0.0
r0127_c0065,0.0
r0127_c0066,0.0
r0128_c0065,0.0
r0128_c0066,0.0
r0128_c0067,0.0
r0128_c0071,0.0
r0129_c0065,0.0
r0129_c0066,0.0
r0129_c0067,0.0
r0129_c0068,44.44
r0129_c0070,44.44
r0129_c0071,0.0
r0129_c0072,0.0
r0130_c0065,0.0
r0130_c0066,0.0
r0130_c0067,0.0
r0130_c0068,0.0
r0130_c0069,0.0
r0130_c0070,0.0
r0130_c0071,0.0
r0130_c0072,0.0
r0131_c0065,0.0
r0131_c0066,0.0
r0131_c0067,44.44
r0131_c0068,0.0
r0131_c0069,0.0
r0131_c0070,0.0
r0131_c0071,0.0
r0131_c0073,0.0
r0132_c0066,133.33
r0132_c0067,0.0
r0132_c0068,0.0
r0132_c0069,0.0
r0132_c0070,0.0
r0132_c0071,0.0
r0133_c0065,44.44
r0133_c0066,44.44
r0133_c0067,0.0
r0133_c0068,0.0
r0133_c0069,0.0
r0133_c0070,0.0
r0133_c0071,44.44
r0133_c0072,0.0
r0134_c0066,0.0
r0134_c0067,0.0
r0134_c0068,0.0
r0134_c0069,0.0
r0134_c0070,0.0
r0134_c0071,0.0
r0134_c0072,0.0
r0135_c0068,0.0
r0135_c0069,0.0
r0135_c0070,0.0
r0135_c0072,44.44
r0135_c0073,0.0
r0135_c0075,0.0
r0136_c0071,0.0
r0136_c0072,0.0
r0136_c0073,0.0
r0136_c0074,0.0
r0136_c0075,0.0
r0137_c0071,0.0
r0137_c0072,0.0
r0137_c0073,0.0
r0137_c0075,0.0
r0137_c0076,0.0
r0138_c0076,0.0
r0138_c0077,0.0
r0139_c0075,0.0
r0139_c0076,0.0
r0139_c0077,0.0
r0140_c0074,0.0
r0140_c0075,0.0
r0140_c0076,0.0
r0140_c0077,44.44
r0141_c0075,0.0
r0141_c0076,0.0
