cell_id,amenity_density,amenity_ratio_food_drink
r0043_c0100,0.0,0.0
r0051_c0400,444.44,0.0
r0051_c0401,0.0,0.0
r0051_c0404,1600.0,0.0
r0051_c0412,533.33,0.0
r0051_c0414,44.44,0.0
r0051_c0415,577.78,0.0769
r0051_c0416,222.22,0.2
r0051_c0417,622.22,0.2857
r0051_c0418,400.0,0.3333
r0051_c0419,266.67,0.1667
r0051_c0420,222.22,0.2
r0051_c0421,177.78,0.0
r0051_c0422,711.11,0.0
r0051_c0423,133.33,0.0
r0051_c0424,488.89,0.0
r0051_c0425,0.0,0.0
r0051_c0426,533.33,0.0
r0051_c0427,0.0,0.0
r0051_c0428,0.0,0.0
r0051_c0429,400.0,0.0
r0051_c0430,44.44,0.0
r0051_c0431,266.67,0.0
r0051_c0432,0.0,0.0
r0051_c0433,0.0,0.0
r0051_c0434,0.0,0.0
r0051_c0435,44.44,0.0
r0051_c0436,44.44,0.0
r0051_c0438,88.89,0.0
r0051_c0439,0.0,0.0
r0051_c0440,44.44,0.0
r0051_c0441,0.0,0.0
r0051_c0442,88.89,0.0
r0051_c0443,0.0,0.0
r0051_c0444,222.22,0.6
r0051_c0445,444.44,0.0
r0051_c0446,0.0,0.0
r0051_c0447,222.22,0.0
r0051_c0448,88.89,0.0
r0051_c0449,266.67,0.1667
r0051_c0452,400.0,0.0
r0051_c0453,88.89,0.0
r0051_c0454,0.0,0.0
r0051_c0455,0.0,0.0
r0052_c0400,0.0,0.0
r0052_c0404,0.0,0.0
r0052_c0412,0.0,0.0
r0052_c0413,2533.33,0.1404
r0052_c0415,0.0,0.0
r0052_c0416,0.0,0.0
r0052_c0417,0.0,0.0
r0052_c0418,0.0,0.0
r0052_c0419,44.44,0.0
r0052_c0420,0.0,0.0
r0052_c0421,0.0,0.0
r0052_c0422,88.89,0.0
r0052_c0423,88.89,0.0
r0052_c0424,88.89,1.0
r0052_c0425,311.11,0.0
r0052_c0426,577.78,0.0
r0052_c0427,0.0,0.0
r0052_c0428,0.0,0.0
r0052_c0429,0.0,0.0
r0052_c0430,0.0,0.0
r0052_c0431,0.0,0.0
r0052_c0432,0.0,0.0
r0052_c0433,88.89,0.0
r0052_c0434,0.0,0.0
r0052_c0435,0.0,0.0
r0052_c0436,0.0,0.0
r0052_c0437,0.0,0.0
r0052_c0438,0.0,0.0
r0052_c0439,0.0,0.0
r0052_c0440,0.0,0.0
r0052_c0441,0.0,0.0
r0052_c0442,88.89,0.0
r0052_c0443,0.0,0.0
r0052_c0444,0.0,0.0
r0052_c0445,0.0,0.0
r0052_c0446,0.0,0.0
r0052_c0447,88.89,0.0
r0052_c0448,133.33,0.0
r0052_c0449,0.0,0.0
r0052_c0450,0.0,0.0
r0052_c0452,44.44,0.0
r0052_c0453,0.0,0.0
r0052_c0454,133.33,0.0
r0052_c0455,0.0,0.0
r0052_c0456,0.0,0.0
r0052_c0457,44.44,0.0
r0052_c0462,0.0,0.0
r0052_c0463,44.44,0.0
r0053_c0397,44.44,0.0
r0053_c0399,44.44,0.0
r0053_c0400,400.0,0.0
r0053_c0411,44.44,0.0
r0053_c0412,44.44,0.0
r0053_c0413,5866.67,0.0
r0053_c0414,1466.67,0.0606
r0053_c0415,44.44,0.0
r0053_c0416,44.44,0.0
r0053_c0417,0.0,0.0
r0053_c0418,0.0,0.0
r0053_c0419,133.33,0.0
r0053_c0422,44.44,0.0
r0053_c0423,0.0,0.0
r0053_c0424,0.0,0.0
r0053_c0425,88.89,0.0
r0053_c0426,311.11,0.0
r0053_c0427,0.0,0.0
r0053_c0428,0.0,0.0
r0053_c0429,0.0,0.0
r0053_c0430,0.0,0.0
r0053_c0431,0.0,0.0
r0053_c0432,0.0,0.0
r0053_c0433,0.0,0.0
r0053_c0434,0.0,0.0
r0053_c0435,0.0,0.0
r0053_c0436,0.0,0.0
r0053_c0437,88.89,0.0
r0053_c0438,0.0,0.0
r0053_c0440,0.0,0.0
r0053_c0441,177.78,0.0
r0053_c0442,44.44,0.0
r0053_c0443,0.0,0.0
r0053_c0444,0.0,0.0
r0053_c0445,0.0,0.0
r0053_c0446,0.0,0.0
r0053_c0447,0.0,0.0
r0053_c0448,0.0,0.0
r0053_c0449,0.0,0.0
r0053_c0450,222.22,0.0
r0053_c0453,0.0,0.0
r0053_c0454,0.0,0.0
r0053_c0455,0.0,0.0
r0053_c0456,0.0,0.0
r0053_c0457,0.0,0.0
r0053_c0458,88.89,0.0
r0053_c0459,222.22,0.0
r0053_c0460,222.22,0.0
r0053_c0461,0.0,0.0
r0053_c0462,0.0,0.0
r0053_c0463,0.0,0.0
r0054_c0394,266.67,0.0
r0054_c0395,88.89,0.0
r0054_c0399,0.0,0.0
r0054_c0404,88.89,0.0
r0054_c0405,88.89,0.0
r0054_c0409,177.78,0.0
r0054_c0411,44.44,0.0
r0054_c0412,0.0,0.0
r0054_c0413,44.44,0.0
r0054_c0414,44.44,0.0
r0054_c0415,133.33,0.0
r0054_c0416,0.0,0.0
r0054_c0417,0.0,0.0
r0054_c0418,0.0,0.0
r0054_c0419,0.0,0.0
r0054_c0420,222.22,0.0
r0054_c0421,44.44,0.0
r0054_c0422,44.44,1.0
r0054_c0423,44.44,0.0
r0054_c0424,0.0,0.0
r0054_c0425,0.0,0.0
r0054_c0426,88.89,0.0
r0054_c0427,222.22,0.4
r0054_c0428,0.0,0.0
r0054_c0429,0.0,0.0
r0054_c0430,0.0,0.0
r0054_c0431,0.0,0.0
r0054_c0432,0.0,0.0
r0054_c0433,0.0,0.0
r0054_c0434,177.78,0.0
r0054_c0435,1244.44,0.0357
r0054_c0440,44.44,0.0
r0054_c0441,133.33,0.0
r0054_c0442,0.0,0.0
r0054_c0443,222.22,0.0
r0054_c0444,88.89,0.0
r0054_c0445,0.0,0.0
r0054_c0446,44.44,0.0
r0054_c0447,266.67,0.0
r0054_c0448,177.78,0.0
r0054_c0449,133.33,0.3333
r0054_c0450,0.0,0.0
r0054_c0451,88.89,0.0
r0054_c0452,44.44,1.0
r0054_c0453,0.0,0.0
r0054_c0454,0.0,0.0
r0054_c0455,0.0,0.0
r0054_c0456,0.0,0.0
r0054_c0457,44.44,0.0
r0054_c0460,44.44,0.0
r0054_c0461,0.0,0.0
r0054_c0462,0.0,0.0
r0054_c0463,0.0,0.0
r0055_c0398,0.0,0.0
r0055_c0409,222.22,0.0
r0055_c0410,133.33,0.0
r0055_c0411,0.0,0.0
r0055_c0412,88.89,0.5
r0055_c0413,0.0,0.0
r0055_c0414,355.56,0.0
r0055_c0415,0.0,0.0
r0055_c0416,88.89,0.0
r0055_c0417,133.33,0.0
r0055_c0418,88.89,0.0
r0055_c0419,88.89,0.0
r0055_c0420,88.89,0.0
r0055_c0421,133.33,0.0
r0055_c0422,0.0,0.0
r0055_c0424,222.22,0.0
r0055_c0425,0.0,0.0
r0055_c0426,0.0,0.0
r0055_c0427,133.33,0.3333
r0055_c0428,88.89,0.5
r0055_c0429,0.0,0.0
r0055_c0430,0.0,0.0
r0055_c0431,88.89,0.5
r0055_c0432,311.11,0.4286
r0055_c0433,400.0,0.0
r0055_c0439,222.22,0.0
r0055_c0440,0.0,0.0
r0055_c0441,133.33,0.0
r0055_c0444,133.33,0.0
r0055_c0445,0.0,0.0
r0055_c0446,400.0,0.0
r0055_c0447,0.0,0.0
r0055_c0448,0.0,0.0
r0055_c0449,88.89,0.0
r0055_c0450,44.44,0.0
r0055_c0451,0.0,0.0
r0055_c0452,0.0,0.0
r0055_c0453,0.0,0.0
r0055_c0460,44.44,0.0
r0055_c0461,0.0,0.0
r0055_c0462,0.0,0.0
r0055_c0463,0.0,0.0
r0056_c0396,0.0,0.0
r0056_c0397,88.89,0.0
r0056_c0403,0.0,0.0
r0056_c0404,88.89,0.0
r0056_c0405,44.44,0.0
r0056_c0406,44.44,0.0
r0056_c0407,177.78,0.0
r0056_c0408,88.89,0.0
r0056_c0409,44.44,0.0
r0056_c0410,88.89,0.0
r0056_c0411,88.89,0.0
r0056_c0412,44.44,0.0
r0056_c0413,0.0,0.0
r0056_c0414,0.0,0.0
r0056_c0415,0.0,0.0
r0056_c0416,0.0,0.0
r0056_c0417,0.0,0.0
r0056_c0418,88.89,0.0
r0056_c0420,177.78,0.0
r0056_c0421,0.0,0.0
r0056_c0422,0.0,0.0
r0056_c0423,0.0,0.0
r0056_c0424,0.0,0.0
r0056_c0425,0.0,0.0
r0056_c0426,44.44,0.0
r0056_c0427,0.0,0.0
r0056_c0428,355.56,0.5
r0056_c0429,266.67,0.3333
r0056_c0430,133.33,0.3333
r0056_c0431,0.0,0.0
r0056_c0432,44.44,0.0
r0056_c0433,44.44,0.0
r0056_c0434,666.67,0.0
r0056_c0435,622.22,0.0
r0056_c0444,177.78,0.0
r0056_c0447,44.44,0.0
r0056_c0448,44.44,0.0
r0056_c0449,44.44,0.0
r0056_c0450,0.0,0.0
r0056_c0451,0.0,0.0
r0056_c0452,0.0,0.0
r0056_c0453,0.0,0.0
r0056_c0454,0.0,0.0
r0056_c0459,0.0,0.0
r0056_c0460,0.0,0.0
r0056_c0461,0.0,0.0
r0056_c0462,0.0,0.0
r0056_c0463,44.44,0.0
r0057_c0395,44.44,0.0
r0057_c0396,0.0,0.0
r0057_c0403,0.0,0.0
r0057_c0404,0.0,0.0
r0057_c0405,0.0,0.0
r0057_c0406,0.0,0.0
r0057_c0407,0.0,0.0
r0057_c0408,88.89,0.0
r0057_c0409,44.44,0.0
r0057_c0410,44.44,0.0
r0057_c0411,222.22,0.0
r0057_c0412,44.44,0.0
r0057_c0413,44.44,0.0
r0057_c0415,0.0,0.0
r0057_c0416,0.0,0.0
r0057_c0417,0.0,0.0
r0057_c0418,266.67,0.0
r0057_c0419,977.78,0.0
r0057_c0420,177.78,0.0
r0057_c0421,0.0,0.0
r0057_c0422,0.0,0.0
r0057_c0423,44.44,1.0
r0057_c0424,88.89,0.0
r0057_c0425,0.0,0.0
r0057_c0426,44.44,0.0
r0057_c0427,0.0,0.0
r0057_c0428,44.44,0.0
r0057_c0429,1288.89,0.3448
r0057_c0430,44.44,0.0
r0057_c0431,0.0,0.0
r0057_c0432,0.0,0.0
r0057_c0433,0.0,0.0
r0057_c0434,44.44,0.0
r0057_c0435,88.89,0.0
r0057_c0436,44.44,0.0
r0057_c0437,666.67,0.0
r0057_c0447,355.56,0.0
r0057_c0448,0.0,0.0
r0057_c0449,0.0,0.0
r0057_c0450,0.0,0.0
r0057_c0451,0.0,0.0
r0057_c0452,0.0,0.0
r0057_c0453,44.44,0.0
r0057_c0454,0.0,0.0
r0057_c0455,44.44,0.0
r0057_c0459,355.56,0.0
r0057_c0460,311.11,0.0
r0057_c0461,0.0,0.0
r0057_c0462,0.0,0.0
r0057_c0463,222.22,0.0
r0057_c0473,0.0,0.0
r0057_c0474,0.0,0.0
r0058_c0403,0.0,0.0
r0058_c0404,44.44,0.0
r0058_c0405,44.44,0.0
r0058_c0406,266.67,0.0
r0058_c0407,755.56,0.0
r0058_c0408,0.0,0.0
r0058_c0409,266.67,0.1667
r0058_c0410,355.56,0.5
r0058_c0411,88.89,0.0
r0058_c0412,177.78,0.0
r0058_c0413,0.0,0.0
r0058_c0414,711.11,0.0
r0058_c0415,0.0,0.0
r0058_c0416,88.89,0.0
r0058_c0417,0.0,0.0
r0058_c0418,0.0,0.0
r0058_c0419,0.0,0.0
r0058_c0420,44.44,0.0
r0058_c0421,0.0,0.0
r0058_c0422,0.0,0.0
r0058_c0423,0.0,0.0
r0058_c0424,0.0,0.0
r0058_c0425,0.0,0.0
r0058_c0426,44.44,0.0
r0058_c0427,0.0,0.0
r0058_c0428,88.89,0.0
r0058_c0429,44.44,0.0
r0058_c0430,133.33,0.6667
r0058_c0431,0.0,0.0
r0058_c0432,0.0,0.0
r0058_c0433,0.0,0.0
r0058_c0434,0.0,0.0
r0058_c0435,0.0,0.0
r0058_c0436,0.0,0.0
r0058_c0437,488.89,0.0
r0058_c0448,266.67,0.0
r0058_c0449,133.33,0.0
r0058_c0450,0.0,0.0
r0058_c0451,0.0,0.0
r0058_c0452,0.0,0.0
r0058_c0454,44.44,0.0
r0058_c0455,44.44,0.0
r0058_c0456,0.0,0.0
r0058_c0458,222.22,0.0
r0058_c0460,977.78,0.0
r0058_c0462,0.0,0.0
r0058_c0471,0.0,0.0
r0058_c0472,0.0,0.0
r0058_c0473,0.0,0.0
r0058_c0474,0.0,0.0
r0059_c0395,177.78,0.0
r0059_c0401,0.0,0.0
r0059_c0403,0.0,0.0
r0059_c0404,0.0,0.0
r0059_c0405,88.89,0.0
r0059_c0406,844.44,0.0
r0059_c0407,2133.33,0.0
r0059_c0408,133.33,0.0
r0059_c0409,0.0,0.0
r0059_c0410,0.0,0.0
r0059_c0411,44.44,0.0
r0059_c0412,0.0,0.0
r0059_c0413,0.0,0.0
r0059_c0414,0.0,0.0
r0059_c0415,0.0,0.0
r0059_c0416,0.0,0.0
r0059_c0417,0.0,0.0
r0059_c0418,0.0,0.0
r0059_c0419,0.0,0.0
r0059_c0420,0.0,0.0
r0059_c0421,0.0,0.0
r0059_c0422,0.0,0.0
r0059_c0423,0.0,0.0
r0059_c0424,0.0,0.0
r0059_c0425,0.0,0.0
r0059_c0426,0.0,0.0
r0059_c0427,88.89,0.0
r0059_c0430,88.89,0.0
r0059_c0431,0.0,0.0
r0059_c0432,0.0,0.0
r0059_c0433,88.89,0.0
r0059_c0434,0.0,0.0
r0059_c0435,0.0,0.0
r0059_c0436,0.0,0.0
r0059_c0437,88.89,0.0
r0059_c0447,222.22,0.0
r0059_c0448,311.11,0.0
r0059_c0449,177.78,0.0
r0059_c0450,0.0,0.0
r0059_c0451,0.0,0.0
r0059_c0452,0.0,0.0
r0059_c0456,88.89,0.0
r0059_c0457,0.0,0.0
r0059_c0459,177.78,0.0
r0059_c0460,0.0,0.0
r0059_c0461,0.0,0.0
r0059_c0468,0.0,0.0
r0059_c0469,0.0,0.0
r0059_c0470,0.0,0.0
r0059_c0471,0.0,0.0
r0059_c0472,0.0,0.0
r0059_c0473,0.0,0.0
r0059_c0474,0.0,0.0
r0059_c0475,0.0,0.0
r0059_c0476,0.0,0.0
r0060_c0403,666.67,0.0
r0060_c0404,2533.33,0.0
r0060_c0405,5955.56,0.0
r0060_c0406,6666.67,0.0
r0060_c0408,6400.0,0.0139
r0060_c0409,355.56,0.0
r0060_c0410,0.0,0.0
r0060_c0411,0.0,0.0
r0060_c0412,0.0,0.0
r0060_c0413,0.0,0.0
r0060_c0414,0.0,0.0
r0060_c0415,0.0,0.0
r0060_c0416,0.0,0.0
r0060_c0417,0.0,0.0
r0060_c0418,0.0,0.0
r0060_c0419,0.0,0.0
r0060_c0420,0.0,0.0
r0060_c0421,0.0,0.0
r0060_c0422,0.0,0.0
r0060_c0423,0.0,0.0
r0060_c0424,44.44,0.0
r0060_c0425,88.89,0.5
r0060_c0426,177.78,0.5
r0060_c0427,400.0,0.0
r0060_c0430,88.89,0.0
r0060_c0431,400.0,0.4444
r0060_c0432,0.0,0.0
r0060_c0433,177.78,0.0
r0060_c0434,0.0,0.0
r0060_c0435,44.44,0.0
r0060_c0436,44.44,0.0
r0060_c0437,0.0,0.0
r0060_c0438,622.22,0.0
r0060_c0443,977.78,0.0
r0060_c0446,800.0,0.0
r0060_c0447,0.0,0.0
r0060_c0448,44.44,0.0
r0060_c0450,0.0,0.0
r0060_c0451,0.0,0.0
r0060_c0452,0.0,0.0
r0060_c0454,88.89,0.0
r0060_c0455,222.22,0.2
r0060_c0456,0.0,0.0
r0060_c0457,0.0,0.0
r0060_c0458,133.33,0.0
r0060_c0460,0.0,0.0
r0060_c0461,0.0,0.0
r0060_c0467,0.0,0.0
r0060_c0468,0.0,0.0
r0060_c0469,0.0,0.0
r0060_c0470,0.0,0.0
r0060_c0471,0.0,0.0
r0060_c0472,0.0,0.0
r0060_c0473,0.0,0.0
r0060_c0474,0.0,0.0
r0060_c0475,0.0,0.0
r0061_c0401,0.0,0.0
r0061_c0407,9644.44,0.0415
r0061_c0409,1555.56,0.0571
r0061_c0410,0.0,0.0
r0061_c0411,0.0,0.0
r0061_c0412,0.0,0.0
r0061_c0413,0.0,0.0
r0061_c0414,0.0,0.0
r0061_c0415,0.0,0.0
r0061_c0416,0.0,0.0
r0061_c0417,177.78,0.25
r0061_c0418,0.0,0.0
r0061_c0419,0.0,0.0
r0061_c0420,133.33,0.0
r0061_c0421,88.89,0.0
r0061_c0422,0.0,0.0
r0061_c0423,44.44,0.0
r0061_c0424,88.89,0.0
r0061_c0425,88.89,0.0
r0061_c0426,88.89,0.0
r0061_c0427,88.89,0.0
r0061_c0428,1022.22,0.0
r0061_c0430,44.44,0.0
r0061_c0431,266.67,0.5
r0061_c0432,44.44,1.0
r0061_c0433,44.44,1.0
r0061_c0434,0.0,0.0
r0061_c0435,0.0,0.0
r0061_c0436,0.0,0.0
r0061_c0437,0.0,0.0
r0061_c0438,311.11,0.0
r0061_c0445,2355.56,0.0
r0061_c0446,0.0,0.0
r0061_c0447,0.0,0.0
r0061_c0448,222.22,0.0
r0061_c0450,222.22,0.0
r0061_c0451,0.0,0.0
r0061_c0452,0.0,0.0
r0061_c0453,44.44,0.0
r0061_c0454,0.0,0.0
r0061_c0455,400.0,0.1111
r0061_c0456,0.0,0.0
r0061_c0457,44.44,0.0
r0061_c0458,0.0,0.0
r0061_c0459,0.0,0.0
r0061_c0467,0.0,0.0
r0061_c0468,0.0,0.0
r0061_c0469,0.0,0.0
r0061_c0470,0.0,0.0
r0061_c0471,0.0,0.0
r0061_c0472,0.0,0.0
r0061_c0473,0.0,0.0
r0061_c0474,0.0,0.0
r0061_c0476,0.0,0.0
r0062_c0398,88.89,0.0
r0062_c0400,88.89,0.0
r0062_c0401,0.0,0.0
r0062_c0402,133.33,0.0
r0062_c0409,1466.67,0.0
r0062_c0410,0.0,0.0
r0062_c0411,0.0,0.0
r0062_c0412,0.0,0.0
r0062_c0413,0.0,0.0
r0062_c0414,0.0,0.0
r0062_c0415,0.0,0.0
r0062_c0416,0.0,0.0
r0062_c0417,133.33,0.0
r0062_c0418,0.0,0.0
r0062_c0419,0.0,0.0
r0062_c0420,311.11,0.4286
r0062_c0421,800.0,0.5
r0062_c0422,622.22,0.0714
r0062_c0427,266.67,0.0
r0062_c0428,0.0,0.0
r0062_c0429,0.0,0.0
r0062_c0431,311.11,0.1429
r0062_c0432,622.22,0.2857
r0062_c0433,44.44,0.0
r0062_c0434,0.0,0.0
r0062_c0435,0.0,0.0
r0062_c0436,0.0,0.0
r0062_c0437,0.0,0.0
r0062_c0438,177.78,0.0
r0062_c0442,2000.0,0.0
r0062_c0443,0.0,0.0
r0062_c0444,88.89,0.0
r0062_c0446,44.44,0.0
r0062_c0447,44.44,0.0
r0062_c0448,0.0,0.0
r0062_c0449,222.22,0.0
r0062_c0450,0.0,0.0
r0062_c0451,0.0,0.0
r0062_c0452,44.44,0.0
r0062_c0453,133.33,0.0
r0062_c0454,0.0,0.0
r0062_c0456,88.89,0.0
r0062_c0457,44.44,1.0
r0062_c0459,88.89,0.0
r0062_c0460,44.44,0.0
r0062_c0461,0.0,0.0
r0062_c0465,0.0,0.0
r0062_c0467,0.0,0.0
r0062_c0468,0.0,0.0
r0062_c0469,0.0,0.0
r0062_c0470,0.0,0.0
r0062_c0471,0.0,0.0
r0062_c0472,0.0,0.0
r0062_c0473,0.0,0.0
r0062_c0474,0.0,0.0
r0062_c0475,0.0,0.0
r0063_c0399,133.33,0.6667
r0063_c0400,0.0,0.0
r0063_c0401,0.0,0.0
r0063_c0402,44.44,0.0
r0063_c0405,7377.78,0.0181
r0063_c0406,4355.56,0.0
r0063_c0409,2355.56,0.0
r0063_c0410,266.67,0.0
r0063_c0411,0.0,0.0
r0063_c0412,0.0,0.0
r0063_c0413,577.78,0.0
r0063_c0414,0.0,0.0
r0063_c0415,0.0,0.0
r0063_c0416,311.11,0.4286
r0063_c0417,222.22,0.2
r0063_c0418,577.78,0.3077
r0063_c0419,533.33,0.5
r0063_c0420,177.78,0.5
r0063_c0421,177.78,0.0
r0063_c0427,1288.89,0.0
r0063_c0428,133.33,0.0
r0063_c0429,0.0,0.0
r0063_c0430,0.0,0.0
r0063_c0432,222.22,0.2
r0063_c0433,222.22,0.8
r0063_c0434,0.0,0.0
r0063_c0435,0.0,0.0
r0063_c0436,0.0,0.0
r0063_c0437,0.0,0.0
r0063_c0438,44.44,0.0
r0063_c0439,755.56,0.0
r0063_c0440,88.89,0.0
r0063_c0441,488.89,0.0
r0063_c0442,44.44,0.0
r0063_c0443,666.67,0.0
r0063_c0444,0.0,0.0
r0063_c0445,0.0,0.0
r0063_c0447,0.0,0.0
r0063_c0448,44.44,0.0
r0063_c0449,44.44,0.0
r0063_c0450,0.0,0.0
r0063_c0451,177.78,0.25
r0063_c0452,44.44,0.0
r0063_c0453,88.89,0.0
r0063_c0454,0.0,0.0
r0063_c0456,222.22,0.4
r0063_c0457,533.33,0.0
r0063_c0458,0.0,0.0
r0063_c0459,0.0,0.0
r0063_c0460,0.0,0.0
r0063_c0461,44.44,1.0
r0063_c0464,88.89,0.0
r0063_c0465,0.0,0.0
r0063_c0466,0.0,0.0
r0063_c0467,0.0,0.0
r0063_c0468,0.0,0.0
r0063_c0469,0.0,0.0
r0063_c0470,0.0,0.0
r0063_c0471,0.0,0.0
r0063_c0472,0.0,0.0
r0063_c0473,0.0,0.0
r0063_c0474,0.0,0.0
r0063_c0475,0.0,0.0
r0063_c0476,0.0,0.0
r0063_c0477,0.0,0.0
r0064_c0392,0.0,0.0
r0064_c0400,0.0,0.0
r0064_c0401,0.0,0.0
r0064_c0405,3644.44,0.0
r0064_c0407,2888.89,0.0
r0064_c0408,2177.78,0.0408
r0064_c0409,444.44,0.0
r0064_c0410,0.0,0.0
r0064_c0411,0.0,0.0
r0064_c0412,0.0,0.0
r0064_c0413,0.0,0.0
r0064_c0414,0.0,0.0
r0064_c0415,222.22,0.2
r0064_c0416,88.89,0.0
r0064_c0418,0.0,0.0
r0064_c0420,0.0,0.0
r0064_c0421,0.0,0.0
r0064_c0422,177.78,0.25
r0064_c0424,311.11,0.1429
r0064_c0425,622.22,0.0
r0064_c0428,622.22,0.0
r0064_c0429,44.44,0.0
r0064_c0430,0.0,0.0
r0064_c0431,0.0,0.0
r0064_c0433,266.67,0.8333
r0064_c0434,44.44,0.0
r0064_c0435,44.44,0.0
r0064_c0436,0.0,0.0
r0064_c0437,0.0,0.0
r0064_c0438,0.0,0.0
r0064_c0439,0.0,0.0
r0064_c0440,0.0,0.0
r0064_c0441,0.0,0.0
r0064_c0442,0.0,0.0
r0064_c0443,44.44,0.0
r0064_c0444,44.44,0.0
r0064_c0447,44.44,0.0
r0064_c0448,44.44,0.0
r0064_c0449,44.44,0.0
r0064_c0450,0.0,0.0
r0064_c0451,88.89,0.5
r0064_c0452,88.89,0.0
r0064_c0453,0.0,0.0
r0064_c0454,44.44,0.0
r0064_c0459,0.0,0.0
r0064_c0462,44.44,0.0
r0064_c0463,0.0,0.0
r0064_c0464,44.44,0.0
r0064_c0466,0.0,0.0
r0064_c0467,0.0,0.0
r0064_c0468,0.0,0.0
r0064_c0469,0.0,0.0
r0064_c0471,44.44,0.0
r0064_c0472,44.44,0.0
r0064_c0473,0.0,0.0
r0064_c0474,0.0,0.0
r0064_c0475,0.0,0.0
r0064_c0476,0.0,0.0
r0064_c0477,0.0,0.0
r0065_c0390,0.0,0.0
r0065_c0391,0.0,0.0
r0065_c0392,0.0,0.0
r0065_c0393,1244.44,0.0
r0065_c0406,3066.67,0.0
r0065_c0407,1155.56,0.0
r0065_c0408,3200.0,0.4167
r0065_c0409,44.44,0.0
r0065_c0410,0.0,0.0
r0065_c0411,0.0,0.0
r0065_c0412,0.0,0.0
r0065_c0413,0.0,0.0
r0065_c0415,0.0,0.0
r0065_c0416,0.0,0.0
r0065_c0417,0.0,0.0
r0065_c0418,44.44,0.0
r0065_c0421,133.33,0.0
r0065_c0422,44.44,0.0
r0065_c0423,266.67,0.0
r0065_c0425,133.33,0.0
r0065_c0426,0.0,0.0
r0065_c0427,177.78,0.0
r0065_c0428,44.44,0.0
r0065_c0429,44.44,0.0
r0065_c0430,0.0,0.0
r0065_c0431,0.0,0.0
r0065_c0432,266.67,0.0
r0065_c0434,444.44,0.2
r0065_c0436,0.0,0.0
r0065_c0437,0.0,0.0
r0065_c0438,0.0,0.0
r0065_c0439,0.0,0.0
r0065_c0440,0.0,0.0
r0065_c0441,0.0,0.0
r0065_c0442,0.0,0.0
r0065_c0443,0.0,0.0
r0065_c0444,0.0,0.0
r0065_c0445,0.0,0.0
r0065_c0446,0.0,0.0
r0065_c0447,0.0,0.0
r0065_c0448,88.89,0.0
r0065_c0449,1288.89,0.0
r0065_c0450,44.44,0.0
r0065_c0451,488.89,0.6364
r0065_c0452,0.0,0.0
r0065_c0453,0.0,0.0
r0065_c0454,0.0,0.0
r0065_c0455,88.89,0.0
r0065_c0456,88.89,0.0
r0065_c0457,355.56,0.25
r0065_c0458,44.44,1.0
r0065_c0459,0.0,0.0
r0065_c0460,44.44,0.0
r0065_c0461,44.44,0.0
r0065_c0462,44.44,0.0
r0065_c0463,0.0,0.0
r0065_c0465,0.0,0.0
r0065_c0466,0.0,0.0
r0065_c0467,0.0,0.0
r0065_c0468,0.0,0.0
r0065_c0469,88.89,0.0
r0065_c0470,88.89,0.0
r0065_c0471,0.0,0.0
r0065_c0472,488.89,0.0
r0065_c0474,0.0,0.0
r0065_c0475,0.0,0.0
r0065_c0476,0.0,0.0
r0065_c0477,0.0,0.0
r0065_c0478,0.0,0.0
r0066_c0390,0.0,0.0
r0066_c0391,0.0,0.0
r0066_c0399,88.89,0.0
r0066_c0407,3911.11,0.0
r0066_c0408,1866.67,0.0238
r0066_c0409,755.56,0.0
r0066_c0410,88.89,0.0
r0066_c0411,0.0,0.0
r0066_c0412,0.0,0.0
r0066_c0413,88.89,0.0
r0066_c0415,844.44,0.0
r0066_c0416,0.0,0.0
r0066_c0417,0.0,0.0
r0066_c0420,0.0,0.0
r0066_c0421,0.0,0.0
r0066_c0422,0.0,0.0
r0066_c0423,44.44,0.0
r0066_c0424,0.0,0.0
r0066_c0425,0.0,0.0
r0066_c0426,0.0,0.0
r0066_c0427,0.0,0.0
r0066_c0428,0.0,0.0
r0066_c0429,266.67,0.3333
r0066_c0430,0.0,0.0
r0066_c0431,0.0,0.0
r0066_c0432,0.0,0.0
r0066_c0433,0.0,0.0
r0066_c0435,266.67,0.3333
r0066_c0436,0.0,0.0
r0066_c0437,0.0,0.0
r0066_c0438,44.44,0.0
r0066_c0439,44.44,0.0
r0066_c0440,0.0,0.0
r0066_c0441,222.22,0.0
r0066_c0442,222.22,0.0
r0066_c0443,0.0,0.0
r0066_c0444,88.89,0.0
r0066_c0445,0.0,0.0
r0066_c0446,0.0,0.0
r0066_c0447,355.56,0.0
r0066_c0448,44.44,0.0
r0066_c0449,0.0,0.0
r0066_c0450,444.44,0.6
r0066_c0451,177.78,0.75
r0066_c0452,0.0,0.0
r0066_c0455,0.0,0.0
r0066_c0456,222.22,0.2
r0066_c0457,311.11,0.4286
r0066_c0458,0.0,0.0
r0066_c0459,0.0,0.0
r0066_c0460,0.0,0.0
r0066_c0461,88.89,0.0
r0066_c0462,44.44,0.0
r0066_c0463,0.0,0.0
r0066_c0464,133.33,0.0
r0066_c0465,44.44,0.0
r0066_c0466,0.0,0.0
r0066_c0467,88.89,0.0
r0066_c0468,355.56,0.0
r0066_c0469,0.0,0.0
r0066_c0470,0.0,0.0
r0066_c0471,0.0,0.0
r0066_c0472,44.44,1.0
r0066_c0473,0.0,0.0
r0066_c0474,0.0,0.0
r0066_c0475,0.0,0.0
r0066_c0476,0.0,0.0
r0066_c0477,44.44,0.0
r0067_c0390,0.0,0.0
r0067_c0392,44.44,0.0
r0067_c0393,133.33,0.0
r0067_c0396,0.0,0.0
r0067_c0397,44.44,0.0
r0067_c0398,88.89,0.0
r0067_c0399,0.0,0.0
r0067_c0400,0.0,0.0
r0067_c0401,0.0,0.0
r0067_c0402,1911.11,0.0
r0067_c0407,6800.0,0.0
r0067_c0408,2044.44,0.0435
r0067_c0409,1200.0,0.0
r0067_c0410,488.89,0.0
r0067_c0411,88.89,0.0
r0067_c0412,533.33,0.0833
r0067_c0414,400.0,0.0
r0067_c0415,0.0,0.0
r0067_c0416,0.0,0.0
r0067_c0417,0.0,0.0
r0067_c0420,0.0,0.0
r0067_c0421,0.0,0.0
r0067_c0422,0.0,0.0
r0067_c0423,44.44,1.0
r0067_c0424,133.33,0.0
r0067_c0425,266.67,0.0
r0067_c0426,0.0,0.0
r0067_c0427,88.89,0.0
r0067_c0428,0.0,0.0
r0067_c0429,0.0,0.0
r0067_c0430,0.0,0.0
r0067_c0431,0.0,0.0
r0067_c0432,0.0,0.0
r0067_c0433,0.0,0.0
r0067_c0434,88.89,0.0
r0067_c0435,44.44,0.0
r0067_c0436,133.33,0.0
r0067_c0437,0.0,0.0
r0067_c0438,0.0,0.0
r0067_c0439,0.0,0.0
r0067_c0440,0.0,0.0
r0067_c0441,0.0,0.0
r0067_c0442,88.89,0.0
r0067_c0443,0.0,0.0
r0067_c0444,0.0,0.0
r0067_c0445,0.0,0.0
r0067_c0446,0.0,0.0
r0067_c0447,44.44,0.0
r0067_c0448,0.0,0.0
r0067_c0449,0.0,0.0
r0067_c0450,888.89,0.5
r0067_c0452,88.89,0.0
r0067_c0453,44.44,0.0
r0067_c0454,88.89,0.0
r0067_c0455,44.44,0.0
r0067_c0456,0.0,0.0
r0067_c0457,0.0,0.0
r0067_c0458,133.33,0.3333
r0067_c0459,0.0,0.0
r0067_c0460,44.44,0.0
r0067_c0461,0.0,0.0
r0067_c0462,222.22,0.0
r0067_c0463,44.44,0.0
r0067_c0464,44.44,0.0
r0067_c0465,44.44,0.0
r0067_c0466,44.44,0.0
r0067_c0467,44.44,0.0
r0067_c0468,222.22,0.0
r0067_c0469,177.78,0.0
r0067_c0470,0.0,0.0
r0067_c0471,0.0,0.0
r0067_c0472,0.0,0.0
r0067_c0473,0.0,0.0
r0067_c0474,0.0,0.0
r0067_c0475,0.0,0.0
r0067_c0476,0.0,0.0
r0068_c0390,44.44,0.0
r0068_c0396,44.44,0.0
r0068_c0397,0.0,0.0
r0068_c0398,44.44,0.0
r0068_c0399,0.0,0.0
r0068_c0400,0.0,0.0
r0068_c0401,0.0,0.0
r0068_c0402,0.0,0.0
r0068_c0403,577.78,0.0
r0068_c0404,888.89,0.0
r0068_c0405,311.11,0.0
r0068_c0406,133.33,0.0
r0068_c0407,44.44,0.0
r0068_c0408,44.44,0.0
r0068_c0409,266.67,0.1667
r0068_c0410,1111.11,0.2
r0068_c0412,1555.56,0.0
r0068_c0413,44.44,0.0
r0068_c0414,0.0,0.0
r0068_c0415,44.44,0.0
r0068_c0416,0.0,0.0
r0068_c0417,0.0,0.0
r0068_c0418,0.0,0.0
r0068_c0419,0.0,0.0
r0068_c0420,0.0,0.0
r0068_c0421,0.0,0.0
r0068_c0422,311.11,0.5714
r0068_c0425,222.22,0.6
r0068_c0426,44.44,0.0
r0068_c0427,0.0,0.0
r0068_c0428,0.0,0.0
r0068_c0429,177.78,0.0
r0068_c0430,0.0,0.0
r0068_c0431,44.44,0.0
r0068_c0432,0.0,0.0
r0068_c0433,44.44,0.0
r0068_c0440,0.0,0.0
r0068_c0441,0.0,0.0
r0068_c0442,0.0,0.0
r0068_c0444,0.0,0.0
r0068_c0445,0.0,0.0
r0068_c0446,0.0,0.0
r0068_c0447,0.0,0.0
r0068_c0448,133.33,0.0
r0068_c0449,44.44,0.0
r0068_c0450,488.89,0.3636
r0068_c0451,266.67,0.0
r0068_c0452,0.0,0.0
r0068_c0453,44.44,0.0
r0068_c0454,0.0,0.0
r0068_c0455,0.0,0.0
r0068_c0456,311.11,0.0
r0068_c0457,222.22,0.2
r0068_c0458,444.44,0.4
r0068_c0459,0.0,0.0
r0068_c0460,88.89,0.0
r0068_c0461,133.33,0.0
r0068_c0462,311.11,0.0
r0068_c0463,266.67,0.0
r0068_c0464,133.33,0.0
r0068_c0465,0.0,0.0
r0068_c0466,0.0,0.0
r0068_c0467,133.33,0.3333
r0068_c0468,0.0,0.0
r0068_c0469,0.0,0.0
r0068_c0470,0.0,0.0
r0068_c0471,0.0,0.0
r0068_c0472,0.0,0.0
r0068_c0473,0.0,0.0
r0068_c0474,0.0,0.0
r0069_c0390,88.89,0.0
r0069_c0392,1377.78,0.0645
r0069_c0394,1111.11,0.12
r0069_c0396,44.44,0.0
r0069_c0397,0.0,0.0
r0069_c0398,222.22,0.0
r0069_c0399,0.0,0.0
r0069_c0400,711.11,0.125
r0069_c0401,177.78,0.0
r0069_c0402,0.0,0.0
r0069_c0403,0.0,0.0
r0069_c0404,0.0,0.0
r0069_c0405,0.0,0.0
r0069_c0406,0.0,0.0
r0069_c0407,0.0,0.0
r0069_c0408,0.0,0.0
r0069_c0409,266.67,0.1667
r0069_c0414,0.0,0.0
r0069_c0415,0.0,0.0
r0069_c0416,0.0,0.0
r0069_c0417,0.0,0.0
r0069_c0418,0.0,0.0
r0069_c0419,0.0,0.0
r0069_c0420,0.0,0.0
r0069_c0421,0.0,0.0
r0069_c0422,0.0,0.0
r0069_c0423,88.89,0.5
r0069_c0424,0.0,0.0
r0069_c0426,88.89,0.0
r0069_c0427,0.0,0.0
r0069_c0428,0.0,0.0
r0069_c0429,88.89,0.0
r0069_c0430,44.44,0.0
r0069_c0431,0.0,0.0
r0069_c0432,44.44,0.0
r0069_c0433,666.67,0.1333
r0069_c0437,0.0,0.0
r0069_c0438,0.0,0.0
r0069_c0439,0.0,0.0
r0069_c0440,177.78,0.0
r0069_c0442,44.44,0.0
r0069_c0443,0.0,0.0
r0069_c0444,0.0,0.0
r0069_c0446,44.44,0.0
r0069_c0447,0.0,0.0
r0069_c0448,0.0,0.0
r0069_c0449,222.22,0.0
r0069_c0450,44.44,0.0
r0069_c0452,222.22,0.0
r0069_c0453,0.0,0.0
r0069_c0454,0.0,0.0
r0069_c0455,0.0,0.0
r0069_c0456,88.89,0.0
r0069_c0457,44.44,0.0
r0069_c0458,355.56,0.25
r0069_c0459,133.33,0.0
r0069_c0460,0.0,0.0
r0069_c0461,44.44,0.0
r0069_c0462,133.33,0.0
r0069_c0463,400.0,0.0
r0069_c0464,0.0,0.0
r0069_c0465,0.0,0.0
r0069_c0466,133.33,0.0
r0069_c0467,311.11,0.1429
r0069_c0469,44.44,0.0
r0069_c0470,0.0,0.0
r0070_c0390,0.0,0.0
r0070_c0395,133.33,0.0
r0070_c0396,0.0,0.0
r0070_c0397,44.44,0.0
r0070_c0399,88.89,0.0
r0070_c0400,355.56,0.25
r0070_c0401,177.78,0.5
r0070_c0402,0.0,0.0
r0070_c0403,0.0,0.0
r0070_c0404,0.0,0.0
r0070_c0405,0.0,0.0
r0070_c0406,0.0,0.0
r0070_c0407,177.78,0.0
r0070_c0408,355.56,0.0
r0070_c0409,133.33,0.0
r0070_c0410,44.44,0.0
r0070_c0411,44.44,0.0
r0070_c0412,0.0,0.0
r0070_c0413,44.44,0.0
r0070_c0414,0.0,0.0
r0070_c0415,88.89,0.0
r0070_c0416,0.0,0.0
r0070_c0417,0.0,0.0
r0070_c0418,0.0,0.0
r0070_c0419,0.0,0.0
r0070_c0420,0.0,0.0
r0070_c0421,0.0,0.0
r0070_c0422,0.0,0.0
r0070_c0423,0.0,0.0
r0070_c0424,400.0,0.0
r0070_c0426,88.89,0.0
r0070_c0427,0.0,0.0
r0070_c0428,0.0,0.0
r0070_c0429,0.0,0.0
r0070_c0432,0.0,0.0
r0070_c0433,1155.56,0.3077
r0070_c0434,88.89,0.5
r0070_c0435,0.0,0.0
r0070_c0437,222.22,0.0
r0070_c0438,44.44,0.0
r0070_c0439,177.78,0.5
r0070_c0440,266.67,0.0
r0070_c0441,44.44,0.0
r0070_c0442,0.0,0.0
r0070_c0443,44.44,0.0
r0070_c0444,0.0,0.0
r0070_c0445,0.0,0.0
r0070_c0446,0.0,0.0
r0070_c0447,0.0,0.0
r0070_c0448,0.0,0.0
r0070_c0449,44.44,0.0
r0070_c0450,0.0,0.0
r0070_c0451,44.44,0.0
r0070_c0452,0.0,0.0
r0070_c0453,0.0,0.0
r0070_c0454,0.0,0.0
r0070_c0455,0.0,0.0
r0070_c0456,44.44,0.0
r0070_c0457,44.44,0.0
r0070_c0458,622.22,0.1429
r0070_c0459,222.22,0.0
r0070_c0460,177.78,0.0
r0070_c0461,0.0,0.0
r0070_c0462,44.44,0.0
r0070_c0463,44.44,0.0
r0070_c0464,622.22,0.0
r0070_c0465,133.33,0.0
r0070_c0467,88.89,0.0
r0071_c0390,133.33,0.0
r0071_c0391,133.33,0.0
r0071_c0392,266.67,0.0
r0071_c0393,311.11,0.2857
r0071_c0394,44.44,0.0
r0071_c0395,133.33,0.0
r0071_c0396,0.0,0.0
r0071_c0397,0.0,0.0
r0071_c0398,0.0,0.0
r0071_c0399,0.0,0.0
r0071_c0400,0.0,0.0
r0071_c0401,0.0,0.0
r0071_c0402,1111.11,0.0
r0071_c0403,133.33,0.0
r0071_c0404,222.22,0.0
r0071_c0405,222.22,0.0
r0071_c0406,444.44,0.0
r0071_c0410,311.11,0.0
r0071_c0412,0.0,0.0
r0071_c0413,0.0,0.0
r0071_c0416,0.0,0.0
r0071_c0417,0.0,0.0
r0071_c0418,0.0,0.0
r0071_c0419,0.0,0.0
r0071_c0420,0.0,0.0
r0071_c0421,0.0,0.0
r0071_c0422,0.0,0.0
r0071_c0423,0.0,0.0
r0071_c0424,0.0,0.0
r0071_c0425,0.0,0.0
r0071_c0426,0.0,0.0
r0071_c0427,0.0,0.0
r0071_c0428,0.0,0.0
r0071_c0429,800.0,0.0
r0071_c0430,44.44,0.0
r0071_c0431,133.33,0.0
r0071_c0432,44.44,0.0
r0071_c0433,0.0,0.0
r0071_c0434,0.0,0.0
r0071_c0435,88.89,0.0
r0071_c0436,44.44,0.0
r0071_c0440,311.11,0.1429
r0071_c0441,88.89,0.0
r0071_c0442,0.0,0.0
r0071_c0443,44.44,0.0
r0071_c0444,0.0,0.0
r0071_c0445,0.0,0.0
r0071_c0446,133.33,0.0
r0071_c0448,0.0,0.0
r0071_c0451,0.0,0.0
r0071_c0452,222.22,0.0
r0071_c0453,0.0,0.0
r0071_c0454,0.0,0.0
r0071_c0455,0.0,0.0
r0071_c0456,400.0,0.0
r0071_c0457,44.44,0.0
r0071_c0458,488.89,0.2727
r0071_c0459,88.89,0.0
r0071_c0460,0.0,0.0
r0071_c0461,0.0,0.0
r0071_c0462,0.0,0.0
r0071_c0463,0.0,0.0
r0071_c0464,88.89,0.0
r0071_c0465,0.0,0.0
r0071_c0466,0.0,0.0
r0071_c0467,177.78,0.0
r0072_c0391,0.0,0.0
r0072_c0392,44.44,0.0
r0072_c0393,0.0,0.0
r0072_c0394,400.0,0.0
r0072_c0396,133.33,0.0
r0072_c0397,0.0,0.0
r0072_c0398,0.0,0.0
r0072_c0399,0.0,0.0
r0072_c0400,44.44,0.0
r0072_c0401,0.0,0.0
r0072_c0402,44.44,0.0
r0072_c0403,577.78,0.0
r0072_c0406,44.44,0.0
r0072_c0409,355.56,0.0
r0072_c0410,88.89,0.0
r0072_c0412,1288.89,0.2069
r0072_c0414,0.0,0.0
r0072_c0415,222.22,0.0
r0072_c0416,0.0,0.0
r0072_c0417,0.0,0.0
r0072_c0418,0.0,0.0
r0072_c0419,0.0,0.0
r0072_c0420,0.0,0.0
r0072_c0421,0.0,0.0
r0072_c0422,0.0,0.0
r0072_c0423,0.0,0.0
r0072_c0424,0.0,0.0
r0072_c0425,0.0,0.0
r0072_c0426,0.0,0.0
r0072_c0427,0.0,0.0
r0072_c0428,177.78,0.0
r0072_c0430,400.0,0.0
r0072_c0431,0.0,0.0
r0072_c0432,0.0,0.0
r0072_c0433,0.0,0.0
r0072_c0434,0.0,0.0
r0072_c0435,0.0,0.0
r0072_c0436,0.0,0.0
r0072_c0437,88.89,0.0
r0072_c0442,622.22,0.0
r0072_c0443,0.0,0.0
r0072_c0444,0.0,0.0
r0072_c0445,266.67,0.0
r0072_c0446,88.89,0.0
r0072_c0447,177.78,0.0
r0072_c0450,88.89,0.0
r0072_c0453,133.33,0.0
r0072_c0454,88.89,0.5
r0072_c0455,44.44,0.0
r0072_c0456,311.11,0.0
r0072_c0457,88.89,0.0
r0072_c0458,133.33,0.0
r0072_c0459,177.78,0.0
r0072_c0460,0.0,0.0
r0072_c0461,0.0,0.0
r0072_c0462,0.0,0.0
r0072_c0463,0.0,0.0
r0072_c0464,0.0,0.0
r0072_c0465,0.0,0.0
r0072_c0466,0.0,0.0
r0072_c0467,177.78,0.0
r0073_c0391,0.0,0.0
r0073_c0392,0.0,0.0
r0073_c0393,0.0,0.0
r0073_c0394,266.67,0.1667
r0073_c0395,622.22,0.0
r0073_c0396,133.33,0.0
r0073_c0397,0.0,0.0
r0073_c0398,88.89,0.0
r0073_c0399,44.44,0.0
r0073_c0400,177.78,0.0
r0073_c0401,0.0,0.0
r0073_c0402,177.78,0.0
r0073_c0405,133.33,0.0
r0073_c0406,44.44,0.0
r0073_c0407,0.0,0.0
r0073_c0408,44.44,0.0
r0073_c0409,0.0,0.0
r0073_c0410,0.0,0.0
r0073_c0411,44.44,0.0
r0073_c0412,577.78,0.2308
r0073_c0413,1244.44,0.1786
r0073_c0415,133.33,0.0
r0073_c0416,0.0,0.0
r0073_c0417,0.0,0.0
r0073_c0418,0.0,0.0
r0073_c0419,0.0,0.0
r0073_c0420,0.0,0.0
r0073_c0422,133.33,0.0
r0073_c0423,577.78,0.0
r0073_c0425,0.0,0.0
r0073_c0426,0.0,0.0
r0073_c0427,0.0,0.0
r0073_c0430,44.44,0.0
r0073_c0431,0.0,0.0
r0073_c0432,0.0,0.0
r0073_c0433,0.0,0.0
r0073_c0434,0.0,0.0
r0073_c0435,0.0,0.0
r0073_c0436,44.44,0.0
r0073_c0437,0.0,0.0
r0073_c0438,44.44,1.0
r0073_c0440,44.44,0.0
r0073_c0441,488.89,0.0
r0073_c0444,577.78,0.1538
r0073_c0446,0.0,0.0
r0073_c0447,0.0,0.0
r0073_c0449,44.44,0.0
r0073_c0450,44.44,0.0
r0073_c0452,44.44,0.0
r0073_c0453,0.0,0.0
r0073_c0454,44.44,0.0
r0073_c0455,44.44,0.0
r0073_c0456,0.0,0.0
r0073_c0457,0.0,0.0
r0073_c0458,0.0,0.0
r0073_c0459,222.22,0.4
r0073_c0460,0.0,0.0
r0073_c0461,0.0,0.0
r0073_c0462,266.67,0.0
r0073_c0463,88.89,0.0
r0073_c0464,44.44,1.0
r0073_c0465,0.0,0.0
r0073_c0466,44.44,0.0
r0074_c0391,0.0,0.0
r0074_c0392,0.0,0.0
r0074_c0393,0.0,0.0
r0074_c0394,0.0,0.0
r0074_c0395,88.89,0.0
r0074_c0396,0.0,0.0
r0074_c0397,0.0,0.0
r0074_c0398,0.0,0.0
r0074_c0399,0.0,0.0
r0074_c0400,44.44,0.0
r0074_c0401,0.0,0.0
r0074_c0402,0.0,0.0
r0074_c0403,44.44,0.0
r0074_c0404,133.33,0.0
r0074_c0405,88.89,0.0
r0074_c0406,222.22,0.4
r0074_c0407,44.44,0.0
r0074_c0408,177.78,0.0
r0074_c0410,1111.11,0.0
r0074_c0411,0.0,0.0
r0074_c0412,44.44,0.0
r0074_c0413,1733.33,0.1538
r0074_c0414,1377.78,0.129
r0074_c0416,0.0,0.0
r0074_c0417,0.0,0.0
r0074_c0418,44.44,0.0
r0074_c0419,44.44,0.0
r0074_c0423,88.89,0.0
r0074_c0425,177.78,0.0
r0074_c0426,0.0,0.0
r0074_c0427,44.44,0.0
r0074_c0430,0.0,0.0
r0074_c0431,0.0,0.0
r0074_c0432,533.33,0.0
r0074_c0433,577.78,0.0
r0074_c0434,0.0,0.0
r0074_c0435,0.0,0.0
r0074_c0436,0.0,0.0
r0074_c0437,0.0,0.0
r0074_c0438,266.67,0.0
r0074_c0440,0.0,0.0
r0074_c0441,44.44,0.0
r0074_c0442,622.22,0.2857
r0074_c0443,1111.11,0.36
r0074_c0444,444.44,0.5
r0074_c0445,444.44,0.5
r0074_c0446,44.44,0.0
r0074_c0447,88.89,1.0
r0074_c0449,222.22,0.0
r0074_c0450,44.44,0.0
r0074_c0451,0.0,0.0
r0074_c0452,133.33,0.0
r0074_c0453,44.44,0.0
r0074_c0454,0.0,0.0
r0074_c0455,0.0,0.0
r0074_c0456,0.0,0.0
r0074_c0457,0.0,0.0
r0074_c0458,44.44,0.0
r0074_c0459,222.22,0.2
r0074_c0460,44.44,0.0
r0074_c0461,44.44,0.0
r0074_c0462,0.0,0.0
r0074_c0463,44.44,0.0
r0074_c0464,44.44,0.0
r0074_c0465,44.44,0.0
r0074_c0466,400.0,0.0
r0074_c0468,177.78,0.0
r0074_c0469,88.89,0.0
r0074_c0470,44.44,0.0
r0074_c0471,0.0,0.0
r0075_c0391,444.44,0.3
r0075_c0392,44.44,0.0
r0075_c0393,44.44,0.0
r0075_c0394,88.89,0.0
r0075_c0395,133.33,0.0
r0075_c0396,0.0,0.0
r0075_c0397,44.44,0.0
r0075_c0398,44.44,0.0
r0075_c0399,0.0,0.0
r0075_c0400,0.0,0.0
r0075_c0401,0.0,0.0
r0075_c0402,0.0,0.0
r0075_c0403,0.0,0.0
r0075_c0404,0.0,0.0
r0075_c0405,0.0,0.0
r0075_c0406,44.44,0.0
r0075_c0407,0.0,0.0
r0075_c0408,88.89,0.0
r0075_c0410,0.0,0.0
r0075_c0411,0.0,0.0
r0075_c0412,0.0,0.0
r0075_c0413,44.44,0.0
r0075_c0414,888.89,0.45
r0075_c0415,1200.0,0.2222
r0075_c0416,0.0,0.0
r0075_c0417,44.44,0.0
r0075_c0418,0.0,0.0
r0075_c0419,0.0,0.0
r0075_c0420,0.0,0.0
r0075_c0421,0.0,0.0
r0075_c0422,44.44,0.0
r0075_c0423,0.0,0.0
r0075_c0424,44.44,0.0
r0075_c0425,0.0,0.0
r0075_c0426,0.0,0.0
r0075_c0429,355.56,0.0
r0075_c0430,0.0,0.0
r0075_c0431,44.44,0.0
r0075_c0434,44.44,0.0
r0075_c0437,222.22,0.0
r0075_c0438,311.11,0.0
r0075_c0439,177.78,0.5
r0075_c0440,222.22,0.8
r0075_c0441,0.0,0.0
r0075_c0442,0.0,0.0
r0075_c0443,0.0,0.0
r0075_c0444,44.44,0.0
r0075_c0445,0.0,0.0
r0075_c0446,0.0,0.0
r0075_c0447,0.0,0.0
r0075_c0448,0.0,0.0
r0075_c0449,133.33,0.3333
r0075_c0450,222.22,0.0
r0075_c0451,177.78,0.5
r0075_c0452,0.0,0.0
r0075_c0453,0.0,0.0
r0075_c0454,0.0,0.0
r0075_c0455,0.0,0.0
r0075_c0456,44.44,0.0
r0075_c0457,0.0,0.0
r0075_c0458,0.0,0.0
r0075_c0459,177.78,0.5
r0075_c0460,444.44,0.4
r0075_c0461,0.0,0.0
r0075_c0462,44.44,0.0
r0075_c0463,133.33,0.0
r0075_c0464,0.0,0.0
r0075_c0465,0.0,0.0
r0075_c0466,177.78,0.0
r0075_c0467,400.0,0.0
r0075_c0468,0.0,0.0
r0075_c0469,0.0,0.0
r0075_c0470,0.0,0.0
r0075_c0471,0.0,0.0
r0076_c0391,444.44,0.1
r0076_c0392,266.67,0.3333
r0076_c0393,222.22,0.0
r0076_c0394,222.22,0.0
r0076_c0395,844.44,0.3684
r0076_c0396,177.78,0.0
r0076_c0397,88.89,0.0
r0076_c0398,44.44,0.0
r0076_c0399,0.0,0.0
r0076_c0400,577.78,0.1538
r0076_c0401,222.22,0.2
r0076_c0402,311.11,0.4286
r0076_c0403,1155.56,0.2308
r0076_c0404,888.89,0.15
r0076_c0405,977.78,0.2727
r0076_c0406,1155.56,0.0769
r0076_c0407,488.89,0.4545
r0076_c0408,488.89,0.4545
r0076_c0409,488.89,0.2727
r0076_c0414,0.0,0.0
r0076_c0416,400.0,0.0
r0076_c0417,44.44,0.0
r0076_c0418,44.44,0.0
r0076_c0419,88.89,0.0
r0076_c0420,222.22,0.0
r0076_c0421,0.0,0.0
r0076_c0422,0.0,0.0
r0076_c0423,0.0,0.0
r0076_c0424,0.0,0.0
r0076_c0425,44.44,0.0
r0076_c0429,44.44,0.0
r0076_c0430,0.0,0.0
r0076_c0431,133.33,0.0
r0076_c0433,133.33,0.0
r0076_c0434,533.33,0.0
r0076_c0435,0.0,0.0
r0076_c0438,533.33,0.3333
r0076_c0440,711.11,0.3125
r0076_c0441,44.44,0.0
r0076_c0442,0.0,0.0
r0076_c0443,222.22,0.0
r0076_c0444,88.89,0.0
r0076_c0445,44.44,0.0
r0076_c0446,0.0,0.0
r0076_c0447,0.0,0.0
r0076_c0448,0.0,0.0
r0076_c0449,133.33,0.6667
r0076_c0450,266.67,0.1667
r0076_c0451,133.33,0.3333
r0076_c0452,0.0,0.0
r0076_c0453,0.0,0.0
r0076_c0454,0.0,0.0
r0076_c0455,44.44,0.0
r0076_c0456,0.0,0.0
r0076_c0457,0.0,0.0
r0076_c0458,0.0,0.0
r0076_c0459,0.0,0.0
r0076_c0460,1200.0,0.0741
r0076_c0461,266.67,0.0
r0076_c0462,44.44,0.0
r0076_c0463,88.89,0.0
r0076_c0464,0.0,0.0
r0076_c0465,44.44,0.0
r0076_c0466,0.0,0.0
r0076_c0467,0.0,0.0
r0076_c0468,0.0,0.0
r0076_c0469,0.0,0.0
r0076_c0470,0.0,0.0
r0077_c0390,0.0,0.0
r0077_c0391,0.0,0.0
r0077_c0392,0.0,0.0
r0077_c0393,0.0,0.0
r0077_c0394,133.33,0.0
r0077_c0395,44.44,0.0
r0077_c0396,0.0,0.0
r0077_c0397,0.0,0.0
r0077_c0398,0.0,0.0
r0077_c0399,0.0,0.0
r0077_c0400,0.0,0.0
r0077_c0401,0.0,0.0
r0077_c0402,0.0,0.0
r0077_c0403,0.0,0.0
r0077_c0404,0.0,0.0
r0077_c0405,355.56,0.0
r0077_c0407,533.33,0.3333
r0077_c0408,266.67,0.3333
r0077_c0409,355.56,0.125
r0077_c0410,444.44,0.1
r0077_c0411,888.89,0.05
r0077_c0412,533.33,0.0
r0077_c0413,1955.56,0.0
r0077_c0414,0.0,0.0
r0077_c0415,444.44,0.0
r0077_c0416,44.44,0.0
r0077_c0417,0.0,0.0
r0077_c0418,44.44,0.0
r0077_c0419,0.0,0.0
r0077_c0420,133.33,0.0
r0077_c0421,266.67,0.5
r0077_c0422,266.67,0.3333
r0077_c0423,0.0,0.0
r0077_c0426,133.33,0.0
r0077_c0427,0.0,0.0
r0077_c0428,0.0,0.0
r0077_c0429,1244.44,0.0357
r0077_c0430,755.56,0.1176
r0077_c0432,88.89,0.0
r0077_c0433,0.0,0.0
r0077_c0434,0.0,0.0
r0077_c0435,0.0,0.0
r0077_c0436,977.78,0.0909
r0077_c0437,1422.22,0.2188
r0077_c0438,88.89,0.5
r0077_c0440,1111.11,0.28
r0077_c0441,488.89,0.4545
r0077_c0442,44.44,0.0
r0077_c0443,0.0,0.0
r0077_c0445,177.78,0.0
r0077_c0446,44.44,0.0
r0077_c0447,0.0,0.0
r0077_c0448,44.44,0.0
r0077_c0449,0.0,0.0
r0077_c0450,400.0,0.3333
r0077_c0451,44.44,0.0
r0077_c0452,0.0,0.0
r0077_c0453,0.0,0.0
r0077_c0454,0.0,0.0
r0077_c0455,0.0,0.0
r0077_c0456,0.0,0.0
r0077_c0457,0.0,0.0
r0077_c0458,44.44,0.0
r0077_c0459,0.0,0.0
r0077_c0460,266.67,0.0
r0077_c0461,222.22,0.2
r0077_c0462,44.44,1.0
r0077_c0463,0.0,0.0
r0077_c0464,0.0,0.0
r0077_c0466,0.0,0.0
r0077_c0467,44.44,0.0
r0077_c0468,0.0,0.0
r0077_c0469,0.0,0.0
r0077_c0470,0.0,0.0
r0078_c0390,0.0,0.0
r0078_c0391,0.0,0.0
r0078_c0392,0.0,0.0
r0078_c0393,0.0,0.0
r0078_c0394,0.0,0.0
r0078_c0395,0.0,0.0
r0078_c0396,0.0,0.0
r0078_c0397,44.44,0.0
r0078_c0398,0.0,0.0
r0078_c0399,0.0,0.0
r0078_c0400,0.0,0.0
r0078_c0401,0.0,0.0
r0078_c0402,0.0,0.0
r0078_c0403,44.44,0.0
r0078_c0404,0.0,0.0
r0078_c0405,0.0,0.0
r0078_c0406,222.22,0.0
r0078_c0407,0.0,0.0
r0078_c0408,133.33,0.0
r0078_c0411,0.0,0.0
r0078_c0412,755.56,0.0
r0078_c0413,666.67,0.0
r0078_c0414,0.0,0.0
r0078_c0415,0.0,0.0
r0078_c0416,0.0,0.0
r0078_c0418,44.44,0.0
r0078_c0420,0.0,0.0
r0078_c0421,0.0,0.0
r0078_c0422,488.89,0.1818
r0078_c0423,222.22,0.0
r0078_c0426,44.44,0.0
r0078_c0427,0.0,0.0
r0078_c0428,0.0,0.0
r0078_c0429,133.33,0.0
r0078_c0431,44.44,0.0
r0078_c0432,44.44,0.0
r0078_c0435,0.0,0.0
r0078_c0436,44.44,0.0
r0078_c0437,400.0,0.0
r0078_c0438,0.0,0.0
r0078_c0439,88.89,0.5
r0078_c0441,1244.44,0.5357
r0078_c0442,0.0,0.0
r0078_c0443,0.0,0.0
r0078_c0444,88.89,0.0
r0078_c0445,44.44,0.0
r0078_c0446,44.44,0.0
r0078_c0447,44.44,0.0
r0078_c0448,0.0,0.0
r0078_c0449,88.89,0.0
r0078_c0450,88.89,0.0
r0078_c0451,133.33,0.0
r0078_c0452,133.33,0.0
r0078_c0453,44.44,0.0
r0078_c0454,44.44,0.0
r0078_c0455,88.89,0.0
r0078_c0456,88.89,0.0
r0078_c0457,88.89,0.0
r0078_c0458,0.0,0.0
r0078_c0459,44.44,0.0
r0078_c0460,0.0,0.0
r0078_c0461,88.89,0.0
r0078_c0462,0.0,0.0
r0078_c0463,44.44,0.0
r0078_c0464,0.0,0.0
r0078_c0465,0.0,0.0
r0078_c0466,0.0,0.0
r0078_c0467,44.44,0.0
r0078_c0468,0.0,0.0
r0078_c0469,0.0,0.0
r0079_c0390,0.0,0.0
r0079_c0391,0.0,0.0
r0079_c0392,0.0,0.0
r0079_c0393,0.0,0.0
r0079_c0394,0.0,0.0
r0079_c0395,0.0,0.0
r0079_c0396,311.11,0.0
r0079_c0398,0.0,0.0
r0079_c0399,0.0,0.0
r0079_c0400,0.0,0.0
r0079_c0401,0.0,0.0
r0079_c0402,0.0,0.0
r0079_c0403,0.0,0.0
r0079_c0404,0.0,0.0
r0079_c0405,133.33,0.0
r0079_c0407,177.78,0.0
r0079_c0408,0.0,0.0
r0079_c0409,44.44,0.0
r0079_c0410,0.0,0.0
r0079_c0411,0.0,0.0
r0079_c0412,88.89,0.0
r0079_c0413,88.89,0.0
r0079_c0414,0.0,0.0
r0079_c0415,44.44,0.0
r0079_c0416,0.0,0.0
r0079_c0417,0.0,0.0
r0079_c0418,88.89,0.0
r0079_c0420,0.0,0.0
r0079_c0421,88.89,0.0
r0079_c0422,355.56,0.0
r0079_c0423,133.33,0.0
r0079_c0424,0.0,0.0
r0079_c0425,88.89,0.0
r0079_c0426,0.0,0.0
r0079_c0427,44.44,0.0
r0079_c0428,0.0,0.0
r0079_c0429,44.44,0.0
r0079_c0430,44.44,0.0
r0079_c0431,44.44,0.0
r0079_c0432,0.0,0.0
r0079_c0433,88.89,0.0
r0079_c0434,0.0,0.0
r0079_c0435,0.0,0.0
r0079_c0436,44.44,0.0
r0079_c0437,577.78,0.3077
r0079_c0438,0.0,0.0
r0079_c0439,0.0,0.0
r0079_c0440,400.0,0.1111
r0079_c0441,888.89,0.1
r0079_c0442,711.11,0.25
r0079_c0443,0.0,0.0
r0079_c0444,0.0,0.0
r0079_c0445,444.44,0.2
r0079_c0446,533.33,0.0
r0079_c0447,88.89,0.5
r0079_c0448,44.44,0.0
r0079_c0449,44.44,0.0
r0079_c0450,0.0,0.0
r0079_c0451,133.33,0.0
r0079_c0452,0.0,0.0
r0079_c0453,0.0,0.0
r0079_c0454,0.0,0.0
r0079_c0455,44.44,0.0
r0079_c0456,0.0,0.0
r0079_c0457,88.89,0.0
r0079_c0458,0.0,0.0
r0079_c0459,0.0,0.0
r0079_c0460,44.44,0.0
r0079_c0461,533.33,0.0
r0079_c0462,0.0,0.0
r0079_c0463,0.0,0.0
r0079_c0464,0.0,0.0
r0079_c0465,0.0,0.0
r0079_c0466,0.0,0.0
r0080_c0390,0.0,0.0
r0080_c0391,0.0,0.0
r0080_c0392,0.0,0.0
r0080_c0393,0.0,0.0
r0080_c0394,0.0,0.0
r0080_c0395,933.33,0.0
r0080_c0398,177.78,0.0
r0080_c0399,88.89,0.0
r0080_c0400,0.0,0.0
r0080_c0401,0.0,0.0
r0080_c0402,0.0,0.0
r0080_c0403,88.89,0.0
r0080_c0404,0.0,0.0
r0080_c0405,133.33,0.0
r0080_c0407,133.33,0.0
r0080_c0408,177.78,0.0
r0080_c0409,44.44,0.0
r0080_c0410,0.0,0.0
r0080_c0411,0.0,0.0
r0080_c0412,0.0,0.0
r0080_c0413,44.44,0.0
r0080_c0414,0.0,0.0
r0080_c0415,0.0,0.0
r0080_c0416,44.44,0.0
r0080_c0417,0.0,0.0
r0080_c0418,400.0,0.3333
r0080_c0419,488.89,0.0
r0080_c0420,88.89,0.0
r0080_c0423,44.44,0.0
r0080_c0424,0.0,0.0
r0080_c0425,0.0,0.0
r0080_c0426,0.0,0.0
r0080_c0431,311.11,0.0
r0080_c0432,0.0,0.0
r0080_c0434,0.0,0.0
r0080_c0435,0.0,0.0
r0080_c0436,88.89,0.0
r0080_c0437,266.67,0.0
r0080_c0438,44.44,0.0
r0080_c0439,44.44,0.0
r0080_c0441,222.22,0.2
r0080_c0442,844.44,0.1579
r0080_c0443,133.33,0.0
r0080_c0444,177.78,0.0
r0080_c0447,88.89,0.0
r0080_c0448,0.0,0.0
r0080_c0449,0.0,0.0
r0080_c0450,44.44,0.0
r0080_c0451,133.33,0.0
r0080_c0452,177.78,0.0
r0080_c0453,0.0,0.0
r0080_c0454,44.44,0.0
r0080_c0455,44.44,0.0
r0080_c0456,133.33,0.0
r0080_c0459,44.44,0.0
r0080_c0460,0.0,0.0
r0080_c0463,0.0,0.0
r0081_c0390,44.44,0.0
r0081_c0391,0.0,0.0
r0081_c0392,0.0,0.0
r0081_c0393,0.0,0.0
r0081_c0394,444.44,0.0
r0081_c0398,222.22,0.0
r0081_c0399,755.56,0.0
r0081_c0400,0.0,0.0
r0081_c0401,0.0,0.0
r0081_c0402,0.0,0.0
r0081_c0405,311.11,0.0
r0081_c0406,0.0,0.0
r0081_c0407,88.89,0.0
r0081_c0408,177.78,0.0
r0081_c0409,0.0,0.0
r0081_c0410,0.0,0.0
r0081_c0411,88.89,0.0
r0081_c0412,0.0,0.0
r0081_c0413,44.44,0.0
r0081_c0414,0.0,0.0
r0081_c0415,0.0,0.0
r0081_c0416,0.0,0.0
r0081_c0417,266.67,0.0
r0081_c0418,44.44,0.0
r0081_c0422,0.0,0.0
r0081_c0423,0.0,0.0
r0081_c0424,0.0,0.0
r0081_c0425,0.0,0.0
r0081_c0426,0.0,0.0
r0081_c0427,44.44,0.0
r0081_c0428,0.0,0.0
r0081_c0429,0.0,0.0
r0081_c0431,44.44,0.0
r0081_c0432,0.0,0.0
r0081_c0433,266.67,0.0
r0081_c0434,444.44,0.0
r0081_c0435,44.44,0.0
r0081_c0436,177.78,0.25
r0081_c0437,488.89,0.2727
r0081_c0438,44.44,1.0
r0081_c0439,266.67,0.0
r0081_c0441,355.56,0.375
r0081_c0442,1600.0,0.1389
r0081_c0443,533.33,0.1667
r0081_c0444,177.78,0.0
r0081_c0445,177.78,0.0
r0081_c0446,577.78,0.0
r0081_c0447,44.44,0.0
r0081_c0448,266.67,0.1667
r0081_c0449,133.33,0.0
r0081_c0451,133.33,0.0
r0081_c0452,0.0,0.0
r0081_c0453,0.0,0.0
r0081_c0454,2933.33,0.0
r0081_c0455,0.0,0.0
r0081_c0456,0.0,0.0
r0081_c0457,0.0,0.0
r0081_c0458,44.44,0.0
r0081_c0459,0.0,0.0
r0081_c0460,0.0,0.0
r0081_c0461,177.78,0.25
r0081_c0462,0.0,0.0
r0081_c0463,0.0,0.0
r0081_c0464,0.0,0.0
r0081_c0465,0.0,0.0
r0081_c0466,0.0,0.0
r0081_c0467,0.0,0.0
r0082_c0390,0.0,0.0
r0082_c0391,0.0,0.0
r0082_c0392,0.0,0.0
r0082_c0393,0.0,0.0
r0082_c0394,488.89,0.0
r0082_c0398,44.44,0.0
r0082_c0399,0.0,0.0
r0082_c0400,44.44,0.0
r0082_c0401,0.0,0.0
r0082_c0402,0.0,0.0
r0082_c0405,44.44,0.0
r0082_c0406,0.0,0.0
r0082_c0407,0.0,0.0
r0082_c0408,133.33,0.0
r0082_c0409,0.0,0.0
r0082_c0410,0.0,0.0
r0082_c0411,44.44,0.0
r0082_c0412,44.44,0.0
r0082_c0413,177.78,0.0
r0082_c0414,0.0,0.0
r0082_c0415,0.0,0.0
r0082_c0416,44.44,0.0
r0082_c0417,133.33,0.0
r0082_c0422,0.0,0.0
r0082_c0423,0.0,0.0
r0082_c0425,44.44,0.0
r0082_c0426,0.0,0.0
r0082_c0427,0.0,0.0
r0082_c0428,0.0,0.0
r0082_c0429,0.0,0.0
r0082_c0430,177.78,0.75
r0082_c0433,711.11,0.375
r0082_c0436,44.44,0.0
r0082_c0437,266.67,0.0
r0082_c0438,0.0,0.0
r0082_c0439,88.89,0.0
r0082_c0440,133.33,0.0
r0082_c0441,800.0,0.2222
r0082_c0442,1244.44,0.25
r0082_c0443,44.44,1.0
r0082_c0444,0.0,0.0
r0082_c0445,133.33,0.3333
r0082_c0446,622.22,0.0
r0082_c0447,44.44,0.0
r0082_c0448,88.89,0.0
r0082_c0449,533.33,0.0
r0082_c0452,44.44,0.0
r0082_c0453,0.0,0.0
r0082_c0454,88.89,0.0
r0082_c0455,88.89,0.0
r0082_c0456,0.0,0.0
r0082_c0459,88.89,0.0
r0082_c0460,88.89,0.0
r0082_c0461,44.44,0.0
r0082_c0462,88.89,0.0
r0082_c0463,88.89,0.0
r0082_c0464,0.0,0.0
r0082_c0465,44.44,0.0
r0082_c0466,0.0,0.0
r0082_c0467,0.0,0.0
r0083_c0390,0.0,0.0
r0083_c0391,0.0,0.0
r0083_c0392,0.0,0.0
r0083_c0393,0.0,0.0
r0083_c0394,0.0,0.0
r0083_c0395,1288.89,0.0
r0083_c0396,1644.44,0.0
r0083_c0397,355.56,0.0
r0083_c0398,0.0,0.0
r0083_c0399,0.0,0.0
r0083_c0400,0.0,0.0
r0083_c0401,0.0,0.0
r0083_c0402,44.44,0.0
r0083_c0403,622.22,0.0
r0083_c0404,0.0,0.0
r0083_c0405,88.89,0.0
r0083_c0406,0.0,0.0
r0083_c0407,0.0,0.0
r0083_c0408,533.33,0.0
r0083_c0409,44.44,0.0
r0083_c0410,0.0,0.0
r0083_c0411,88.89,0.0
r0083_c0412,44.44,0.0
r0083_c0413,44.44,0.0
r0083_c0414,0.0,0.0
r0083_c0415,311.11,0.0
r0083_c0416,0.0,0.0
r0083_c0418,44.44,0.0
r0083_c0419,88.89,0.0
r0083_c0420,400.0,0.0
r0083_c0422,0.0,0.0
r0083_c0423,0.0,0.0
r0083_c0424,0.0,0.0
r0083_c0426,0.0,0.0
r0083_c0427,0.0,0.0
r0083_c0428,0.0,0.0
r0083_c0429,0.0,0.0
r0083_c0430,266.67,0.0
r0083_c0432,1200.0,0.1481
r0083_c0433,1244.44,0.25
r0083_c0434,1422.22,0.2188
r0083_c0435,1288.89,0.2069
r0083_c0436,2044.44,0.1739
r0083_c0437,622.22,0.1429
r0083_c0438,133.33,0.0
r0083_c0439,533.33,0.1667
r0083_c0441,1377.78,0.0968
r0083_c0442,1955.56,0.5
r0083_c0443,666.67,0.1333
r0083_c0444,533.33,0.25
r0083_c0445,222.22,0.4
r0083_c0446,88.89,0.0
r0083_c0447,133.33,0.0
r0083_c0448,0.0,0.0
r0083_c0449,177.78,0.0
r0083_c0450,622.22,0.0
r0083_c0451,0.0,0.0
r0083_c0452,0.0,0.0
r0083_c0453,0.0,0.0
r0083_c0454,0.0,0.0
r0083_c0455,0.0,0.0
r0083_c0456,44.44,0.0
r0083_c0459,133.33,0.3333
r0083_c0460,133.33,0.0
r0083_c0461,0.0,0.0
r0083_c0462,0.0,0.0
r0083_c0463,0.0,0.0
r0083_c0464,0.0,0.0
r0083_c0465,0.0,0.0
r0083_c0466,0.0,0.0
r0083_c0467,0.0,0.0
r0084_c0390,444.44,0.0
r0084_c0391,400.0,0.4444
r0084_c0392,933.33,0.381
r0084_c0393,44.44,0.0
r0084_c0394,0.0,0.0
r0084_c0395,0.0,0.0
r0084_c0396,311.11,0.4286
r0084_c0398,88.89,0.0
r0084_c0399,133.33,0.3333
r0084_c0400,577.78,0.3846
r0084_c0401,222.22,0.2
r0084_c0402,0.0,0.0
r0084_c0403,88.89,0.0
r0084_c0404,88.89,0.5
r0084_c0405,133.33,0.0
r0084_c0406,0.0,0.0
r0084_c0407,0.0,0.0
r0084_c0408,44.44,0.0
r0084_c0409,44.44,0.0
r0084_c0410,0.0,0.0
r0084_c0411,44.44,0.0
r0084_c0412,0.0,0.0
r0084_c0413,0.0,0.0
r0084_c0414,44.44,0.0
r0084_c0415,0.0,0.0
r0084_c0418,0.0,0.0
r0084_c0419,0.0,0.0
r0084_c0420,44.44,0.0
r0084_c0421,0.0,0.0
r0084_c0422,0.0,0.0
r0084_c0423,0.0,0.0
r0084_c0424,0.0,0.0
r0084_c0426,0.0,0.0
r0084_c0427,0.0,0.0
r0084_c0428,0.0,0.0
r0084_c0429,44.44,0.0
r0084_c0430,133.33,0.0
r0084_c0431,355.56,0.0
r0084_c0432,0.0,0.0
r0084_c0433,44.44,0.0
r0084_c0434,0.0,0.0
r0084_c0435,44.44,0.0
r0084_c0436,44.44,0.0
r0084_c0437,44.44,0.0
r0084_c0438,44.44,0.0
r0084_c0439,177.78,0.0
r0084_c0441,1422.22,0.1562
r0084_c0442,2044.44,0.2391
r0084_c0443,222.22,0.2
r0084_c0444,888.89,0.25
r0084_c0445,755.56,0.3529
r0084_c0446,888.89,0.4
r0084_c0447,1155.56,0.3462
r0084_c0448,1022.22,0.4348
r0084_c0449,488.89,0.4545
r0084_c0450,44.44,0.0
r0084_c0451,0.0,0.0
r0084_c0452,0.0,0.0
r0084_c0453,266.67,0.0
r0084_c0454,133.33,0.0
r0084_c0455,0.0,0.0
r0084_c0456,0.0,0.0
r0084_c0457,177.78,0.0
r0084_c0459,177.78,0.0
r0084_c0460,355.56,0.0
r0084_c0461,0.0,0.0
r0084_c0462,0.0,0.0
r0084_c0463,0.0,0.0
r0084_c0464,0.0,0.0
r0085_c0389,0.0,0.0
r0085_c0390,88.89,0.0
r0085_c0391,0.0,0.0
r0085_c0392,222.22,0.0
r0085_c0393,0.0,0.0
r0085_c0394,0.0,0.0
r0085_c0395,0.0,0.0
r0085_c0396,177.78,0.0
r0085_c0398,0.0,0.0
r0085_c0399,0.0,0.0
r0085_c0400,44.44,0.0
r0085_c0401,133.33,0.0
r0085_c0402,44.44,0.0
r0085_c0403,44.44,0.0
r0085_c0404,177.78,0.0
r0085_c0405,800.0,0.1667
r0085_c0406,755.56,0.1176
r0085_c0407,1155.56,0.4231
r0085_c0408,800.0,0.3333
r0085_c0409,0.0,0.0
r0085_c0410,44.44,0.0
r0085_c0411,88.89,0.0
r0085_c0412,0.0,0.0
r0085_c0414,44.44,0.0
r0085_c0415,0.0,0.0
r0085_c0417,0.0,0.0
r0085_c0418,0.0,0.0
r0085_c0419,0.0,0.0
r0085_c0420,0.0,0.0
r0085_c0421,0.0,0.0
r0085_c0422,0.0,0.0
r0085_c0423,0.0,0.0
r0085_c0424,0.0,0.0
r0085_c0425,844.44,0.0
r0085_c0427,133.33,0.0
r0085_c0428,177.78,0.0
r0085_c0429,0.0,0.0
r0085_c0430,0.0,0.0
r0085_c0431,0.0,0.0
r0085_c0432,0.0,0.0
r0085_c0433,44.44,0.0
r0085_c0434,0.0,0.0
r0085_c0435,0.0,0.0
r0085_c0436,88.89,0.0
r0085_c0438,577.78,0.0
r0085_c0439,711.11,0.3125
r0085_c0440,533.33,0.0
r0085_c0441,1200.0,0.2963
r0085_c0442,1466.67,0.1515
r0085_c0443,266.67,0.1667
r0085_c0444,311.11,0.0
r0085_c0445,222.22,0.0
r0085_c0446,133.33,0.0
r0085_c0447,177.78,0.5
r0085_c0448,44.44,0.0
r0085_c0449,133.33,0.3333
r0085_c0452,44.44,0.0
r0085_c0453,0.0,0.0
r0085_c0454,133.33,0.0
r0085_c0456,88.89,0.0
r0085_c0458,222.22,0.0
r0085_c0459,177.78,0.25
r0085_c0460,88.89,0.0
r0085_c0462,266.67,0.0
r0086_c0389,88.89,0.0
r0086_c0390,0.0,0.0
r0086_c0391,44.44,0.0
r0086_c0392,0.0,0.0
r0086_c0394,44.44,0.0
r0086_c0395,44.44,0.0
r0086_c0396,0.0,0.0
r0086_c0398,0.0,0.0
r0086_c0399,0.0,0.0
r0086_c0400,0.0,0.0
r0086_c0401,0.0,0.0
r0086_c0402,44.44,0.0
r0086_c0403,0.0,0.0
r0086_c0404,0.0,0.0
r0086_c0405,0.0,0.0
r0086_c0406,0.0,0.0
r0086_c0407,88.89,0.0
r0086_c0408,0.0,0.0
r0086_c0411,177.78,0.0
r0086_c0412,44.44,0.0
r0086_c0413,0.0,0.0
r0086_c0414,0.0,0.0
r0086_c0415,0.0,0.0
r0086_c0417,0.0,0.0
r0086_c0418,44.44,0.0
r0086_c0419,0.0,0.0
r0086_c0420,0.0,0.0
r0086_c0421,0.0,0.0
r0086_c0422,0.0,0.0
r0086_c0423,0.0,0.0
r0086_c0424,0.0,0.0
r0086_c0427,0.0,0.0
r0086_c0428,88.89,0.0
r0086_c0429,44.44,0.0
r0086_c0430,88.89,0.5
r0086_c0431,0.0,0.0
r0086_c0432,44.44,0.0
r0086_c0433,0.0,0.0
r0086_c0434,0.0,0.0
r0086_c0435,0.0,0.0
r0086_c0436,0.0,0.0
r0086_c0438,0.0,0.0
r0086_c0439,266.67,0.5
r0086_c0440,888.89,0.2
r0086_c0441,1688.89,0.2632
r0086_c0442,711.11,0.4375
r0086_c0443,488.89,0.2727
r0086_c0444,133.33,0.3333
r0086_c0445,88.89,0.0
r0086_c0446,0.0,0.0
r0086_c0447,177.78,0.25
r0086_c0448,0.0,0.0
r0086_c0449,177.78,0.5
r0086_c0451,0.0,0.0
r0086_c0452,0.0,0.0
r0086_c0453,0.0,0.0
r0086_c0456,0.0,0.0
r0086_c0457,133.33,0.0
r0086_c0458,88.89,0.0
r0086_c0460,266.67,0.0
r0086_c0461,44.44,0.0
r0087_c0389,0.0,0.0
r0087_c0390,0.0,0.0
r0087_c0391,0.0,0.0
r0087_c0392,44.44,0.0
r0087_c0394,711.11,0.125
r0087_c0395,355.56,0.0
r0087_c0396,0.0,0.0
r0087_c0398,0.0,0.0
r0087_c0399,0.0,0.0
r0087_c0400,0.0,0.0
r0087_c0401,133.33,0.0
r0087_c0402,577.78,0.0
r0087_c0403,44.44,0.0
r0087_c0404,355.56,0.0
r0087_c0405,0.0,0.0
r0087_c0406,44.44,0.0
r0087_c0407,44.44,0.0
r0087_c0408,133.33,0.0
r0087_c0409,0.0,0.0
r0087_c0410,133.33,0.0
r0087_c0411,0.0,0.0
r0087_c0412,0.0,0.0
r0087_c0413,0.0,0.0
r0087_c0414,44.44,0.0
r0087_c0415,88.89,0.0
r0087_c0417,44.44,0.0
r0087_c0418,0.0,0.0
r0087_c0419,133.33,0.0
r0087_c0420,133.33,0.0
r0087_c0421,0.0,0.0
r0087_c0422,0.0,0.0
r0087_c0423,0.0,0.0
r0087_c0424,0.0,0.0
r0087_c0425,0.0,0.0
r0087_c0426,0.0,0.0
r0087_c0427,355.56,0.0
r0087_c0430,222.22,0.0
r0087_c0431,0.0,0.0
r0087_c0432,0.0,0.0
r0087_c0433,0.0,0.0
r0087_c0434,0.0,0.0
r0087_c0435,0.0,0.0
r0087_c0436,0.0,0.0
r0087_c0437,0.0,0.0
r0087_c0439,0.0,0.0
r0087_c0440,844.44,0.1053
r0087_c0441,933.33,0.2857
r0087_c0442,711.11,0.3125
r0087_c0443,88.89,0.5
r0087_c0444,355.56,0.125
r0087_c0445,844.44,0.0526
r0087_c0446,44.44,1.0
r0087_c0447,355.56,0.5
r0087_c0448,44.44,1.0
r0087_c0449,44.44,0.0
r0087_c0450,933.33,0.0
r0087_c0451,0.0,0.0
r0087_c0452,0.0,0.0
r0087_c0453,44.44,0.0
r0087_c0454,133.33,0.0
r0087_c0455,533.33,0.0
r0087_c0456,88.89,1.0
r0087_c0457,400.0,0.1111
r0087_c0458,222.22,0.0
r0087_c0459,533.33,0.4167
r0087_c0460,622.22,0.2143
r0088_c0389,88.89,0.0
r0088_c0390,88.89,0.0
r0088_c0391,0.0,0.0
r0088_c0392,0.0,0.0
r0088_c0393,711.11,0.0
r0088_c0394,0.0,0.0
r0088_c0395,0.0,0.0
r0088_c0396,0.0,0.0
r0088_c0397,222.22,0.0
r0088_c0398,44.44,0.0
r0088_c0399,0.0,0.0
r0088_c0400,0.0,0.0
r0088_c0401,400.0,0.0
r0088_c0402,0.0,0.0
r0088_c0403,0.0,0.0
r0088_c0404,0.0,0.0
r0088_c0405,0.0,0.0
r0088_c0406,0.0,0.0
r0088_c0407,0.0,0.0
r0088_c0408,133.33,0.0
r0088_c0409,0.0,0.0
r0088_c0411,44.44,0.0
r0088_c0412,622.22,0.0
r0088_c0413,44.44,0.0
r0088_c0414,0.0,0.0
r0088_c0415,133.33,0.0
r0088_c0417,0.0,0.0
r0088_c0418,0.0,0.0
r0088_c0421,266.67,0.0
r0088_c0422,44.44,0.0
r0088_c0423,0.0,0.0
r0088_c0424,0.0,0.0
r0088_c0425,44.44,0.0
r0088_c0426,133.33,0.0
r0088_c0427,0.0,0.0
r0088_c0430,44.44,0.0
r0088_c0431,355.56,0.0
r0088_c0433,44.44,0.0
r0088_c0434,0.0,0.0
r0088_c0435,0.0,0.0
r0088_c0437,2133.33,0.0
r0088_c0439,88.89,0.0
r0088_c0440,1555.56,0.1429
r0088_c0441,355.56,0.5
r0088_c0442,844.44,0.2105
r0088_c0443,133.33,0.6667
r0088_c0444,311.11,0.7143
r0088_c0445,222.22,0.2
r0088_c0446,444.44,0.4
r0088_c0447,266.67,0.1667
r0088_c0448,0.0,0.0
r0088_c0449,0.0,0.0
r0088_c0451,222.22,0.0
r0088_c0452,44.44,0.0
r0088_c0453,44.44,0.0
r0088_c0454,0.0,0.0
r0088_c0455,0.0,0.0
r0088_c0456,44.44,0.0
r0088_c0458,133.33,0.3333
r0088_c0460,488.89,0.3636
r0088_c0461,0.0,0.0
r0088_c0462,44.44,1.0
r0088_c0463,0.0,0.0
r0089_c0389,533.33,0.0833
r0089_c0390,311.11,0.2857
r0089_c0391,1422.22,0.2812
r0089_c0393,355.56,0.25
r0089_c0394,0.0,0.0
r0089_c0395,0.0,0.0
r0089_c0396,0.0,0.0
r0089_c0397,0.0,0.0
r0089_c0398,0.0,0.0
r0089_c0399,0.0,0.0
r0089_c0400,0.0,0.0
r0089_c0401,0.0,0.0
r0089_c0402,44.44,0.0
r0089_c0403,0.0,0.0
r0089_c0404,0.0,0.0
r0089_c0405,0.0,0.0
r0089_c0406,0.0,0.0
r0089_c0407,44.44,0.0
r0089_c0408,88.89,0.0
r0089_c0409,0.0,0.0
r0089_c0410,177.78,0.0
r0089_c0411,44.44,0.0
r0089_c0412,44.44,1.0
r0089_c0413,0.0,0.0
r0089_c0414,133.33,0.0
r0089_c0415,44.44,0.0
r0089_c0417,44.44,0.0
r0089_c0418,0.0,0.0
r0089_c0420,88.89,0.0
r0089_c0422,0.0,0.0
r0089_c0423,44.44,0.0
r0089_c0424,0.0,0.0
r0089_c0425,133.33,0.0
r0089_c0426,44.44,0.0
r0089_c0427,44.44,0.0
r0089_c0428,0.0,0.0
r0089_c0429,222.22,0.0
r0089_c0430,88.89,0.0
r0089_c0432,2533.33,0.2281
r0089_c0434,44.44,0.0
r0089_c0435,0.0,0.0
r0089_c0437,2666.67,0.0
r0089_c0439,311.11,0.2857
r0089_c0440,2177.78,0.1429
r0089_c0441,622.22,0.4286
r0089_c0442,1377.78,0.4516
r0089_c0443,177.78,0.5
r0089_c0445,533.33,0.0833
r0089_c0446,400.0,0.3333
r0089_c0447,88.89,1.0
r0089_c0448,44.44,0.0
r0089_c0449,0.0,0.0
r0089_c0451,311.11,0.0
r0089_c0452,44.44,0.0
r0089_c0453,88.89,0.5
r0089_c0455,622.22,0.1429
r0089_c0456,0.0,0.0
r0089_c0457,44.44,0.0
r0089_c0459,44.44,0.0
r0089_c0460,844.44,0.4737
r0089_c0462,44.44,0.0
r0089_c0463,0.0,0.0
r0090_c0389,88.89,0.0
r0090_c0390,44.44,0.0
r0090_c0394,0.0,0.0
r0090_c0395,222.22,0.6
r0090_c0396,44.44,0.0
r0090_c0397,88.89,0.0
r0090_c0398,0.0,0.0
r0090_c0399,44.44,0.0
r0090_c0400,844.44,0.1579
r0090_c0401,311.11,0.1429
r0090_c0402,400.0,0.1111
r0090_c0403,133.33,0.0
r0090_c0404,44.44,0.0
r0090_c0405,44.44,0.0
r0090_c0406,0.0,0.0
r0090_c0407,311.11,0.0
r0090_c0409,88.89,0.0
r0090_c0410,0.0,0.0
r0090_c0411,0.0,0.0
r0090_c0412,0.0,0.0
r0090_c0413,0.0,0.0
r0090_c0416,88.89,0.0
r0090_c0417,44.44,0.0
r0090_c0418,0.0,0.0
r0090_c0421,0.0,0.0
r0090_c0422,44.44,0.0
r0090_c0423,0.0,0.0
r0090_c0424,44.44,0.0
r0090_c0425,0.0,0.0
r0090_c0426,88.89,0.0
r0090_c0427,88.89,0.0
r0090_c0428,0.0,0.0
r0090_c0429,44.44,0.0
r0090_c0430,222.22,0.0
r0090_c0432,2444.44,0.2727
r0090_c0433,666.67,0.6667
r0090_c0434,133.33,0.3333
r0090_c0435,355.56,0.25
r0090_c0439,577.78,0.3846
r0090_c0440,1377.78,0.3871
r0090_c0441,1022.22,0.2609
r0090_c0442,577.78,0.2308
r0090_c0443,400.0,0.1111
r0090_c0444,222.22,0.2
r0090_c0445,88.89,0.0
r0090_c0446,488.89,0.0909
r0090_c0447,400.0,0.7778
r0090_c0448,0.0,0.0
r0090_c0449,0.0,0.0
r0090_c0450,222.22,0.0
r0090_c0451,177.78,0.0
r0090_c0452,0.0,0.0
r0090_c0453,311.11,0.0
r0090_c0454,311.11,0.1429
r0090_c0456,44.44,0.0
r0090_c0457,44.44,0.0
r0090_c0458,755.56,0.0588
r0090_c0459,266.67,0.1667
r0090_c0461,711.11,0.0
r0090_c0462,0.0,0.0
r0090_c0463,44.44,0.0
r0091_c0389,88.89,0.0
r0091_c0390,266.67,0.1667
r0091_c0391,133.33,0.0
r0091_c0392,88.89,0.0
r0091_c0393,266.67,0.1667
r0091_c0395,222.22,0.4
r0091_c0396,0.0,0.0
r0091_c0397,0.0,0.0
r0091_c0398,88.89,0.0
r0091_c0399,44.44,0.0
r0091_c0400,0.0,0.0
r0091_c0401,44.44,0.0
r0091_c0402,0.0,0.0
r0091_c0403,266.67,0.0
r0091_c0404,622.22,0.3571
r0091_c0405,711.11,0.3125
r0091_c0406,666.67,0.3333
r0091_c0407,666.67,0.0667
r0091_c0410,0.0,0.0
r0091_c0411,844.44,0.0
r0091_c0412,0.0,0.0
r0091_c0414,1866.67,0.3571
r0091_c0416,355.56,0.25
r0091_c0417,44.44,0.0
r0091_c0418,88.89,0.0
r0091_c0419,88.89,0.0
r0091_c0421,44.44,0.0
r0091_c0422,400.0,0.0
r0091_c0424,44.44,0.0
r0091_c0425,0.0,0.0
r0091_c0426,88.89,0.0
r0091_c0427,0.0,0.0
r0091_c0428,0.0,0.0
r0091_c0429,88.89,0.0
r0091_c0432,2000.0,0.2222
r0091_c0434,577.78,0.2308
r0091_c0435,400.0,0.1111
r0091_c0437,977.78,0.0455
r0091_c0438,488.89,0.2727
r0091_c0439,444.44,0.1
r0091_c0440,1511.11,0.0588
r0091_c0441,3688.89,0.0602
r0091_c0442,1111.11,0.36
r0091_c0443,311.11,0.0
r0091_c0444,444.44,0.3
r0091_c0445,355.56,0.0
r0091_c0446,266.67,0.3333
r0091_c0447,177.78,0.25
r0091_c0448,88.89,1.0
r0091_c0449,88.89,0.0
r0091_c0451,133.33,0.0
r0091_c0453,711.11,0.1875
r0091_c0455,1466.67,0.4848
r0091_c0456,177.78,0.5
r0091_c0457,133.33,0.0
r0091_c0458,44.44,0.0
r0091_c0459,622.22,0.1429
r0091_c0462,0.0,0.0
r0091_c0463,0.0,0.0
r0092_c0389,888.89,0.05
r0092_c0390,88.89,0.5
r0092_c0391,177.78,0.0
r0092_c0392,0.0,0.0
r0092_c0393,177.78,0.0
r0092_c0394,533.33,0.0
r0092_c0395,444.44,0.0
r0092_c0396,0.0,0.0
r0092_c0397,44.44,0.0
r0092_c0398,266.67,0.0
r0092_c0399,266.67,0.0
r0092_c0400,0.0,0.0
r0092_c0401,133.33,0.0
r0092_c0402,0.0,0.0
r0092_c0403,133.33,0.0
r0092_c0404,444.44,0.1
r0092_c0405,888.89,0.5
r0092_c0406,1955.56,0.25
r0092_c0407,1822.22,0.4146
r0092_c0408,1333.33,0.0667
r0092_c0409,1022.22,0.2609
r0092_c0410,1288.89,0.1724
r0092_c0411,1377.78,0.0323
r0092_c0412,1066.67,0.2083
r0092_c0413,1155.56,0.1154
r0092_c0414,2622.22,0.4746
r0092_c0415,1688.89,0.2895
r0092_c0416,800.0,0.5556
r0092_c0418,177.78,0.0
r0092_c0419,1333.33,0.0667
r0092_c0421,0.0,0.0
r0092_c0423,177.78,0.0
r0092_c0424,0.0,0.0
r0092_c0425,0.0,0.0
r0092_c0426,88.89,0.0
r0092_c0427,0.0,0.0
r0092_c0428,0.0,0.0
r0092_c0429,0.0,0.0
r0092_c0430,933.33,0.0
r0092_c0435,1155.56,0.1538
r0092_c0436,533.33,0.25
r0092_c0437,577.78,0.0
r0092_c0440,2755.56,0.8548
r0092_c0441,1066.67,0.375
r0092_c0442,355.56,0.125
r0092_c0443,488.89,0.1818
r0092_c0444,577.78,0.0769
r0092_c0445,311.11,0.1429
r0092_c0446,266.67,0.0
r0092_c0447,44.44,0.0
r0092_c0448,311.11,0.0
r0092_c0449,266.67,0.3333
r0092_c0451,311.11,0.2857
r0092_c0455,88.89,0.5
r0092_c0456,266.67,0.1667
r0092_c0459,6355.56,0.021
r0093_c0390,2222.22,0.0
r0093_c0402,133.33,0.0
r0093_c0403,44.44,0.0
r0093_c0404,44.44,0.0
r0093_c0405,0.0,0.0
r0093_c0406,133.33,0.0
r0093_c0407,1022.22,0.0435
r0093_c0409,400.0,0.0
r0093_c0410,44.44,0.0
r0093_c0413,0.0,0.0
r0093_c0414,1822.22,0.3902
r0093_c0415,222.22,0.2
r0093_c0416,133.33,0.0
r0093_c0417,355.56,0.125
r0093_c0420,666.67,0.1333
r0093_c0421,44.44,0.0
r0093_c0422,177.78,0.25
r0093_c0424,1644.44,0.3514
r0093_c0425,44.44,0.0
r0093_c0426,0.0,0.0
r0093_c0427,0.0,0.0
r0093_c0428,88.89,0.0
r0093_c0429,533.33,0.0
r0093_c0431,666.67,0.0667
r0093_c0432,133.33,0.0
r0093_c0433,666.67,0.3333
r0093_c0434,1422.22,0.4062
r0093_c0435,488.89,0.0909
r0093_c0436,88.89,1.0
r0093_c0437,400.0,0.0
r0093_c0439,1155.56,0.4231
r0093_c0440,1866.67,0.4762
r0093_c0441,1244.44,0.1786
r0093_c0442,3777.78,0.0588
r0093_c0443,488.89,0.2727
r0093_c0444,355.56,0.25
r0093_c0445,400.0,0.2222
r0093_c0446,133.33,0.0
r0093_c0447,444.44,0.2
r0093_c0450,177.78,0.0
r0093_c0451,755.56,0.1176
r0093_c0453,577.78,0.3077
r0093_c0454,355.56,0.125
r0093_c0456,1066.67,0.1667
r0094_c0404,44.44,0.0
r0094_c0411,1111.11,0.0
r0094_c0412,222.22,0.0
r0094_c0413,1955.56,0.0
r0094_c0418,222.22,0.0
r0094_c0421,1022.22,0.0
r0094_c0422,800.0,0.1667
r0094_c0423,133.33,0.6667
r0094_c0426,177.78,0.25
r0094_c0427,0.0,0.0
r0094_c0431,88.89,0.0
r0094_c0432,355.56,0.125
r0094_c0433,133.33,0.3333
r0094_c0434,355.56,0.125
r0094_c0436,1155.56,0.3077
r0094_c0437,177.78,0.0
r0094_c0438,44.44,0.0
r0094_c0439,177.78,0.25
r0094_c0440,933.33,0.1905
r0094_c0444,88.89,0.5
r0094_c0445,222.22,0.0
r0094_c0446,222.22,0.0
r0094_c0447,577.78,0.0
r0094_c0448,533.33,0.4167
r0094_c0449,444.44,0.1
r0094_c0450,133.33,0.0
r0094_c0453,711.11,0.125
r0094_c0454,177.78,0.0
r0094_c0455,1066.67,0.1667
r0095_c0401,755.56,0.0
r0095_c0411,1911.11,0.0
r0095_c0412,1111.11,0.0
r0095_c0413,2488.89,0.0
r0095_c0417,844.44,0.0
r0095_c0418,1288.89,0.0345
r0095_c0422,711.11,0.0625
r0095_c0424,177.78,0.25
r0095_c0425,133.33,0.0
r0095_c0426,44.44,0.0
r0095_c0427,177.78,0.0
r0095_c0431,133.33,0.0
r0095_c0432,222.22,0.0
r0095_c0433,222.22,0.0
r0095_c0434,177.78,0.0
r0095_c0436,1377.78,0.2258
r0095_c0440,1111.11,0.16
r0095_c0442,666.67,0.2
r0095_c0443,311.11,0.1429
r0095_c0447,177.78,0.0
r0095_c0448,133.33,0.0
r0095_c0449,88.89,0.5
r0095_c0450,222.22,0.0
r0095_c0452,1022.22,0.0435
r0095_c0453,1200.0,0.0741
r0095_c0454,88.89,0.0
r0096_c0397,2355.56,0.0
r0096_c0402,88.89,0.0
r0096_c0403,355.56,0.0
r0096_c0404,977.78,0.0
r0096_c0419,3155.56,0.0
r0096_c0422,1422.22,0.1875
r0096_c0423,2355.56,0.2075
r0096_c0424,1600.0,0.25
r0096_c0425,1644.44,0.1351
r0096_c0428,666.67,0.0
r0096_c0431,444.44,0.0
r0096_c0432,88.89,0.0
r0096_c0433,1022.22,0.0
r0096_c0434,888.89,0.05
r0096_c0435,400.0,0.0
r0096_c0436,888.89,0.2
r0096_c0437,755.56,0.0
r0096_c0438,666.67,0.0667
r0096_c0440,755.56,0.2353
r0096_c0442,800.0,0.0
r0096_c0443,311.11,0.0
r0096_c0444,577.78,0.3846
r0096_c0445,533.33,0.1667
r0096_c0446,311.11,0.0
r0096_c0448,177.78,0.0
r0096_c0451,1822.22,0.2439
r0096_c0452,533.33,0.0833
r0096_c0453,311.11,0.0
r0096_c0454,311.11,0.0
r0096_c0455,488.89,0.0909
r0096_c0459,6266.67,0.0709
r0096_c0460,4711.11,0.0472
r0097_c0389,1733.33,0.0769
r0097_c0399,488.89,0.0
r0097_c0400,133.33,0.0
r0097_c0401,88.89,0.0
r0097_c0403,444.44,0.0
r0097_c0410,1866.67,0.0
r0097_c0411,2933.33,0.0152
r0097_c0414,9244.44,0.0144
r0097_c0420,1022.22,0.0
r0097_c0426,1955.56,0.2955
r0097_c0427,1111.11,0.16
r0097_c0428,88.89,0.0
r0097_c0429,666.67,0.0
r0097_c0434,266.67,0.1667
r0097_c0436,133.33,0.0
r0097_c0437,222.22,0.0
r0097_c0438,1600.0,0.0833
r0097_c0441,888.89,0.05
r0097_c0442,311.11,0.0
r0097_c0443,355.56,0.0
r0097_c0445,1288.89,0.2069
r0097_c0446,533.33,0.0
r0097_c0447,622.22,0.0714
r0097_c0448,577.78,0.0
r0097_c0449,1066.67,0.0833
r0097_c0450,1422.22,0.0625
r0097_c0453,1022.22,0.0
r0097_c0455,622.22,0.0
r0097_c0456,755.56,0.0
r0097_c0458,2444.44,0.2545
r0098_c0389,266.67,0.0
r0098_c0390,0.0,0.0
r0098_c0391,0.0,0.0
r0098_c0392,0.0,0.0
r0098_c0393,88.89,0.0
r0098_c0394,88.89,0.0
r0098_c0395,177.78,0.0
r0098_c0396,400.0,0.0
r0098_c0397,266.67,0.0
r0098_c0398,177.78,0.0
r0098_c0399,44.44,0.0
r0098_c0400,0.0,0.0
r0098_c0401,44.44,0.0
r0098_c0423,755.56,0.0588
r0098_c0424,666.67,0.0
r0098_c0425,977.78,0.0
r0098_c0426,88.89,0.0
r0098_c0427,88.89,0.0
r0098_c0428,0.0,0.0
r0098_c0429,88.89,0.0
r0098_c0430,0.0,0.0
r0098_c0431,1422.22,0.3438
r0098_c0433,1288.89,0.2414
r0098_c0434,888.89,0.2
r0098_c0435,2177.78,0.4694
r0098_c0436,400.0,0.3333
r0098_c0441,311.11,0.0
r0098_c0442,488.89,0.0909
r0098_c0443,222.22,0.6
r0098_c0444,977.78,0.2727
r0098_c0447,844.44,0.1579
r0098_c0448,355.56,0.375
r0098_c0449,444.44,0.0
r0098_c0450,1466.67,0.0606
r0098_c0451,755.56,0.1176
r0098_c0452,888.89,0.0
r0098_c0453,488.89,0.0
r0098_c0455,1111.11,0.0
r0098_c0458,711.11,0.125
r0098_c0459,14666.67,0.003
r0098_c0460,16711.11,0.0027
r0099_c0389,444.44,0.1
r0099_c0390,88.89,0.5
r0099_c0391,133.33,0.6667
r0099_c0392,0.0,0.0
r0099_c0393,0.0,0.0
r0099_c0394,0.0,0.0
r0099_c0395,266.67,0.0
r0099_c0396,88.89,0.0
r0099_c0397,0.0,0.0
r0099_c0398,133.33,0.0
r0099_c0399,0.0,0.0
r0099_c0400,44.44,0.0
r0099_c0401,88.89,0.0
r0099_c0402,533.33,0.0
r0099_c0403,88.89,0.0
r0099_c0404,44.44,0.0
r0099_c0405,44.44,0.0
r0099_c0406,222.22,0.0
r0099_c0407,488.89,0.0
r0099_c0408,977.78,0.0455
r0099_c0409,266.67,0.0
r0099_c0410,444.44,0.0
r0099_c0412,133.33,0.0
r0099_c0413,888.89,0.0
r0099_c0414,1511.11,0.0294
r0099_c0418,2355.56,0.0
r0099_c0422,1777.78,0.0
r0099_c0424,1200.0,0.0741
r0099_c0425,1111.11,0.04
r0099_c0426,222.22,0.2
r0099_c0427,133.33,0.0
r0099_c0428,177.78,0.0
r0099_c0429,222.22,0.0
r0099_c0430,933.33,0.2381
r0099_c0431,933.33,0.0
r0099_c0432,222.22,0.0
r0099_c0433,0.0,0.0
r0099_c0434,88.89,0.0
r0099_c0435,222.22,0.0
r0099_c0437,800.0,0.0
r0099_c0438,622.22,0.0
r0099_c0439,622.22,0.0714
r0099_c0440,1688.89,0.1579
r0099_c0441,1022.22,0.087
r0099_c0443,977.78,0.1818
r0099_c0444,577.78,0.1538
r0099_c0447,1288.89,0.1034
r0099_c0449,311.11,0.0
r0099_c0450,800.0,0.0
r0099_c0452,488.89,0.0
r0099_c0453,266.67,0.0
r0099_c0454,133.33,0.0
r0099_c0455,711.11,0.0
r0099_c0456,2000.0,0.0
r0100_c0388,666.67,0.0
r0100_c0389,311.11,0.2857
r0100_c0390,44.44,0.0
r0100_c0391,44.44,1.0
r0100_c0392,0.0,0.0
r0100_c0393,222.22,0.2
r0100_c0394,177.78,0.0
r0100_c0395,44.44,0.0
r0100_c0396,0.0,0.0
r0100_c0397,0.0,0.0
r0100_c0398,0.0,0.0
r0100_c0399,0.0,0.0
r0100_c0400,355.56,0.0
r0100_c0401,0.0,0.0
r0100_c0402,133.33,0.0
r0100_c0403,44.44,0.0
r0100_c0404,44.44,0.0
r0100_c0405,88.89,0.0
r0100_c0406,0.0,0.0
r0100_c0407,133.33,0.0
r0100_c0408,933.33,0.0
r0100_c0409,177.78,0.0
r0100_c0410,88.89,0.0
r0100_c0411,88.89,0.0
r0100_c0412,177.78,0.0
r0100_c0413,755.56,0.0
r0100_c0415,2000.0,0.0
r0100_c0416,311.11,0.0
r0100_c0417,177.78,0.0
r0100_c0418,44.44,0.0
r0100_c0419,222.22,0.2
r0100_c0420,533.33,0.0
r0100_c0421,488.89,0.0
r0100_c0424,488.89,0.0
r0100_c0425,44.44,0.0
r0100_c0426,88.89,0.0
r0100_c0427,400.0,0.3333
r0100_c0428,88.89,0.0
r0100_c0429,222.22,0.0
r0100_c0431,1644.44,0.3514
r0100_c0432,533.33,0.0833
r0100_c0433,533.33,0.0
r0100_c0434,0.0,0.0
r0100_c0435,311.11,0.1429
r0100_c0436,266.67,0.0
r0100_c0437,88.89,0.0
r0100_c0438,44.44,0.0
r0100_c0439,266.67,0.1667
r0100_c0440,1333.33,0.3
r0100_c0444,222.22,0.4
r0100_c0445,1422.22,0.1562
r0100_c0447,2444.44,0.1455
r0100_c0448,400.0,0.1111
r0100_c0449,266.67,0.1667
r0100_c0450,622.22,0.0
r0100_c0451,1022.22,0.1304
r0100_c0452,844.44,0.0
r0100_c0453,266.67,0.0
r0100_c0454,577.78,0.0
r0100_c0455,133.33,0.0
r0100_c0456,355.56,0.0
r0100_c0458,7644.44,0.0291
r0101_c0389,0.0,0.0
r0101_c0390,0.0,0.0
r0101_c0391,0.0,0.0
r0101_c0392,44.44,0.0
r0101_c0393,133.33,0.6667
r0101_c0394,177.78,0.0
r0101_c0395,844.44,0.1579
r0101_c0396,2000.0,0.3556
r0101_c0397,711.11,0.4375
r0101_c0398,666.67,0.1333
r0101_c0399,222.22,0.2
r0101_c0400,0.0,0.0
r0101_c0401,133.33,0.0
r0101_c0402,88.89,0.0
r0101_c0403,44.44,0.0
r0101_c0404,222.22,0.0
r0101_c0405,222.22,0.0
r0101_c0406,177.78,0.0
r0101_c0407,311.11,0.2857
r0101_c0408,711.11,0.0625
r0101_c0409,0.0,0.0
r0101_c0410,177.78,0.0
r0101_c0411,44.44,0.0
r0101_c0412,44.44,0.0
r0101_c0413,44.44,0.0
r0101_c0414,266.67,0.0
r0101_c0415,622.22,0.0
r0101_c0416,222.22,0.4
r0101_c0417,44.44,0.0
r0101_c0418,88.89,0.0
r0101_c0419,266.67,0.1667
r0101_c0420,0.0,0.0
r0101_c0421,311.11,0.0
r0101_c0424,311.11,0.0
r0101_c0425,133.33,0.3333
r0101_c0426,711.11,0.1875
r0101_c0427,266.67,0.0
r0101_c0428,355.56,0.25
r0101_c0429,400.0,0.1111
r0101_c0430,800.0,0.1667
r0101_c0431,933.33,0.2381
r0101_c0434,355.56,0.125
r0101_c0435,266.67,0.0
r0101_c0436,133.33,0.0
r0101_c0437,800.0,0.2222
r0101_c0438,1822.22,0.1951
r0101_c0439,1733.33,0.1538
r0101_c0440,1555.56,0.2286
r0101_c0443,3244.44,0.2055
r0101_c0446,711.11,0.0625
r0101_c0448,1377.78,0.2581
r0101_c0451,1244.44,0.1071
r0101_c0453,533.33,0.0
r0101_c0454,355.56,0.0
r0101_c0455,1155.56,0.0769
r0101_c0456,3377.78,0.0395
r0101_c0457,2311.11,0.0769
r0101_c0458,4222.22,0.0421
r0102_c0389,666.67,0.0
r0102_c0390,0.0,0.0
r0102_c0391,44.44,0.0
r0102_c0392,0.0,0.0
r0102_c0393,44.44,0.0
r0102_c0394,0.0,0.0
r0102_c0395,0.0,0.0
r0102_c0397,222.22,0.0
r0102_c0398,0.0,0.0
r0102_c0399,0.0,0.0
r0102_c0400,177.78,0.0
r0102_c0401,0.0,0.0
r0102_c0402,0.0,0.0
r0102_c0403,44.44,0.0
r0102_c0404,0.0,0.0
r0102_c0405,0.0,0.0
r0102_c0406,0.0,0.0
r0102_c0407,44.44,0.0
r0102_c0408,0.0,0.0
r0102_c0409,44.44,0.0
r0102_c0410,44.44,0.0
r0102_c0411,44.44,0.0
r0102_c0412,133.33,0.0
r0102_c0413,133.33,0.0
r0102_c0414,44.44,0.0
r0102_c0415,1155.56,0.3462
r0102_c0417,355.56,0.25
r0102_c0418,88.89,0.0
r0102_c0419,311.11,0.0
r0102_c0420,44.44,0.0
r0102_c0421,622.22,0.0
r0102_c0422,711.11,0.0
r0102_c0423,88.89,0.0
r0102_c0424,88.89,0.0
r0102_c0425,222.22,0.0
r0102_c0426,311.11,0.0
r0102_c0430,1066.67,0.2083
r0102_c0431,355.56,0.625
r0102_c0432,311.11,0.0
r0102_c0433,1111.11,0.0
r0102_c0436,311.11,0.0
r0102_c0437,177.78,0.0
r0102_c0438,577.78,0.1538
r0102_c0439,1377.78,0.4194
r0102_c0440,1733.33,0.2308
r0102_c0441,844.44,0.1053
r0102_c0442,1733.33,0.1282
r0102_c0447,400.0,0.2222
r0102_c0448,666.67,0.0667
r0102_c0449,1866.67,0.0476
r0102_c0450,622.22,0.1429
r0102_c0451,355.56,0.0
r0102_c0452,1688.89,0.0
r0102_c0454,1733.33,0.0769
r0103_c0389,1111.11,0.0
r0103_c0390,44.44,0.0
r0103_c0392,88.89,0.0
r0103_c0393,177.78,0.0
r0103_c0394,133.33,0.3333
r0103_c0395,88.89,0.0
r0103_c0396,266.67,0.0
r0103_c0397,44.44,0.0
r0103_c0399,133.33,0.0
r0103_c0400,222.22,0.0
r0103_c0401,0.0,0.0
r0103_c0402,0.0,0.0
r0103_c0403,88.89,0.0
r0103_c0404,44.44,0.0
r0103_c0405,0.0,0.0
r0103_c0406,0.0,0.0
r0103_c0407,222.22,0.0
r0103_c0408,177.78,0.0
r0103_c0409,0.0,0.0
r0103_c0410,44.44,0.0
r0103_c0411,88.89,0.0
r0103_c0412,44.44,0.0
r0103_c0413,311.11,0.0
r0103_c0414,88.89,0.0
r0103_c0415,88.89,0.0
r0103_c0416,0.0,0.0
r0103_c0417,0.0,0.0
r0103_c0418,222.22,0.0
r0103_c0420,444.44,0.0
r0103_c0421,0.0,0.0
r0103_c0425,533.33,0.0
r0103_c0426,311.11,0.0
r0103_c0427,488.89,0.0
r0103_c0428,355.56,0.0
r0103_c0429,44.44,0.0
r0103_c0430,400.0,0.1111
r0103_c0432,311.11,0.0
r0103_c0433,222.22,0.0
r0103_c0436,1022.22,0.0
r0103_c0437,133.33,0.0
r0103_c0438,133.33,0.0
r0103_c0439,533.33,0.4167
r0103_c0440,755.56,0.0588
r0103_c0445,5066.67,0.0789
r0103_c0447,1022.22,0.2174
r0103_c0448,266.67,0.1667
r0104_c0389,2000.0,0.0
r0104_c0390,0.0,0.0
r0104_c0391,0.0,0.0
r0104_c0392,44.44,0.0
r0104_c0393,0.0,0.0
r0104_c0394,133.33,0.0
r0104_c0395,0.0,0.0
r0104_c0396,0.0,0.0
r0104_c0397,0.0,0.0
r0104_c0398,666.67,0.4667
r0104_c0399,0.0,0.0
r0104_c0400,266.67,0.0
r0104_c0401,400.0,0.0
r0104_c0402,800.0,0.1111
r0104_c0403,1200.0,0.1852
r0104_c0404,666.67,0.2
r0104_c0405,1733.33,0.1795
r0104_c0406,1466.67,0.1818
r0104_c0407,2088.89,0.2128
r0104_c0408,1244.44,0.3571
r0104_c0409,1288.89,0.2759
r0104_c0410,977.78,0.2727
r0104_c0411,488.89,0.0909
r0104_c0412,577.78,0.3846
r0104_c0413,355.56,0.25
r0104_c0414,533.33,0.0833
r0104_c0415,1955.56,0.0682
r0104_c0421,0.0,0.0
r0104_c0422,44.44,0.0
r0104_c0423,355.56,0.0
r0104_c0424,88.89,0.0
r0104_c0425,44.44,0.0
r0104_c0426,533.33,0.0
r0104_c0427,1777.78,0.0
r0104_c0428,755.56,0.0
r0104_c0429,844.44,0.0
r0104_c0430,311.11,0.1429
r0104_c0431,0.0,0.0
r0104_c0432,222.22,0.0
r0104_c0433,222.22,0.0
r0104_c0434,533.33,0.0833
r0104_c0436,444.44,0.0
r0104_c0437,355.56,0.0
r0104_c0438,266.67,0.0
r0104_c0439,311.11,0.0
r0104_c0440,311.11,0.0
r0104_c0441,711.11,0.0
r0104_c0442,3288.89,0.0405
r0104_c0449,1066.67,0.2917
r0104_c0450,1022.22,0.1739
r0104_c0452,577.78,0.0
r0104_c0453,844.44,0.0526
r0104_c0454,1822.22,0.0976
r0104_c0456,5288.89,0.1176
r0104_c0457,3511.11,0.2025
r0104_c0460,4000.0,0.0111
r0105_c0389,1466.67,0.0
r0105_c0390,88.89,0.0
r0105_c0391,0.0,0.0
r0105_c0392,355.56,0.0
r0105_c0393,88.89,0.0
r0105_c0395,755.56,0.0
r0105_c0398,933.33,0.0952
r0105_c0399,355.56,0.5
r0105_c0400,266.67,0.3333
r0105_c0401,88.89,0.0
r0105_c0402,88.89,0.0
r0105_c0403,933.33,0.4762
r0105_c0404,1111.11,0.36
r0105_c0405,400.0,0.2222
r0105_c0406,177.78,0.0
r0105_c0407,177.78,1.0
r0105_c0408,311.11,0.0
r0105_c0409,133.33,0.0
r0105_c0410,44.44,0.0
r0105_c0412,444.44,0.2
r0105_c0413,1333.33,0.0333
r0105_c0414,622.22,0.0714
r0105_c0415,311.11,0.4286
r0105_c0416,488.89,0.3636
r0105_c0417,400.0,0.8889
r0105_c0418,577.78,0.3846
r0105_c0419,1155.56,0.0769
r0105_c0420,1022.22,0.2609
r0105_c0421,444.44,0.2
r0105_c0422,400.0,0.2222
r0105_c0423,711.11,0.0625
r0105_c0424,355.56,0.375
r0105_c0425,844.44,0.1053
r0105_c0426,1600.0,0.0556
r0105_c0428,266.67,0.0
r0105_c0429,0.0,0.0
r0105_c0430,355.56,0.0
r0105_c0432,666.67,0.0
r0105_c0433,622.22,0.0714
r0105_c0435,400.0,0.0
r0105_c0436,133.33,0.0
r0105_c0437,444.44,0.0
r0105_c0440,888.89,0.0
r0105_c0441,1511.11,0.1176
r0105_c0444,4577.78,0.3592
r0105_c0449,844.44,0.2632
r0105_c0450,444.44,0.1
r0105_c0451,1688.89,0.0789
r0105_c0454,1022.22,0.087
r0105_c0455,1955.56,0.1818
r0105_c0459,1511.11,0.1176
r0106_c0391,88.89,0.0
r0106_c0392,2533.33,0.0175
r0106_c0397,177.78,0.0
r0106_c0398,400.0,0.1111
r0106_c0399,0.0,0.0
r0106_c0400,222.22,0.0
r0106_c0401,0.0,0.0
r0106_c0402,0.0,0.0
r0106_c0403,88.89,0.0
r0106_c0404,133.33,0.3333
r0106_c0405,533.33,0.1667
r0106_c0406,133.33,0.3333
r0106_c0407,755.56,0.0
r0106_c0408,311.11,0.0
r0106_c0409,444.44,0.1
r0106_c0410,44.44,0.0
r0106_c0411,622.22,0.0714
r0106_c0412,800.0,0.2778
r0106_c0413,1377.78,0.4516
r0106_c0414,1600.0,0.4167
r0106_c0415,1955.56,0.3182
r0106_c0416,1733.33,0.5385
r0106_c0417,1822.22,0.2927
r0106_c0418,1111.11,0.12
r0106_c0419,222.22,0.0
r0106_c0420,0.0,0.0
r0106_c0423,3377.78,0.0
r0106_c0424,444.44,0.1
r0106_c0425,266.67,0.0
r0106_c0426,355.56,0.125
r0106_c0428,266.67,0.1667
r0106_c0429,1111.11,0.0
r0106_c0431,800.0,0.0
r0106_c0434,933.33,0.4286
r0106_c0436,800.0,0.0
r0106_c0437,266.67,0.0
r0106_c0439,222.22,0.0
r0106_c0441,2755.56,0.3871
r0106_c0445,2533.33,0.193
r0106_c0446,2133.33,0.1458
r0106_c0447,2222.22,0.36
r0106_c0448,1377.78,0.4194
r0106_c0449,1822.22,0.0976
r0106_c0452,2355.56,0.0189
r0106_c0453,888.89,0.05
r0106_c0456,4044.44,0.022
r0106_c0458,1688.89,0.0789
r0106_c0459,1866.67,0.0476
r0107_c0399,44.44,0.0
r0107_c0404,400.0,0.3333
r0107_c0405,311.11,0.4286
r0107_c0406,0.0,0.0
r0107_c0407,177.78,0.0
r0107_c0408,44.44,1.0
r0107_c0409,133.33,0.0
r0107_c0410,0.0,0.0
r0107_c0411,355.56,0.0
r0107_c0412,0.0,0.0
r0107_c0413,44.44,0.0
r0107_c0414,88.89,0.5
r0107_c0415,400.0,0.1111
r0107_c0416,133.33,0.3333
r0107_c0419,0.0,0.0
r0107_c0420,0.0,0.0
r0107_c0421,0.0,0.0
r0107_c0422,88.89,0.0
r0107_c0423,533.33,0.0
r0107_c0425,222.22,0.0
r0107_c0426,88.89,0.0
r0107_c0427,266.67,0.0
r0107_c0428,355.56,0.125
r0107_c0430,533.33,0.0833
r0107_c0431,1511.11,0.0
r0107_c0434,1911.11,0.3256
r0107_c0435,311.11,0.1429
r0107_c0436,355.56,0.0
r0107_c0437,355.56,0.0
r0107_c0439,622.22,0.0
r0107_c0440,355.56,0.0
r0107_c0441,800.0,0.1667
r0107_c0447,1066.67,0.2083
r0107_c0448,1333.33,0.2
r0107_c0449,622.22,0.1429
r0107_c0450,1466.67,0.1515
r0107_c0451,3466.67,0.1795
r0107_c0452,2933.33,0.0303
r0107_c0453,1155.56,0.0769
r0107_c0454,1911.11,0.093
r0107_c0459,977.78,0.0
r0107_c0460,2044.44,0.0217
r0108_c0399,177.78,0.0
r0108_c0400,44.44,0.0
r0108_c0401,44.44,0.0
r0108_c0402,44.44,0.0
r0108_c0403,222.22,0.0
r0108_c0404,0.0,0.0
r0108_c0405,0.0,0.0
r0108_c0406,0.0,0.0
r0108_c0407,488.89,0.0
r0108_c0408,0.0,0.0
r0108_c0409,88.89,0.0
r0108_c0410,0.0,0.0
r0108_c0411,44.44,0.0
r0108_c0412,0.0,0.0
r0108_c0413,0.0,0.0
r0108_c0414,44.44,0.0
r0108_c0415,400.0,0.4444
r0108_c0418,133.33,0.0
r0108_c0419,44.44,0.0
r0108_c0420,44.44,0.0
r0108_c0422,44.44,1.0
r0108_c0427,88.89,0.0
r0108_c0429,666.67,0.1333
r0108_c0430,622.22,0.2143
r0108_c0431,622.22,0.0
r0108_c0432,800.0,0.1667
r0108_c0433,933.33,0.0476
r0108_c0434,2000.0,0.2667
r0108_c0435,4666.67,0.2476
r0108_c0436,3155.56,0.1972
r0108_c0437,133.33,0.0
r0108_c0439,400.0,0.0
r0108_c0440,1022.22,0.1304
r0108_c0441,622.22,0.2143
r0108_c0442,2266.67,0.3137
r0108_c0443,2088.89,0.2766
r0108_c0444,2400.0,0.3148
r0108_c0447,1377.78,0.2581
r0108_c0448,2044.44,0.3478
r0108_c0450,1688.89,0.2368
r0108_c0451,3111.11,0.0571
r0108_c0452,2800.0,0.1429
r0108_c0454,1200.0,0.0741
r0108_c0455,1822.22,0.122
r0108_c0456,933.33,0.0476
r0108_c0459,1955.56,0.0227
r0109_c0399,533.33,0.0
r0109_c0400,266.67,0.0
r0109_c0401,0.0,0.0
r0109_c0402,0.0,0.0
r0109_c0403,0.0,0.0
r0109_c0404,0.0,0.0
r0109_c0405,0.0,0.0
r0109_c0406,0.0,0.0
r0109_c0407,44.44,0.0
r0109_c0408,0.0,0.0
r0109_c0409,222.22,0.0
r0109_c0410,133.33,0.0
r0109_c0411,1155.56,0.0
r0109_c0412,1111.11,0.0
r0109_c0413,800.0,0.0
r0109_c0414,400.0,0.0
r0109_c0415,0.0,0.0
r0109_c0417,44.44,0.0
r0109_c0418,88.89,0.0
r0109_c0419,266.67,0.0
r0109_c0420,133.33,0.3333
r0109_c0422,1555.56,0.1143
r0109_c0423,933.33,0.1905
r0109_c0427,177.78,0.0
r0109_c0428,44.44,0.0
r0109_c0429,533.33,0.5
r0109_c0430,88.89,0.0
r0109_c0431,222.22,0.0
r0109_c0432,88.89,0.0
r0109_c0433,1022.22,0.3043
r0109_c0435,1200.0,0.1111
r0109_c0437,400.0,0.1111
r0109_c0438,266.67,0.0
r0109_c0439,800.0,0.2222
r0109_c0441,1555.56,0.2286
r0109_c0442,1111.11,0.16
r0109_c0443,977.78,0.3182
r0109_c0444,2000.0,0.2667
r0109_c0446,3422.22,0.2597
r0109_c0447,2577.78,0.2931
r0109_c0449,1733.33,0.5128
r0109_c0453,5688.89,0.2656
r0109_c0455,444.44,0.2
r0109_c0457,1333.33,0.1333
r0109_c0458,1688.89,0.0
r0110_c0400,222.22,0.0
r0110_c0402,88.89,0.0
r0110_c0403,0.0,0.0
r0110_c0404,44.44,0.0
r0110_c0406,44.44,0.0
r0110_c0410,622.22,0.0
r0110_c0414,44.44,0.0
r0110_c0415,0.0,0.0
r0110_c0419,44.44,0.0
r0110_c0420,177.78,0.0
r0110_c0423,44.44,0.0
r0110_c0424,444.44,0.0
r0110_c0425,1777.78,0.1
r0110_c0427,133.33,0.0
r0110_c0428,88.89,0.0
r0110_c0429,266.67,0.8333
r0110_c0430,533.33,0.0
r0110_c0431,44.44,0.0
r0110_c0432,355.56,0.0
r0110_c0433,1200.0,0.4074
r0110_c0434,133.33,0.0
r0110_c0435,88.89,0.0
r0110_c0436,977.78,0.0
r0110_c0437,266.67,0.1667
r0110_c0438,133.33,0.0
r0110_c0439,1200.0,0.1852
r0110_c0441,2800.0,0.2381
r0110_c0442,800.0,0.2222
r0110_c0443,1155.56,0.3077
r0110_c0445,2177.78,0.2653
r0110_c0446,1688.89,0.4474
r0110_c0447,1733.33,0.1795
r0110_c0448,3288.89,0.1081
r0110_c0449,2133.33,0.0208
r0110_c0450,2577.78,0.0172
r0110_c0451,4666.67,0.2571
r0110_c0455,3066.67,0.0435
r0111_c0402,0.0,0.0
r0111_c0403,44.44,0.0
r0111_c0404,400.0,0.0
r0111_c0410,222.22,0.0
r0111_c0413,222.22,0.0
r0111_c0415,0.0,0.0
r0111_c0417,311.11,0.1429
r0111_c0419,400.0,0.0
r0111_c0420,44.44,0.0
r0111_c0421,0.0,0.0
r0111_c0422,0.0,0.0
r0111_c0423,0.0,0.0
r0111_c0424,0.0,0.0
r0111_c0425,0.0,0.0
r0111_c0426,88.89,0.0
r0111_c0427,0.0,0.0
r0111_c0428,0.0,0.0
r0111_c0429,88.89,0.0
r0111_c0430,222.22,0.0
r0111_c0431,355.56,0.0
r0111_c0433,1688.89,0.2895
r0111_c0434,177.78,0.0
r0111_c0435,44.44,0.0
r0111_c0436,177.78,0.0
r0111_c0437,177.78,0.0
r0111_c0439,577.78,0.1538
r0111_c0441,2000.0,0.3778
r0111_c0442,977.78,0.0
r0111_c0445,888.89,0.15
r0111_c0446,800.0,0.4444
r0111_c0447,1600.0,0.2778
r0111_c0448,2088.89,0.234
r0111_c0449,3822.22,0.1512
r0111_c0453,2400.0,0.3148
r0111_c0454,2400.0,0.3148
r0111_c0455,5244.44,0.0678
r0111_c0457,1333.33,0.0667
r0111_c0458,1200.0,0.1481
r0111_c0459,2933.33,0.0455
r0112_c0406,266.67,0.0
r0112_c0407,0.0,0.0
r0112_c0408,0.0,0.0
r0112_c0416,0.0,0.0
r0112_c0421,1155.56,0.0
r0112_c0423,133.33,0.0
r0112_c0424,0.0,0.0
r0112_c0425,0.0,0.0
r0112_c0426,133.33,0.0
r0112_c0427,0.0,0.0
r0112_c0428,88.89,0.0
r0112_c0429,44.44,0.0
r0112_c0432,444.44,0.0
r0112_c0433,1066.67,0.125
r0112_c0434,400.0,0.0
r0112_c0435,88.89,0.0
r0112_c0439,222.22,0.0
r0112_c0440,844.44,0.0526
r0112_c0441,1822.22,0.3415
r0112_c0442,933.33,0.1905
r0112_c0443,1200.0,0.2593
r0112_c0444,444.44,0.1
r0112_c0445,533.33,0.0833
r0112_c0446,3600.0,0.037
r0112_c0448,311.11,0.0
r0112_c0450,5911.11,0.2331
r0112_c0451,5022.22,0.3717
r0112_c0452,2088.89,0.3404
r0112_c0455,1555.56,0.2
r0112_c0457,3822.22,0.0581
r0113_c0406,533.33,0.0
r0113_c0407,0.0,0.0
r0113_c0408,0.0,0.0
r0113_c0409,88.89,0.0
r0113_c0411,0.0,0.0
r0113_c0415,44.44,0.0
r0113_c0424,88.89,0.0
r0113_c0425,0.0,0.0
r0113_c0426,44.44,0.0
r0113_c0427,44.44,0.0
r0113_c0428,44.44,0.0
r0113_c0429,355.56,0.0
r0113_c0430,133.33,0.0
r0113_c0431,1155.56,0.0
r0113_c0433,622.22,0.2143
r0113_c0434,88.89,0.0
r0113_c0435,0.0,0.0
r0113_c0436,1244.44,0.0
r0113_c0438,355.56,0.0
r0113_c0439,355.56,0.0
r0113_c0440,622.22,0.2143
r0113_c0441,888.89,0.35
r0113_c0442,88.89,0.0
r0113_c0443,177.78,0.0
r0113_c0444,88.89,0.0
r0113_c0445,3911.11,0.0227
r0113_c0448,1244.44,0.0714
r0113_c0449,2577.78,0.1034
r0113_c0452,2844.44,0.2344
r0113_c0454,2844.44,0.2344
r0113_c0455,1155.56,0.0385
r0113_c0456,844.44,0.1579
r0113_c0457,1911.11,0.1628
r0114_c0406,400.0,0.0
r0114_c0407,266.67,0.0
r0114_c0409,88.89,0.0
r0114_c0412,133.33,0.3333
r0114_c0414,0.0,0.0
r0114_c0420,1644.44,0.0
r0114_c0421,311.11,0.0
r0114_c0422,444.44,0.0
r0114_c0423,133.33,0.0
r0114_c0426,133.33,0.0
r0114_c0427,0.0,0.0
r0114_c0428,0.0,0.0
r0114_c0429,133.33,0.0
r0114_c0430,0.0,0.0
r0114_c0431,0.0,0.0
r0114_c0432,0.0,0.0
r0114_c0433,266.67,0.0
r0114_c0434,44.44,0.0
r0114_c0435,0.0,0.0
r0114_c0436,0.0,0.0
r0114_c0437,88.89,0.0
r0114_c0438,88.89,0.0
r0114_c0440,1466.67,0.1515
r0114_c0441,177.78,0.5
r0114_c0442,488.89,0.0
r0114_c0443,266.67,0.1667
r0114_c0444,88.89,0.0
r0114_c0449,4533.33,0.1961
r0114_c0450,4266.67,0.2604
r0114_c0456,1866.67,0.2143
r0114_c0457,1866.67,0.0714
r0115_c0409,1022.22,0.0
r0115_c0410,0.0,0.0
r0115_c0414,0.0,0.0
r0115_c0417,88.89,0.0
r0115_c0419,88.89,0.0
r0115_c0420,0.0,0.0
r0115_c0421,0.0,0.0
r0115_c0422,88.89,0.0
r0115_c0423,0.0,0.0
r0115_c0424,44.44,0.0
r0115_c0426,0.0,0.0
r0115_c0427,0.0,0.0
r0115_c0428,133.33,0.0
r0115_c0429,0.0,0.0
r0115_c0430,0.0,0.0
r0115_c0431,88.89,0.0
r0115_c0432,133.33,0.0
r0115_c0434,355.56,0.0
r0115_c0435,0.0,0.0
r0115_c0436,0.0,0.0
r0115_c0437,88.89,0.0
r0115_c0438,311.11,0.0
r0115_c0440,1155.56,0.2692
r0115_c0441,488.89,0.0
r0115_c0442,622.22,0.4286
r0115_c0443,88.89,0.0
r0115_c0445,311.11,0.4286
r0115_c0446,577.78,0.1538
r0115_c0449,6177.78,0.223
r0115_c0452,3022.22,0.2794
r0115_c0453,2355.56,0.2075
r0115_c0454,1466.67,0.303
r0115_c0455,2977.78,0.3433
r0115_c0457,9511.11,0.1262
r0116_c0413,88.89,0.0
r0116_c0414,0.0,0.0
r0116_c0415,0.0,0.0
r0116_c0416,0.0,0.0
r0116_c0417,133.33,0.0
r0116_c0419,266.67,0.0
r0116_c0420,0.0,0.0
r0116_c0421,0.0,0.0
r0116_c0422,133.33,0.0
r0116_c0423,0.0,0.0
r0116_c0424,0.0,0.0
r0116_c0425,222.22,0.0
r0116_c0426,0.0,0.0
r0116_c0427,0.0,0.0
r0116_c0428,0.0,0.0
r0116_c0429,0.0,0.0
r0116_c0430,133.33,0.0
r0116_c0432,444.44,0.5
r0116_c0435,44.44,0.0
r0116_c0436,177.78,0.0
r0116_c0437,0.0,0.0
r0116_c0438,177.78,0.25
r0116_c0440,1333.33,0.5333
r0116_c0441,266.67,0.0
r0116_c0444,177.78,0.0
r0116_c0445,222.22,0.0
r0116_c0446,355.56,0.125
r0116_c0447,3777.78,0.1882
r0116_c0449,4266.67,0.25
r0116_c0450,2711.11,0.3934
r0116_c0451,1466.67,0.3333
r0116_c0455,2711.11,0.0
r0117_c0410,44.44,0.0
r0117_c0411,0.0,0.0
r0117_c0412,0.0,0.0
r0117_c0415,222.22,0.0
r0117_c0417,933.33,0.0
r0117_c0420,0.0,0.0
r0117_c0422,44.44,0.0
r0117_c0424,355.56,0.0
r0117_c0426,355.56,0.25
r0117_c0428,0.0,0.0
r0117_c0429,0.0,0.0
r0117_c0430,0.0,0.0
r0117_c0432,844.44,0.3684
r0117_c0433,977.78,0.1364
r0117_c0434,755.56,0.4706
r0117_c0435,666.67,0.4
r0117_c0436,266.67,0.5
r0117_c0437,711.11,0.0625
r0117_c0439,711.11,0.25
r0117_c0440,1200.0,0.5185
r0117_c0441,88.89,0.5
r0117_c0442,577.78,0.2308
r0117_c0443,444.44,0.0
r0117_c0444,0.0,0.0
r0117_c0445,488.89,0.0
r0117_c0446,266.67,0.0
r0117_c0447,1866.67,0.2143
r0117_c0448,3066.67,0.3768
r0117_c0449,3422.22,0.3766
r0117_c0451,1066.67,0.2083
r0117_c0453,2133.33,0.1875
r0117_c0456,6133.33,0.0145
r0118_c0409,266.67,0.0
r0118_c0411,266.67,0.0
r0118_c0414,0.0,0.0
r0118_c0415,0.0,0.0
r0118_c0416,0.0,0.0
r0118_c0417,88.89,0.0
r0118_c0418,1644.44,0.0541
r0118_c0419,755.56,0.0
r0118_c0421,133.33,0.0
r0118_c0422,355.56,0.0
r0118_c0423,577.78,0.0
r0118_c0424,755.56,0.0588
r0118_c0425,444.44,0.2
r0118_c0426,88.89,0.5
r0118_c0427,577.78,0.0
r0118_c0428,488.89,0.0909
r0118_c0429,400.0,0.3333
r0118_c0430,400.0,0.3333
r0118_c0431,488.89,0.3636
r0118_c0432,444.44,0.3
r0118_c0434,222.22,0.4
r0118_c0435,0.0,0.0
r0118_c0436,0.0,0.0
r0118_c0438,444.44,0.1
r0118_c0440,577.78,0.5385
r0118_c0441,0.0,0.0
r0118_c0442,533.33,0.5
r0118_c0443,177.78,0.0
r0118_c0444,44.44,0.0
r0118_c0445,44.44,0.0
r0118_c0446,400.0,0.3333
r0118_c0448,2444.44,0.5636
r0118_c0449,1111.11,0.64
r0118_c0450,577.78,0.5385
r0118_c0451,222.22,0.0
r0118_c0452,444.44,0.2
r0118_c0453,222.22,0.0
r0118_c0456,3822.22,0.0116
r0119_c0408,177.78,0.0
r0119_c0409,444.44,0.0
r0119_c0412,88.89,0.0
r0119_c0415,88.89,0.0
r0119_c0416,88.89,0.0
r0119_c0417,444.44,0.0
r0119_c0419,1733.33,0.0
r0119_c0421,400.0,0.0
r0119_c0423,355.56,0.0
r0119_c0424,1111.11,0.0
r0119_c0425,222.22,0.0
r0119_c0426,44.44,0.0
r0119_c0428,1022.22,0.3478
r0119_c0429,1466.67,0.2727
r0119_c0430,1733.33,0.2308
r0119_c0431,2044.44,0.5
r0119_c0432,622.22,0.2857
r0119_c0433,755.56,0.1176
r0119_c0434,222.22,0.2
r0119_c0435,311.11,0.1429
r0119_c0436,400.0,0.1111
r0119_c0437,533.33,0.1667
r0119_c0440,0.0,0.0
r0119_c0441,88.89,0.0
r0119_c0442,44.44,0.0
r0119_c0443,88.89,0.0
r0119_c0444,133.33,0.0
r0119_c0447,3422.22,0.2468
r0119_c0448,1422.22,0.4062
r0119_c0450,88.89,0.0
r0119_c0451,44.44,0.0
r0119_c0452,177.78,0.5
r0119_c0453,266.67,0.0
r0120_c0409,311.11,0.0
r0120_c0411,0.0,0.0
r0120_c0412,88.89,0.0
r0120_c0416,1422.22,0.0
r0120_c0419,3377.78,0.0395
r0120_c0421,1511.11,0.0
r0120_c0422,222.22,0.0
r0120_c0423,177.78,0.0
r0120_c0425,1022.22,0.0
r0120_c0426,0.0,0.0
r0120_c0427,0.0,0.0
r0120_c0428,0.0,0.0
r0120_c0429,0.0,0.0
r0120_c0430,0.0,0.0
r0120_c0431,0.0,0.0
r0120_c0432,577.78,0.0
r0120_c0434,1066.67,0.0
r0120_c0437,266.67,0.1667
r0120_c0439,1022.22,0.3043
r0120_c0440,488.89,0.0
r0120_c0441,888.89,0.0
r0120_c0442,622.22,0.0
r0120_c0443,622.22,0.0
r0120_c0444,44.44,0.0
r0120_c0445,311.11,0.1429
r0120_c0446,1066.67,0.2917
r0120_c0447,800.0,0.1111
r0120_c0448,266.67,0.0
r0120_c0449,622.22,0.0714
r0120_c0450,533.33,0.0
r0120_c0451,533.33,0.0
r0120_c0452,711.11,0.0625
r0120_c0454,622.22,0.1429
r0121_c0408,1022.22,0.0
r0121_c0411,88.89,0.0
r0121_c0415,133.33,0.0
r0121_c0416,88.89,0.0
r0121_c0417,488.89,0.0
r0121_c0426,177.78,0.0
r0121_c0427,0.0,0.0
r0121_c0428,311.11,0.0
r0121_c0429,0.0,0.0
r0121_c0430,0.0,0.0
r0121_c0431,44.44,0.0
r0121_c0432,44.44,0.0
r0121_c0437,0.0,0.0
r0121_c0439,622.22,0.0
r0121_c0442,755.56,0.0
r0121_c0443,88.89,0.0
r0121_c0444,222.22,0.4
r0121_c0445,400.0,0.1111
r0121_c0446,622.22,0.0
r0121_c0447,133.33,0.0
r0121_c0448,0.0,0.0
r0121_c0450,755.56,0.0
r0121_c0451,400.0,0.2222
r0122_c0413,1511.11,0.0
r0122_c0414,400.0,0.0
r0122_c0415,88.89,0.0
r0122_c0416,0.0,0.0
r0122_c0417,577.78,0.0
r0122_c0426,622.22,0.0
r0122_c0427,0.0,0.0
r0122_c0428,0.0,0.0
r0122_c0429,0.0,0.0
r0122_c0430,0.0,0.0
r0122_c0431,0.0,0.0
r0122_c0432,0.0,0.0
r0122_c0434,888.89,0.15
r0122_c0435,622.22,0.0
r0122_c0436,1644.44,0.0
r0122_c0439,533.33,0.0
r0122_c0442,933.33,0.0
r0122_c0443,266.67,0.0
r0122_c0444,222.22,0.6
r0122_c0445,266.67,0.6667
r0122_c0446,444.44,0.1
r0122_c0447,266.67,0.1667
r0122_c0448,88.89,0.0
r0122_c0449,88.89,0.0
r0122_c0450,133.33,0.0
r0122_c0451,1600.0,0.0
r0123_c0408,400.0,0.0
r0123_c0409,177.78,0.0
r0123_c0410,44.44,0.0
r0123_c0411,266.67,0.0
r0123_c0413,2133.33,0.0
r0123_c0422,1555.56,0.0
r0123_c0423,666.67,0.0
r0123_c0424,1644.44,0.0541
r0123_c0427,1644.44,0.0
r0123_c0428,3866.67,0.0345
r0123_c0429,5288.89,0.0
r0123_c0430,5733.33,0.0
r0123_c0431,5022.22,0.0
r0123_c0432,3200.0,0.0
r0123_c0435,444.44,0.0
r0123_c0436,622.22,0.0714
r0123_c0438,977.78,0.0
r0123_c0439,2000.0,0.1333
r0123_c0440,2133.33,0.1458
r0123_c0441,1377.78,0.0968
r0123_c0442,533.33,0.1667
r0123_c0444,711.11,0.1875
r0123_c0445,977.78,0.3182
r0123_c0446,266.67,0.1667
r0123_c0447,177.78,0.5
r0123_c0448,0.0,0.0
r0123_c0449,622.22,0.0
r0123_c0450,1244.44,0.0714
r0124_c0408,3777.78,0.0118
r0124_c0410,1288.89,0.0
r0124_c0434,888.89,0.2
r0124_c0435,577.78,0.0
r0124_c0440,2266.67,0.0
r0124_c0441,1422.22,0.2188
r0124_c0442,1111.11,0.28
r0124_c0443,1244.44,0.2143
r0124_c0444,1066.67,0.1667
r0124_c0446,444.44,0.1
r0124_c0448,888.89,0.0
r0124_c0475,44.44,0.0
r0125_c0411,1644.44,0.027
r0125_c0442,711.11,0.125
r0125_c0444,2133.33,0.2292
r0125_c0445,2355.56,0.1132
r0125_c0447,5466.67,0.122
r0125_c0474,0.0,0.0
r0125_c0475,133.33,0.0
r0126_c0443,355.56,0.0
r0126_c0447,4977.78,0.1071
r0126_c0472,888.89,0.0
r0126_c0474,400.0,0.0
r0126_c0475,622.22,0.0
r0127_c0447,3111.11,0.1286
r0127_c0472,933.33,0.0
r0127_c0473,44.44,0.0
r0127_c0475,444.44,0.0
r0128_c0475,1288.89,0.0
r0130_c0377,88.89,0.0
r0132_c0471,1955.56,0.0455
r0133_c0471,266.67,0.1667
r0133_c0472,44.44,0.0
r0133_c0473,222.22,0.0
r0134_c0471,400.0,0.0
r0134_c0472,0.0,0.0
r0134_c0473,0.0,0.0
r0134_c0474,0.0,0.0
r0134_c0475,0.0,0.0
r0135_c0474,0.0,0.0
r0136_c0468,1288.89,0.069
r0136_c0470,266.67,0.0
r0136_c0471,88.89,0.0
r0136_c0474,44.44,0.0
r0137_c0466,0.0,0.0
r0137_c0467,222.22,0.0
r0137_c0470,177.78,0.0
r0137_c0471,0.0,0.0
r0137_c0472,88.89,0.0
r0137_c0473,88.89,0.0
r0138_c0440,844.44,0.0
r0138_c0466,0.0,0.0
r0138_c0467,44.44,0.0
r0138_c0468,0.0,0.0
r0139_c0438,88.89,0.0
r0139_c0439,88.89,0.0
r0139_c0440,311.11,0.0
r0139_c0466,88.89,0.0
r0139_c0467,0.0,0.0
r0139_c0468,133.33,0.3333
r0139_c0471,311.11,0.0
r0139_c0472,88.89,0.0
r0140_c0466,88.89,0.0
r0140_c0467,88.89,0.0
r0140_c0468,88.89,0.0
r0140_c0469,133.33,0.0
r0140_c0471,44.44,0.0
r0140_c0472,0.0,0.0
r0141_c0466,0.0,0.0
r0141_c0467,0.0,0.0
r0141_c0468,88.89,0.0
r0141_c0469,0.0,0.0
r0141_c0470,0.0,0.0
r0142_c0468,44.44,0.0
r0142_c0469,0.0,0.0
r0142_c0470,0.0,0.0
r0165_c0441,488.89,0.0
