cell_id,transit_stop_density
r0016_c0055,0.0
r0016_c0056,0.0
r0016_c0061,0.0
r0016_c0062,0.0
r0017_c0054,0.0
r0017_c0056,0.0
r0017_c0059,0.0
r0017_c0062,0.0
r0018_c0054,0.0
r0018_c0055,0.0
r0018_c0056,0.0
r0018_c0057,0.0
r0018_c0058,0.0
r0018_c0062,44.44
r0019_c0054,0.0
r0019_c0055,0.0
r0019_c0056,0.0
r0019_c0057,0.0
r0019_c0058,88.89
r0019_c0060,88.89
r0019_c0062,0.0
r0019_c0063,0.0
r0020_c0054,0.0
r0020_c0055,0.0
r0020_c0056,0.0
r0020_c0057,0.0
r0020_c0058,0.0
r0020_c0059,0.0
r0020_c0060,0.0
r0020_c0061,0.0
r0020_c0062,0.0
r0021_c0055,0.0
r0021_c0056,0.0
r0021_c0057,0.0
r0021_c0058,44.44
r0021_c0059,0.0
r0021_c0061,0.0
r0021_c0064,44.44
r0021_c0065,0.0
r0022_c0054,0.0
r0022_c0055,0.0
r0022_c0056,0.0
r0022_c0057,0.0
r0022_c0058,0.0
r0022_c0060,88.89
r0022_c0061,0.0
r0022_c0063,88.89
r0022_c0064,44.44
r0022_c0065,44.44
r0022_c0066,177.78
r0023_c0046,222.22
r0023_c0054,0.0
r0023_c0055,0.0
r0023_c0056,0.0
r0023_c0057,0.0
r0023_c0058,0.0
r0023_c0059,0.0
r0023_c0064,0.0
r0023_c0065,0.0
r0023_c0066,44.44
r0024_c0054,0.0
r0024_c0055,0.0
r0024_c0056,0.0
r0024_c0057,0.0
r0024_c0058,0.0
r0024_c0059,88.89
r0024_c0063,88.89
r0024_c0064,0.0
r0024_c0065,0.0
r0024_c0066,0.0
r0024_c0068,44.44
r0024_c0069,311.11
r0024_c0070,311.11
r0025_c0054,0.0
r0025_c0055,0.0
r0025_c0056,0.0
r0025_c0057,0.0
r0025_c0058,0.0
r0025_c0059,0.0
r0025_c0062,88.89
r0025_c0063,0.0
r0025_c0064,0.0
r0025_c0065,88.89
r0025_c0066,88.89
r0025_c0068,44.44
r0025_c0069,44.44
r0025_c0070,0.0
r0025_c0071,133.33
r0026_c0054,0.0
r0026_c0055,0.0
r0026_c0056,0.0
r0026_c0057,0.0
r0026_c0058,0.0
r0026_c0059,0.0
r0026_c0062,44.44
r0026_c0063,0.0
r0026_c0064,0.0
r0026_c0065,0.0
r0026_c0066,0.0
r0026_c0067,0.0
r0026_c0068,0.0
r0026_c0069,44.44
r0026_c0070,0.0
r0026_c0071,44.44
r0026_c0072,44.44
r0027_c0054,0.0
r0027_c0055,0.0
r0027_c0056,0.0
r0027_c0057,0.0
r0027_c0058,0.0
r0027_c0059,44.44
r0027_c0062,88.89
r0027_c0063,0.0
r0027_c0064,0.0
r0027_c0065,88.89
r0027_c0066,0.0
r0027_c0067,0.0
r0027_c0068,0.0
r0027_c0069,0.0
r0027_c0070,0.0
r0027_c0071,0.0
r0027_c0073,177.78
r0028_c0054,0.0
r0028_c0055,0.0
r0028_c0056,0.0
r0028_c0057,0.0
r0028_c0058,0.0
r0028_c0059,44.44
r0028_c0062,177.78
r0028_c0063,0.0
r0028_c0064,0.0
r0028_c0065,0.0
r0028_c0066,0.0
r0028_c0067,0.0
r0028_c0068,0.0
r0028_c0069,88.89
r0028_c0070,0.0
r0028_c0071,0.0
r0028_c0072,88.89
r0028_c0073,0.0
r0028_c0074,222.22
r0029_c0054,0.0
r0029_c0055,0.0
r0029_c0056,0.0
r0029_c0057,0.0
r0029_c0058,0.0
r0029_c0059,0.0
r0029_c0062,0.0
r0029_c0063,0.0
r0029_c0064,0.0
r0029_c0065,88.89
r0029_c0066,0.0
r0029_c0067,0.0
r0029_c0068,0.0
r0029_c0069,88.89
r0029_c0070,0.0
r0029_c0071,0.0
r0029_c0072,0.0
r0029_c0073,88.89
r0029_c0074,0.0
r0029_c0075,133.33
r0030_c0055,0.0
r0030_c0056,0.0
r0030_c0057,0.0
r0030_c0058,0.0
r0030_c0059,0.0
r0030_c0060,0.0
r0030_c0062,0.0
r0030_c0063,0.0
r0030_c0064,44.44
r0030_c0065,88.89
r0030_c0066,44.44
r0030_c0067,0.0
r0030_c0068,0.0
r0030_c0070,88.89
r0030_c0071,0.0
r0030_c0072,88.89
r0030_c0073,0.0
r0030_c0074,88.89
r0030_c0075,0.0
r0030_c0076,222.22
r0031_c0055,0.0
r0031_c0056,0.0
r0031_c0057,0.0
r0031_c0058,0.0
r0031_c0059,0.0
r0031_c0060,0.0
r0031_c0061,0.0
r0031_c0063,0.0
r0031_c0064,0.0
r0031_c0065,44.44
r0031_c0066,88.89
r0031_c0067,0.0
r0031_c0069,88.89
r0031_c0070,88.89
r0031_c0073,88.89
r0031_c0075,222.22
r0031_c0076,0.0
r0032_c0056,0.0
r0032_c0057,0.0
r0032_c0058,0.0
r0032_c0059,0.0
r0032_c0060,0.0
r0032_c0061,0.0
r0032_c0062,0.0
r0032_c0063,0.0
r0032_c0064,0.0
r0032_c0065,44.44
r0032_c0066,0.0
r0032_c0067,88.89
r0032_c0068,0.0
r0032_c0070,0.0
r0032_c0072,133.33
r0032_c0073,0.0
r0032_c0074,44.44
r0032_c0075,44.44
r0032_c0077,88.89
r0033_c0056,0.0
r0033_c0057,0.0
r0033_c0058,0.0
r0033_c0059,0.0
r0033_c0060,0.0
r0033_c0061,0.0
r0033_c0062,0.0
r0033_c0064,0.0
r0033_c0065,88.89
r0033_c0066,0.0
r0033_c0067,0.0
r0033_c0068,222.22
r0033_c0074,88.89
r0033_c0075,0.0
r0033_c0076,0.0
r0033_c0077,88.89
r0033_c0078,44.44
r0033_c0079,133.33
r0034_c0056,0.0
r0034_c0057,0.0
r0034_c0058,0.0
r0034_c0059,0.0
r0034_c0060,0.0
r0034_c0061,0.0
r0034_c0062,0.0
r0034_c0063,0.0
r0034_c0065,88.89
r0034_c0066,0.0
r0034_c0067,0.0
r0034_c0070,133.33
r0034_c0074,177.78
r0034_c0075,0.0
r0034_c0076,177.78
r0034_c0078,0.0
r0034_c0079,44.44
r0035_c0056,0.0
r0035_c0057,0.0
r0035_c0058,0.0
r0035_c0059,0.0
r0035_c0060,0.0
r0035_c0061,0.0
r0035_c0062,0.0
r0035_c0063,0.0
r0035_c0065,0.0
r0035_c0066,88.89
r0035_c0067,0.0
r0035_c0070,88.89
r0036_c0056,0.0
r0036_c0057,0.0
r0036_c0058,0.0
r0036_c0059,0.0
r0036_c0060,0.0
r0036_c0061,0.0
r0036_c0062,0.0
r0036_c0063,0.0
r0036_c0064,0.0
r0036_c0065,0.0
r0036_c0066,44.44
r0036_c0067,44.44
r0036_c0070,88.89
r0036_c0071,0.0
r0036_c0072,0.0
r0036_c0073,88.89
r0036_c0074,0.0
r0036_c0075,0.0
r0036_c0077,0.0
r0037_c0056,0.0
r0037_c0057,0.0
r0037_c0058,0.0
r0037_c0059,0.0
r0037_c0060,0.0
r0037_c0061,0.0
r0037_c0062,0.0
r0037_c0063,0.0
r0037_c0064,0.0
r0037_c0066,0.0
r0037_c0067,44.44
r0037_c0069,88.89
r0037_c0070,44.44
r0037_c0071,0.0
r0037_c0072,0.0
r0037_c0073,88.89
r0037_c0074,88.89
r0037_c0075,0.0
r0037_c0076,88.89
r0037_c0077,0.0
r0037_c0082,577.78
r0038_c0057,0.0
r0038_c0058,0.0
r0038_c0059,0.0
r0038_c0060,0.0
r0038_c0061,0.0
r0038_c0062,0.0
r0038_c0063,0.0
r0038_c0064,0.0
r0038_c0066,0.0
r0038_c0067,0.0
r0038_c0068,88.89
r0038_c0069,133.33
r0038_c0070,44.44
r0038_c0071,0.0
r0038_c0072,0.0
r0038_c0073,88.89
r0038_c0074,0.0
r0038_c0075,0.0
r0038_c0076,44.44
r0038_c0077,88.89
r0038_c0078,0.0
r0038_c0079,88.89
r0038_c0080,0.0
r0039_c0057,0.0
r0039_c0058,0.0
r0039_c0059,0.0
r0039_c0060,0.0
r0039_c0061,0.0
r0039_c0062,0.0
r0039_c0063,0.0
r0039_c0064,0.0
r0039_c0067,0.0
r0039_c0068,0.0
r0039_c0069,0.0
r0039_c0070,222.22
r0039_c0071,88.89
r0039_c0072,88.89
r0039_c0073,133.33
r0039_c0075,44.44
r0039_c0076,0.0
r0039_c0077,0.0
r0039_c0078,0.0
r0039_c0079,88.89
r0039_c0082,88.89
r0039_c0083,88.89
r0039_c0084,133.33
r0039_c0085,44.44
r0040_c0057,0.0
r0040_c0058,0.0
r0040_c0059,0.0
r0040_c0060,0.0
r0040_c0061,0.0
r0040_c0062,0.0
r0040_c0063,0.0
r0040_c0064,133.33
r0040_c0067,88.89
r0040_c0068,0.0
r0040_c0069,44.44
r0040_c0070,88.89
r0040_c0071,177.78
r0040_c0073,0.0
r0040_c0074,88.89
r0040_c0075,44.44
r0040_c0077,444.44
r0040_c0080,0.0
r0040_c0082,0.0
r0040_c0083,0.0
r0040_c0084,0.0
r0040_c0085,88.89
r0041_c0057,0.0
r0041_c0058,0.0
r0041_c0059,0.0
r0041_c0060,0.0
r0041_c0061,0.0
r0041_c0062,0.0
r0041_c0063,0.0
r0041_c0064,0.0
r0041_c0066,0.0
r0041_c0068,44.44
r0041_c0069,0.0
r0041_c0070,0.0
r0041_c0072,88.89
r0041_c0073,44.44
r0041_c0074,0.0
r0041_c0075,0.0
r0041_c0076,88.89
r0041_c0077,0.0
r0041_c0078,88.89
r0041_c0080,177.78
r0041_c0082,44.44
r0041_c0083,0.0
r0041_c0084,0.0
r0041_c0085,0.0
r0041_c0086,0.0
r0041_c0087,44.44
r0042_c0058,0.0
r0042_c0059,0.0
r0042_c0060,0.0
r0042_c0061,0.0
r0042_c0062,0.0
r0042_c0063,0.0
r0042_c0064,0.0
r0042_c0066,44.44
r0042_c0067,44.44
r0042_c0068,44.44
r0042_c0069,44.44
r0042_c0070,0.0
r0042_c0071,44.44
r0042_c0072,44.44
r0042_c0073,0.0
r0042_c0074,0.0
r0042_c0075,0.0
r0042_c0076,0.0
r0042_c0077,0.0
r0042_c0078,0.0
r0042_c0079,0.0
r0042_c0080,44.44
r0042_c0081,88.89
r0042_c0082,44.44
r0042_c0083,0.0
r0042_c0084,0.0
r0042_c0085,133.33
r0042_c0087,88.89
r0042_c0088,0.0
r0043_c0058,0.0
r0043_c0059,0.0
r0043_c0060,0.0
r0043_c0061,0.0
r0043_c0062,0.0
r0043_c0063,0.0
r0043_c0064,0.0
r0043_c0066,0.0
r0043_c0067,44.44
r0043_c0069,0.0
r0043_c0070,0.0
r0043_c0071,0.0
r0043_c0072,133.33
r0043_c0073,0.0
r0043_c0074,0.0
r0043_c0075,0.0
r0043_c0076,0.0
r0043_c0077,0.0
r0043_c0078,0.0
r0043_c0079,0.0
r0043_c0080,44.44
r0043_c0081,0.0
r0043_c0082,44.44
r0043_c0083,0.0
r0043_c0084,0.0
r0043_c0085,0.0
r0044_c0059,0.0
r0044_c0060,0.0
r0044_c0061,0.0
r0044_c0062,0.0
r0044_c0063,0.0
r0044_c0066,0.0
r0044_c0068,0.0
r0044_c0069,0.0
r0044_c0070,0.0
r0044_c0071,0.0
r0044_c0072,0.0
r0044_c0073,0.0
r0044_c0074,0.0
r0044_c0075,0.0
r0044_c0076,0.0
r0044_c0078,44.44
r0044_c0080,133.33
r0044_c0081,0.0
r0044_c0082,0.0
r0044_c0083,44.44
r0044_c0084,44.44
r0044_c0085,88.89
r0044_c0087,0.0
r0044_c0088,0.0
r0044_c0089,0.0
r0044_c0090,133.33
r0045_c0059,0.0
r0045_c0063,0.0
r0045_c0064,0.0
r0045_c0067,0.0
r0045_c0068,0.0
r0045_c0069,0.0
r0045_c0070,0.0
r0045_c0071,0.0
r0045_c0072,0.0
r0045_c0073,0.0
r0045_c0074,0.0
r0045_c0075,0.0
r0045_c0077,0.0
r0045_c0078,88.89
r0045_c0079,133.33
r0045_c0080,133.33
r0045_c0081,0.0
r0045_c0082,0.0
r0045_c0083,0.0
r0045_c0084,44.44
r0045_c0085,88.89
r0045_c0086,44.44
r0045_c0087,0.0
r0045_c0089,44.44
r0045_c0090,44.44
r0046_c0061,0.0
r0046_c0062,0.0
r0046_c0065,0.0
r0046_c0066,222.22
r0046_c0067,0.0
r0046_c0068,0.0
r0046_c0069,0.0
r0046_c0070,0.0
r0046_c0071,88.89
r0046_c0073,0.0
r0046_c0074,0.0
r0046_c0077,0.0
r0046_c0078,44.44
r0046_c0080,0.0
r0046_c0081,0.0
r0046_c0084,0.0
r0046_c0085,88.89
r0046_c0086,133.33
r0046_c0088,0.0
r0046_c0089,0.0
r0046_c0090,44.44
r0046_c0091,0.0
r0046_c0092,311.11
r0047_c0063,0.0
r0047_c0064,0.0
r0047_c0065,0.0
r0047_c0067,0.0
r0047_c0068,0.0
r0047_c0069,0.0
r0047_c0070,0.0
r0047_c0071,44.44
r0047_c0075,0.0
r0047_c0077,0.0
r0047_c0078,0.0
r0047_c0079,44.44
r0047_c0080,0.0
r0047_c0081,0.0
r0047_c0082,0.0
r0047_c0084,0.0
r0047_c0085,44.44
r0047_c0086,0.0
r0047_c0087,88.89
r0047_c0088,0.0
r0047_c0089,88.89
r0047_c0090,0.0
r0047_c0091,0.0
r0047_c0092,0.0
r0047_c0093,133.33
r0048_c0060,0.0
r0048_c0061,0.0
r0048_c0063,0.0
r0048_c0064,0.0
r0048_c0067,0.0
r0048_c0068,0.0
r0048_c0069,0.0
r0048_c0070,0.0
r0048_c0071,44.44
r0048_c0072,0.0
r0048_c0073,177.78
r0048_c0075,177.78
r0048_c0077,88.89
r0048_c0078,0.0
r0048_c0079,0.0
r0048_c0080,0.0
r0048_c0081,0.0
r0048_c0082,0.0
r0048_c0083,44.44
r0048_c0084,0.0
r0048_c0085,88.89
r0048_c0086,44.44
r0048_c0087,88.89
r0048_c0088,88.89
r0048_c0089,44.44
r0048_c0090,0.0
r0048_c0091,0.0
r0048_c0092,0.0
r0048_c0093,0.0
r0048_c0094,88.89
r0049_c0061,0.0
r0049_c0062,0.0
r0049_c0067,88.89
r0049_c0068,0.0
r0049_c0069,0.0
r0049_c0070,0.0
r0049_c0072,88.89
r0049_c0073,44.44
r0049_c0074,0.0
r0049_c0077,44.44
r0049_c0078,0.0
r0049_c0080,88.89
r0049_c0081,88.89
r0049_c0082,88.89
r0049_c0084,44.44
r0049_c0085,133.33
r0049_c0086,44.44
r0049_c0090,88.89
r0049_c0091,0.0
r0049_c0092,88.89
r0049_c0093,0.0
r0049_c0094,0.0
r0049_c0095,88.89
r0050_c0061,0.0
r0050_c0065,0.0
r0050_c0068,0.0
r0050_c0069,0.0
r0050_c0070,0.0
r0050_c0072,88.89
r0050_c0073,133.33
r0050_c0074,88.89
r0050_c0076,44.44
r0050_c0077,44.44
r0050_c0078,88.89
r0050_c0087,0.0
r0050_c0088,88.89
r0050_c0089,0.0
r0050_c0090,0.0
r0050_c0091,0.0
r0050_c0092,88.89
r0050_c0093,0.0
r0050_c0094,0.0
r0050_c0095,0.0
r0050_c0096,88.89
r0051_c0063,0.0
r0051_c0064,0.0
r0051_c0065,0.0
r0051_c0068,0.0
r0051_c0069,0.0
r0051_c0070,0.0
r0051_c0071,0.0
r0051_c0072,44.44
r0051_c0073,0.0
r0051_c0074,0.0
r0051_c0075,0.0
r0051_c0076,88.89
r0051_c0077,0.0
r0051_c0078,0.0
r0051_c0082,0.0
r0051_c0084,0.0
r0051_c0085,0.0
r0051_c0086,0.0
r0051_c0087,44.44
r0051_c0088,133.33
r0051_c0089,177.78
r0051_c0091,0.0
r0051_c0092,44.44
r0051_c0093,44.44
r0051_c0094,0.0
r0051_c0095,0.0
r0051_c0096,0.0
r0051_c0097,88.89
r0052_c0059,0.0
r0052_c0064,0.0
r0052_c0067,88.89
r0052_c0069,0.0
r0052_c0070,88.89
r0052_c0071,488.89
r0052_c0073,88.89
r0052_c0074,0.0
r0052_c0075,44.44
r0052_c0076,44.44
r0052_c0077,0.0
r0052_c0078,0.0
r0052_c0079,0.0
r0052_c0080,0.0
r0052_c0081,0.0
r0052_c0082,0.0
r0052_c0084,0.0
r0052_c0085,0.0
r0052_c0086,0.0
r0052_c0088,0.0
r0052_c0091,44.44
r0052_c0092,44.44
r0052_c0093,88.89
r0052_c0094,0.0
r0052_c0095,0.0
r0052_c0096,0.0
r0052_c0097,0.0
r0052_c0098,177.78
r0053_c0046,0.0
r0053_c0055,0.0
r0053_c0059,0.0
r0053_c0060,0.0
r0053_c0067,0.0
r0053_c0073,311.11
r0053_c0074,133.33
r0053_c0075,44.44
r0053_c0076,0.0
r0053_c0077,0.0
r0053_c0078,0.0
r0053_c0079,44.44
r0053_c0080,0.0
r0053_c0081,0.0
r0053_c0084,0.0
r0053_c0085,88.89
r0053_c0086,44.44
r0053_c0087,88.89
r0053_c0088,0.0
r0053_c0089,0.0
r0053_c0090,0.0
r0053_c0091,0.0
r0053_c0092,0.0
r0053_c0093,88.89
r0053_c0094,88.89
r0053_c0095,0.0
r0053_c0096,0.0
r0053_c0097,88.89
r0053_c0099,88.89
r0054_c0056,0.0
r0054_c0059,0.0
r0054_c0060,0.0
r0054_c0061,0.0
r0054_c0069,0.0
r0054_c0073,44.44
r0054_c0074,0.0
r0054_c0075,177.78
r0054_c0076,0.0
r0054_c0077,0.0
r0054_c0078,44.44
r0054_c0080,0.0
r0054_c0082,0.0
r0054_c0083,44.44
r0054_c0084,44.44
r0054_c0085,0.0
r0054_c0086,0.0
r0054_c0087,0.0
r0054_c0088,0.0
r0054_c0089,0.0
r0054_c0090,0.0
r0054_c0091,0.0
r0054_c0092,0.0
r0054_c0093,0.0
r0054_c0094,0.0
r0054_c0095,0.0
r0054_c0096,44.44
r0054_c0099,88.89
r0055_c0055,0.0
r0055_c0059,0.0
r0055_c0060,0.0
r0055_c0061,0.0
r0055_c0062,44.44
r0055_c0067,0.0
r0055_c0069,0.0
r0055_c0070,0.0
r0055_c0074,0.0
r0055_c0076,44.44
r0055_c0077,0.0
r0055_c0078,0.0
r0055_c0079,133.33
r0055_c0080,0.0
r0055_c0082,44.44
r0055_c0083,88.89
r0055_c0084,0.0
r0055_c0086,88.89
r0055_c0087,0.0
r0055_c0088,0.0
r0055_c0089,0.0
r0055_c0090,0.0
r0055_c0091,0.0
r0055_c0092,44.44
r0055_c0093,44.44
r0055_c0094,0.0
r0055_c0096,177.78
r0055_c0098,133.33
r0055_c0099,0.0
r0055_c0100,88.89
r0055_c0101,88.89
r0056_c0059,0.0
r0056_c0060,0.0
r0056_c0061,0.0
r0056_c0062,0.0
r0056_c0072,0.0
r0056_c0074,0.0
r0056_c0076,133.33
r0056_c0077,44.44
r0056_c0078,88.89
r0056_c0080,88.89
r0056_c0081,44.44
r0056_c0082,0.0
r0056_c0083,0.0
r0056_c0084,0.0
r0056_c0085,0.0
r0056_c0091,0.0
r0056_c0093,44.44
r0056_c0096,0.0
r0056_c0099,44.44
r0056_c0100,0.0
r0056_c0101,0.0
r0056_c0102,44.44
r0057_c0055,0.0
r0057_c0059,0.0
r0057_c0060,0.0
r0057_c0061,44.44
r0057_c0062,0.0
r0057_c0064,44.44
r0057_c0074,0.0
r0057_c0077,0.0
r0057_c0078,0.0
r0057_c0079,0.0
r0057_c0080,133.33
r0057_c0081,0.0
r0057_c0082,0.0
r0057_c0083,0.0
r0057_c0084,0.0
r0057_c0085,0.0
r0057_c0086,88.89
r0057_c0087,0.0
r0057_c0088,0.0
r0057_c0089,0.0
r0057_c0090,0.0
r0057_c0091,0.0
r0057_c0094,133.33
r0057_c0095,0.0
r0057_c0096,0.0
r0057_c0099,0.0
r0057_c0100,0.0
r0057_c0101,0.0
r0057_c0102,44.44
r0058_c0054,0.0
r0058_c0055,0.0
r0058_c0059,0.0
r0058_c0060,0.0
r0058_c0061,44.44
r0058_c0063,0.0
r0058_c0077,0.0
r0058_c0078,0.0
r0058_c0079,0.0
r0058_c0080,0.0
r0058_c0081,88.89
r0058_c0082,44.44
r0058_c0083,0.0
r0058_c0084,0.0
r0058_c0085,0.0
r0058_c0086,44.44
r0058_c0087,44.44
r0058_c0088,0.0
r0058_c0089,0.0
r0058_c0090,0.0
r0058_c0091,0.0
r0058_c0092,222.22
r0058_c0093,44.44
r0058_c0094,0.0
r0058_c0095,0.0
r0058_c0096,0.0
r0058_c0097,0.0
r0058_c0099,44.44
r0058_c0100,0.0
r0058_c0101,0.0
r0058_c0102,0.0
r0058_c0103,0.0
r0058_c0104,88.89
r0059_c0059,0.0
r0059_c0060,0.0
r0059_c0061,0.0
r0059_c0062,0.0
r0059_c0063,0.0
r0059_c0065,0.0
r0059_c0080,0.0
r0059_c0081,0.0
r0059_c0082,44.44
r0059_c0083,0.0
r0059_c0084,44.44
r0059_c0085,0.0
r0059_c0086,44.44
r0059_c0087,44.44
r0059_c0088,0.0
r0059_c0089,44.44
r0059_c0091,0.0
r0059_c0092,0.0
r0059_c0094,0.0
r0059_c0095,0.0
r0059_c0096,0.0
r0059_c0097,0.0
r0059_c0098,0.0
r0059_c0100,0.0
r0059_c0101,44.44
r0059_c0102,88.89
r0059_c0103,0.0
r0059_c0104,0.0
r0059_c0105,0.0
r0060_c0053,0.0
r0060_c0054,0.0
r0060_c0059,0.0
r0060_c0060,44.44
r0060_c0061,44.44
r0060_c0062,44.44
r0060_c0063,0.0
r0060_c0066,0.0
r0060_c0074,0.0
r0060_c0080,0.0
r0060_c0081,0.0
r0060_c0082,0.0
r0060_c0083,0.0
r0060_c0084,44.44
r0060_c0085,88.89
r0060_c0086,44.44
r0060_c0087,44.44
r0060_c0088,88.89
r0060_c0089,0.0
r0060_c0090,44.44
r0060_c0091,0.0
r0060_c0092,44.44
r0060_c0093,0.0
r0060_c0094,0.0
r0060_c0095,0.0
r0060_c0096,0.0
r0060_c0097,0.0
r0060_c0098,0.0
r0060_c0099,0.0
r0060_c0100,0.0
r0060_c0104,88.89
r0060_c0105,0.0
r0060_c0106,88.89
r0061_c0052,0.0
r0061_c0053,0.0
r0061_c0054,0.0
r0061_c0059,0.0
r0061_c0060,44.44
r0061_c0062,44.44
r0061_c0063,88.89
r0061_c0066,0.0
r0061_c0067,0.0
r0061_c0068,0.0
r0061_c0069,0.0
r0061_c0071,0.0
r0061_c0072,0.0
r0061_c0073,0.0
r0061_c0074,88.89
r0061_c0076,0.0
r0061_c0081,0.0
r0061_c0082,0.0
r0061_c0083,0.0
r0061_c0084,0.0
r0061_c0088,0.0
r0061_c0089,0.0
r0061_c0090,0.0
r0061_c0091,0.0
r0061_c0092,0.0
r0061_c0093,0.0
r0061_c0097,0.0
r0061_c0098,0.0
r0061_c0105,0.0
r0061_c0106,88.89
r0062_c0041,0.0
r0062_c0051,0.0
r0062_c0052,0.0
r0062_c0053,0.0
r0062_c0058,0.0
r0062_c0059,266.67
r0062_c0060,0.0
r0062_c0062,44.44
r0062_c0063,0.0
r0062_c0065,0.0
r0062_c0066,0.0
r0062_c0067,0.0
r0062_c0068,0.0
r0062_c0069,0.0
r0062_c0071,0.0
r0062_c0072,0.0
r0062_c0073,0.0
r0062_c0074,0.0
r0062_c0075,0.0
r0062_c0077,0.0
r0062_c0082,0.0
r0062_c0087,177.78
r0062_c0088,88.89
r0062_c0089,0.0
r0062_c0090,0.0
r0062_c0091,0.0
r0062_c0092,0.0
r0062_c0093,0.0
r0062_c0094,0.0
r0062_c0095,0.0
r0062_c0096,0.0
r0062_c0097,0.0
r0062_c0105,0.0
r0062_c0106,88.89
r0063_c0052,0.0
r0063_c0053,0.0
r0063_c0061,44.44
r0063_c0062,88.89
r0063_c0063,88.89
r0063_c0065,133.33
r0063_c0066,177.78
r0063_c0067,133.33
r0063_c0068,0.0
r0063_c0069,88.89
r0063_c0071,88.89
r0063_c0074,88.89
r0063_c0077,0.0
r0063_c0079,0.0
r0063_c0087,0.0
r0063_c0088,0.0
r0063_c0089,133.33
r0063_c0090,44.44
r0063_c0091,44.44
r0063_c0092,0.0
r0063_c0093,0.0
r0063_c0094,0.0
r0063_c0098,0.0
r0063_c0104,0.0
r0063_c0105,0.0
r0063_c0106,0.0
r0063_c0107,0.0
r0063_c0108,133.33
r0063_c0109,266.67
r0064_c0051,0.0
r0064_c0056,133.33
r0064_c0057,0.0
r0064_c0058,311.11
r0064_c0061,0.0
r0064_c0065,0.0
r0064_c0066,44.44
r0064_c0067,0.0
r0064_c0068,0.0
r0064_c0069,0.0
r0064_c0070,0.0
r0064_c0071,0.0
r0064_c0073,177.78
r0064_c0077,0.0
r0064_c0078,0.0
r0064_c0079,0.0
r0064_c0088,0.0
r0064_c0089,0.0
r0064_c0090,88.89
r0064_c0093,0.0
r0064_c0098,0.0
r0064_c0102,0.0
r0064_c0103,0.0
r0064_c0104,0.0
r0064_c0105,0.0
r0064_c0106,0.0
r0064_c0107,0.0
r0064_c0108,0.0
r0064_c0109,44.44
r0064_c0110,44.44
r0065_c0051,0.0
r0065_c0052,0.0
r0065_c0055,0.0
r0065_c0057,88.89
r0065_c0060,0.0
r0065_c0061,0.0
r0065_c0067,0.0
r0065_c0069,0.0
r0065_c0070,0.0
r0065_c0071,0.0
r0065_c0073,0.0
r0065_c0075,44.44
r0065_c0076,88.89
r0065_c0077,0.0
r0065_c0078,0.0
r0065_c0079,44.44
r0065_c0083,0.0
r0065_c0084,0.0
r0065_c0089,0.0
r0065_c0090,0.0
r0065_c0091,0.0
r0065_c0092,88.89
r0065_c0101,0.0
r0065_c0102,0.0
r0065_c0103,0.0
r0065_c0104,0.0
r0065_c0105,88.89
r0065_c0106,0.0
r0065_c0107,0.0
r0065_c0108,0.0
r0065_c0109,133.33
r0065_c0110,44.44
r0066_c0047,0.0
r0066_c0048,88.89
r0066_c0049,0.0
r0066_c0050,0.0
r0066_c0051,0.0
r0066_c0054,0.0
r0066_c0055,88.89
r0066_c0058,0.0
r0066_c0060,88.89
r0066_c0061,0.0
r0066_c0062,0.0
r0066_c0063,0.0
r0066_c0065,0.0
r0066_c0066,0.0
r0066_c0067,0.0
r0066_c0068,0.0
r0066_c0069,0.0
r0066_c0070,0.0
r0066_c0071,0.0
r0066_c0072,0.0
r0066_c0074,44.44
r0066_c0075,0.0
r0066_c0076,0.0
r0066_c0077,44.44
r0066_c0078,222.22
r0066_c0079,44.44
r0066_c0081,0.0
r0066_c0082,0.0
r0066_c0083,0.0
r0066_c0084,0.0
r0066_c0090,0.0
r0066_c0091,0.0
r0066_c0092,88.89
r0066_c0101,0.0
r0066_c0102,0.0
r0066_c0103,0.0
r0066_c0104,44.44
r0066_c0105,0.0
r0066_c0106,0.0
r0066_c0108,0.0
r0066_c0109,0.0
r0066_c0110,0.0
r0066_c0111,0.0
r0066_c0112,88.89
r0067_c0048,0.0
r0067_c0049,0.0
r0067_c0053,0.0
r0067_c0054,0.0
r0067_c0056,88.89
r0067_c0058,0.0
r0067_c0059,88.89
r0067_c0060,0.0
r0067_c0061,0.0
r0067_c0062,0.0
r0067_c0063,0.0
r0067_c0065,0.0
r0067_c0067,0.0
r0067_c0068,0.0
r0067_c0069,0.0
r0067_c0070,0.0
r0067_c0071,0.0
r0067_c0072,88.89
r0067_c0074,0.0
r0067_c0075,0.0
r0067_c0076,88.89
r0067_c0077,0.0
r0067_c0078,177.78
r0067_c0079,88.89
r0067_c0081,0.0
r0067_c0082,0.0
r0067_c0083,0.0
r0067_c0084,0.0
r0067_c0087,0.0
r0067_c0090,0.0
r0067_c0091,0.0
r0067_c0101,88.89
r0067_c0103,0.0
r0067_c0104,88.89
r0067_c0105,0.0
r0067_c0106,0.0
r0067_c0107,0.0
r0067_c0108,44.44
r0067_c0109,0.0
r0067_c0110,44.44
r0067_c0111,88.89
r0067_c0113,0.0
r0068_c0052,0.0
r0068_c0053,0.0
r0068_c0054,0.0
r0068_c0055,0.0
r0068_c0056,0.0
r0068_c0057,44.44
r0068_c0058,0.0
r0068_c0059,0.0
r0068_c0060,0.0
r0068_c0061,0.0
r0068_c0064,0.0
r0068_c0065,0.0
r0068_c0067,0.0
r0068_c0068,0.0
r0068_c0069,0.0
r0068_c0070,0.0
r0068_c0071,0.0
r0068_c0072,88.89
r0068_c0074,88.89
r0068_c0075,0.0
r0068_c0076,0.0
r0068_c0078,0.0
r0068_c0079,0.0
r0068_c0080,44.44
r0068_c0081,0.0
r0068_c0082,88.89
r0068_c0091,0.0
r0068_c0092,0.0
r0068_c0093,88.89
r0068_c0098,88.89
r0068_c0099,0.0
r0068_c0100,177.78
r0068_c0101,0.0
r0068_c0102,88.89
r0068_c0104,88.89
r0068_c0105,0.0
r0068_c0106,0.0
r0068_c0107,133.33
r0068_c0108,0.0
r0068_c0109,0.0
r0068_c0110,0.0
r0068_c0111,0.0
r0068_c0112,44.44
r0068_c0113,0.0
r0069_c0050,0.0
r0069_c0051,0.0
r0069_c0052,0.0
r0069_c0053,0.0
r0069_c0054,0.0
r0069_c0055,0.0
r0069_c0056,88.89
r0069_c0057,266.67
r0069_c0058,0.0
r0069_c0059,88.89
r0069_c0060,0.0
r0069_c0061,0.0
r0069_c0062,0.0
r0069_c0066,0.0
r0069_c0067,0.0
r0069_c0068,0.0
r0069_c0069,0.0
r0069_c0071,0.0
r0069_c0072,400.0
r0069_c0074,0.0
r0069_c0075,0.0
r0069_c0076,0.0
r0069_c0077,0.0
r0069_c0079,0.0
r0069_c0080,44.44
r0069_c0081,0.0
r0069_c0082,44.44
r0069_c0083,0.0
r0069_c0085,0.0
r0069_c0086,0.0
r0069_c0092,0.0
r0069_c0093,0.0
r0069_c0094,88.89
r0069_c0097,88.89
r0069_c0098,0.0
r0069_c0099,0.0
r0069_c0100,0.0
r0069_c0101,0.0
r0069_c0102,0.0
r0069_c0103,133.33
r0069_c0104,0.0
r0069_c0105,0.0
r0069_c0106,0.0
r0069_c0108,0.0
r0069_c0109,0.0
r0069_c0110,0.0
r0069_c0111,0.0
r0069_c0112,44.44
r0069_c0113,0.0
r0069_c0114,0.0
r0069_c0115,177.78
r0070_c0035,355.56
r0070_c0041,0.0
r0070_c0042,44.44
r0070_c0050,0.0
r0070_c0051,0.0
r0070_c0052,0.0
r0070_c0053,88.89
r0070_c0054,0.0
r0070_c0055,0.0
r0070_c0056,88.89
r0070_c0057,488.89
r0070_c0058,44.44
r0070_c0059,88.89
r0070_c0060,88.89
r0070_c0061,133.33
r0070_c0064,0.0
r0070_c0066,222.22
r0070_c0067,0.0
r0070_c0068,0.0
r0070_c0070,88.89
r0070_c0071,0.0
r0070_c0072,0.0
r0070_c0073,0.0
r0070_c0074,0.0
r0070_c0075,0.0
r0070_c0079,44.44
r0070_c0080,88.89
r0070_c0081,88.89
r0070_c0082,177.78
r0070_c0083,0.0
r0070_c0084,0.0
r0070_c0086,0.0
r0070_c0092,0.0
r0070_c0093,0.0
r0070_c0094,0.0
r0070_c0095,88.89
r0070_c0097,0.0
r0070_c0098,0.0
r0070_c0099,88.89
r0070_c0100,0.0
r0070_c0102,0.0
r0070_c0103,88.89
r0070_c0104,88.89
r0070_c0105,0.0
r0070_c0106,44.44
r0070_c0107,0.0
r0070_c0108,0.0
r0070_c0109,0.0
r0070_c0110,44.44
r0070_c0111,0.0
r0070_c0112,0.0
r0070_c0113,0.0
r0070_c0114,0.0
r0070_c0115,0.0
r0070_c0116,88.89
r0071_c0041,0.0
r0071_c0042,0.0
r0071_c0045,0.0
r0071_c0050,0.0
r0071_c0051,133.33
r0071_c0052,0.0
r0071_c0053,88.89
r0071_c0054,0.0
r0071_c0055,44.44
r0071_c0056,0.0
r0071_c0057,222.22
r0071_c0058,88.89
r0071_c0059,133.33
r0071_c0060,44.44
r0071_c0061,44.44
r0071_c0068,88.89
r0071_c0069,44.44
r0071_c0070,0.0
r0071_c0071,0.0
r0071_c0072,88.89
r0071_c0073,0.0
r0071_c0074,0.0
r0071_c0075,0.0
r0071_c0076,0.0
r0071_c0077,0.0
r0071_c0081,0.0
r0071_c0082,88.89
r0071_c0083,0.0
r0071_c0084,0.0
r0071_c0085,0.0
r0071_c0093,0.0
r0071_c0094,0.0
r0071_c0095,88.89
r0071_c0096,88.89
r0071_c0097,0.0
r0071_c0098,0.0
r0071_c0099,0.0
r0071_c0100,0.0
r0071_c0106,44.44
r0071_c0107,0.0
r0071_c0108,0.0
r0071_c0109,0.0
r0071_c0110,0.0
r0071_c0111,44.44
r0071_c0112,44.44
r0071_c0113,0.0
r0071_c0114,0.0
r0071_c0115,0.0
r0071_c0116,0.0
r0072_c0041,0.0
r0072_c0042,0.0
r0072_c0043,0.0
r0072_c0044,0.0
r0072_c0045,0.0
r0072_c0046,0.0
r0072_c0047,0.0
r0072_c0048,0.0
r0072_c0049,0.0
r0072_c0050,0.0
r0072_c0051,44.44
r0072_c0052,0.0
r0072_c0053,266.67
r0072_c0054,44.44
r0072_c0056,88.89
r0072_c0063,88.89
r0072_c0064,88.89
r0072_c0065,44.44
r0072_c0066,88.89
r0072_c0067,0.0
r0072_c0069,0.0
r0072_c0070,0.0
r0072_c0071,0.0
r0072_c0072,0.0
r0072_c0073,0.0
r0072_c0075,44.44
r0072_c0076,44.44
r0072_c0077,0.0
r0072_c0078,88.89
r0072_c0079,0.0
r0072_c0081,0.0
r0072_c0082,177.78
r0072_c0083,0.0
r0072_c0084,0.0
r0072_c0085,0.0
r0072_c0086,0.0
r0072_c0093,0.0
r0072_c0094,0.0
r0072_c0095,0.0
r0072_c0097,266.67
r0072_c0103,0.0
r0072_c0104,44.44
r0072_c0105,44.44
r0072_c0106,0.0
r0072_c0107,0.0
r0072_c0108,0.0
r0072_c0109,0.0
r0072_c0110,0.0
r0072_c0111,0.0
r0072_c0112,0.0
r0072_c0113,0.0
r0072_c0114,0.0
r0072_c0115,0.0
r0072_c0116,0.0
r0072_c0117,0.0
r0073_c0039,0.0
r0073_c0040,0.0
r0073_c0041,0.0
r0073_c0042,0.0
r0073_c0043,0.0
r0073_c0044,0.0
r0073_c0045,0.0
r0073_c0046,0.0
r0073_c0047,0.0
r0073_c0048,0.0
r0073_c0049,0.0
r0073_c0050,0.0
r0073_c0051,0.0
r0073_c0052,0.0
r0073_c0053,44.44
r0073_c0054,0.0
r0073_c0055,0.0
r0073_c0056,0.0
r0073_c0057,0.0
r0073_c0058,0.0
r0073_c0059,0.0
r0073_c0060,0.0
r0073_c0061,0.0
r0073_c0063,0.0
r0073_c0065,0.0
r0073_c0066,0.0
r0073_c0067,44.44
r0073_c0069,44.44
r0073_c0070,0.0
r0073_c0071,0.0
r0073_c0072,88.89
r0073_c0073,0.0
r0073_c0074,44.44
r0073_c0076,44.44
r0073_c0078,0.0
r0073_c0079,88.89
r0073_c0081,88.89
r0073_c0082,44.44
r0073_c0083,0.0
r0073_c0084,0.0
r0073_c0085,0.0
r0073_c0086,0.0
r0073_c0087,0.0
r0073_c0092,0.0
r0073_c0093,0.0
r0073_c0094,0.0
r0073_c0095,0.0
r0073_c0096,88.89
r0073_c0099,88.89
r0073_c0101,133.33
r0073_c0102,88.89
r0073_c0104,266.67
r0073_c0106,177.78
r0073_c0107,88.89
r0073_c0108,44.44
r0073_c0109,44.44
r0073_c0110,177.78
r0073_c0111,88.89
r0073_c0112,88.89
r0073_c0113,0.0
r0073_c0114,88.89
r0073_c0115,88.89
r0073_c0116,88.89
r0073_c0118,311.11
r0074_c0040,0.0
r0074_c0041,0.0
r0074_c0042,0.0
r0074_c0043,0.0
r0074_c0044,0.0
r0074_c0045,0.0
r0074_c0046,0.0
r0074_c0047,0.0
r0074_c0048,0.0
r0074_c0049,0.0
r0074_c0050,0.0
r0074_c0059,88.89
r0074_c0060,44.44
r0074_c0061,0.0
r0074_c0062,44.44
r0074_c0063,0.0
r0074_c0065,44.44
r0074_c0066,44.44
r0074_c0068,0.0
r0074_c0069,0.0
r0074_c0070,0.0
r0074_c0071,0.0
r0074_c0072,44.44
r0074_c0073,0.0
r0074_c0074,0.0
r0074_c0075,44.44
r0074_c0076,0.0
r0074_c0077,0.0
r0074_c0078,44.44
r0074_c0079,0.0
r0074_c0080,0.0
r0074_c0081,0.0
r0074_c0083,0.0
r0074_c0084,44.44
r0074_c0085,0.0
r0074_c0086,0.0
r0074_c0087,0.0
r0074_c0092,44.44
r0074_c0093,44.44
r0074_c0094,44.44
r0074_c0095,0.0
r0074_c0096,44.44
r0074_c0097,133.33
r0074_c0098,0.0
r0074_c0099,0.0
r0074_c0100,0.0
r0074_c0101,0.0
r0074_c0102,0.0
r0074_c0103,0.0
r0074_c0104,177.78
r0074_c0106,177.78
r0074_c0107,0.0
r0074_c0108,0.0
r0074_c0109,0.0
r0074_c0110,88.89
r0074_c0111,0.0
r0074_c0112,0.0
r0074_c0113,0.0
r0074_c0114,0.0
r0074_c0115,0.0
r0074_c0116,0.0
r0074_c0119,222.22
r0075_c0040,0.0
r0075_c0041,44.44
r0075_c0042,88.89
r0075_c0043,44.44
r0075_c0044,88.89
r0075_c0045,88.89
r0075_c0047,0.0
r0075_c0048,0.0
r0075_c0049,44.44
r0075_c0050,44.44
r0075_c0051,177.78
r0075_c0052,44.44
r0075_c0053,0.0
r0075_c0054,222.22
r0075_c0055,44.44
r0075_c0056,88.89
r0075_c0057,133.33
r0075_c0058,133.33
r0075_c0061,133.33
r0075_c0062,44.44
r0075_c0063,0.0
r0075_c0064,0.0
r0075_c0065,44.44
r0075_c0069,0.0
r0075_c0070,0.0
r0075_c0071,44.44
r0075_c0072,88.89
r0075_c0073,0.0
r0075_c0074,0.0
r0075_c0075,0.0
r0075_c0076,0.0
r0075_c0077,0.0
r0075_c0078,0.0
r0075_c0079,44.44
r0075_c0080,0.0
r0075_c0083,44.44
r0075_c0084,0.0
r0075_c0085,0.0
r0075_c0086,0.0
r0075_c0087,0.0
r0075_c0092,88.89
r0075_c0093,0.0
r0075_c0094,88.89
r0075_c0095,0.0
r0075_c0096,0.0
r0075_c0101,0.0
r0075_c0102,44.44
r0075_c0103,44.44
r0075_c0104,0.0
r0075_c0105,0.0
r0075_c0106,0.0
r0075_c0107,0.0
r0075_c0108,0.0
r0075_c0110,0.0
r0075_c0111,88.89
r0075_c0114,0.0
r0075_c0115,0.0
r0075_c0116,0.0
r0075_c0117,0.0
r0075_c0118,0.0
r0075_c0119,0.0
r0075_c0120,0.0
r0075_c0121,88.89
r0076_c0039,0.0
r0076_c0040,0.0
r0076_c0041,0.0
r0076_c0042,0.0
r0076_c0043,0.0
r0076_c0044,222.22
r0076_c0047,0.0
r0076_c0050,0.0
r0076_c0051,0.0
r0076_c0052,0.0
r0076_c0053,355.56
r0076_c0054,222.22
r0076_c0055,88.89
r0076_c0056,533.33
r0076_c0058,0.0
r0076_c0063,44.44
r0076_c0064,0.0
r0076_c0065,0.0
r0076_c0067,44.44
r0076_c0068,88.89
r0076_c0070,88.89
r0076_c0071,0.0
r0076_c0072,133.33
r0076_c0073,44.44
r0076_c0074,44.44
r0076_c0075,0.0
r0076_c0076,44.44
r0076_c0077,44.44
r0076_c0078,0.0
r0076_c0079,88.89
r0076_c0081,88.89
r0076_c0082,88.89
r0076_c0083,0.0
r0076_c0086,0.0
r0076_c0087,0.0
r0076_c0092,0.0
r0076_c0093,44.44
r0076_c0094,88.89
r0076_c0095,0.0
r0076_c0096,0.0
r0076_c0098,133.33
r0076_c0099,133.33
r0076_c0100,88.89
r0076_c0101,44.44
r0076_c0102,44.44
r0076_c0103,0.0
r0076_c0104,0.0
r0076_c0105,0.0
r0076_c0106,0.0
r0076_c0107,0.0
r0076_c0110,88.89
r0076_c0111,88.89
r0076_c0112,0.0
r0076_c0113,0.0
r0076_c0115,0.0
r0076_c0116,0.0
r0076_c0117,0.0
r0076_c0118,0.0
r0076_c0119,0.0
r0076_c0120,355.56
r0077_c0038,44.44
r0077_c0039,0.0
r0077_c0040,0.0
r0077_c0041,0.0
r0077_c0042,177.78
r0077_c0046,88.89
r0077_c0047,0.0
r0077_c0048,0.0
r0077_c0049,0.0
r0077_c0050,0.0
r0077_c0051,88.89
r0077_c0052,0.0
r0077_c0053,88.89
r0077_c0057,0.0
r0077_c0058,44.44
r0077_c0063,0.0
r0077_c0064,88.89
r0077_c0065,0.0
r0077_c0066,0.0
r0077_c0070,0.0
r0077_c0071,88.89
r0077_c0072,222.22
r0077_c0074,88.89
r0077_c0075,0.0
r0077_c0076,44.44
r0077_c0077,0.0
r0077_c0078,88.89
r0077_c0079,133.33
r0077_c0081,44.44
r0077_c0082,0.0
r0077_c0083,0.0
r0077_c0084,0.0
r0077_c0085,0.0
r0077_c0086,0.0
r0077_c0087,0.0
r0077_c0093,0.0
r0077_c0094,0.0
r0077_c0095,0.0
r0077_c0096,0.0
r0077_c0100,44.44
r0077_c0102,0.0
r0077_c0103,0.0
r0077_c0104,0.0
r0077_c0105,0.0
r0077_c0106,0.0
r0077_c0107,0.0
r0077_c0110,44.44
r0077_c0111,44.44
r0077_c0112,0.0
r0077_c0113,0.0
r0077_c0115,0.0
r0077_c0116,0.0
r0077_c0117,88.89
r0077_c0118,44.44
r0078_c0039,44.44
r0078_c0044,88.89
r0078_c0046,0.0
r0078_c0048,0.0
r0078_c0049,0.0
r0078_c0050,88.89
r0078_c0053,133.33
r0078_c0054,177.78
r0078_c0055,0.0
r0078_c0056,133.33
r0078_c0057,311.11
r0078_c0060,400.0
r0078_c0061,88.89
r0078_c0063,88.89
r0078_c0064,222.22
r0078_c0065,266.67
r0078_c0067,88.89
r0078_c0068,0.0
r0078_c0069,0.0
r0078_c0070,0.0
r0078_c0071,0.0
r0078_c0072,44.44
r0078_c0073,0.0
r0078_c0074,88.89
r0078_c0075,0.0
r0078_c0078,0.0
r0078_c0079,44.44
r0078_c0081,0.0
r0078_c0082,0.0
r0078_c0083,0.0
r0078_c0084,0.0
r0078_c0085,0.0
r0078_c0086,0.0
r0078_c0087,0.0
r0078_c0093,44.44
r0078_c0094,177.78
r0078_c0095,0.0
r0078_c0097,0.0
r0078_c0100,88.89
r0078_c0102,0.0
r0078_c0103,0.0
r0078_c0104,0.0
r0078_c0105,0.0
r0078_c0106,0.0
r0078_c0107,0.0
r0078_c0108,0.0
r0078_c0109,0.0
r0078_c0110,44.44
r0078_c0111,0.0
r0078_c0112,88.89
r0078_c0113,0.0
r0078_c0114,0.0
r0078_c0115,0.0
r0078_c0116,0.0
r0078_c0117,44.44
r0079_c0040,88.89
r0079_c0041,133.33
r0079_c0042,44.44
r0079_c0045,177.78
r0079_c0046,0.0
r0079_c0048,0.0
r0079_c0049,0.0
r0079_c0051,88.89
r0079_c0052,222.22
r0079_c0053,577.78
r0079_c0054,177.78
r0079_c0055,88.89
r0079_c0058,0.0
r0079_c0062,88.89
r0079_c0066,311.11
r0079_c0067,0.0
r0079_c0068,0.0
r0079_c0069,0.0
r0079_c0070,0.0
r0079_c0071,0.0
r0079_c0072,88.89
r0079_c0073,0.0
r0079_c0074,0.0
r0079_c0075,0.0
r0079_c0078,44.44
r0079_c0079,44.44
r0079_c0080,0.0
r0079_c0081,0.0
r0079_c0082,0.0
r0079_c0083,0.0
r0079_c0084,0.0
r0079_c0085,0.0
r0079_c0086,44.44
r0079_c0087,44.44
r0079_c0088,0.0
r0079_c0093,44.44
r0079_c0094,0.0
r0079_c0095,0.0
r0079_c0096,0.0
r0079_c0097,0.0
r0079_c0101,0.0
r0079_c0102,0.0
r0079_c0103,0.0
r0079_c0104,0.0
r0079_c0105,0.0
r0079_c0106,0.0
r0079_c0107,0.0
r0079_c0108,0.0
r0079_c0109,44.44
r0079_c0110,0.0
r0079_c0114,44.44
r0079_c0115,0.0
r0079_c0116,44.44
r0079_c0117,133.33
r0080_c0043,0.0
r0080_c0046,44.44
r0080_c0048,0.0
r0080_c0049,44.44
r0080_c0051,88.89
r0080_c0052,266.67
r0080_c0054,177.78
r0080_c0055,88.89
r0080_c0056,44.44
r0080_c0057,444.44
r0080_c0058,0.0
r0080_c0059,88.89
r0080_c0060,0.0
r0080_c0063,88.89
r0080_c0065,222.22
r0080_c0066,666.67
r0080_c0067,133.33
r0080_c0068,0.0
r0080_c0069,0.0
r0080_c0070,0.0
r0080_c0071,0.0
r0080_c0073,0.0
r0080_c0074,0.0
r0080_c0075,0.0
r0080_c0076,88.89
r0080_c0077,88.89
r0080_c0079,44.44
r0080_c0080,0.0
r0080_c0083,88.89
r0080_c0084,88.89
r0080_c0085,0.0
r0080_c0088,0.0
r0080_c0093,0.0
r0080_c0096,0.0
r0080_c0098,44.44
r0080_c0100,711.11
r0080_c0101,177.78
r0080_c0102,44.44
r0080_c0103,0.0
r0080_c0104,44.44
r0080_c0105,0.0
r0080_c0107,44.44
r0080_c0108,88.89
r0080_c0110,0.0
r0080_c0111,0.0
r0080_c0112,177.78
r0080_c0113,0.0
r0080_c0114,44.44
r0080_c0115,0.0
r0081_c0039,44.44
r0081_c0040,444.44
r0081_c0042,0.0
r0081_c0044,133.33
r0081_c0045,44.44
r0081_c0046,44.44
r0081_c0047,44.44
r0081_c0048,44.44
r0081_c0049,177.78
r0081_c0050,444.44
r0081_c0052,311.11
r0081_c0053,133.33
r0081_c0056,44.44
r0081_c0057,133.33
r0081_c0058,266.67
r0081_c0060,0.0
r0081_c0061,177.78
r0081_c0063,44.44
r0081_c0064,266.67
r0081_c0065,0.0
r0081_c0066,133.33
r0081_c0068,44.44
r0081_c0069,44.44
r0081_c0070,88.89
r0081_c0071,0.0
r0081_c0072,177.78
r0081_c0073,0.0
r0081_c0075,88.89
r0081_c0077,222.22
r0081_c0079,133.33
r0081_c0080,177.78
r0081_c0081,44.44
r0081_c0082,44.44
r0081_c0083,0.0
r0081_c0084,0.0
r0081_c0088,0.0
r0081_c0093,0.0
r0081_c0095,0.0
r0081_c0097,44.44
r0081_c0098,0.0
r0081_c0100,44.44
r0081_c0105,133.33
r0081_c0106,44.44
r0081_c0107,0.0
r0081_c0108,0.0
r0081_c0110,0.0
r0081_c0111,0.0
r0081_c0112,44.44
r0081_c0113,44.44
r0081_c0114,0.0
r0082_c0034,0.0
r0082_c0035,0.0
r0082_c0037,0.0
r0082_c0039,0.0
r0082_c0042,222.22
r0082_c0045,266.67
r0082_c0046,222.22
r0082_c0047,177.78
r0082_c0053,88.89
r0082_c0054,88.89
r0082_c0057,266.67
r0082_c0060,88.89
r0082_c0061,44.44
r0082_c0062,0.0
r0082_c0063,0.0
r0082_c0064,177.78
r0082_c0065,0.0
r0082_c0066,44.44
r0082_c0068,88.89
r0082_c0069,0.0
r0082_c0070,0.0
r0082_c0071,0.0
r0082_c0072,88.89
r0082_c0073,0.0
r0082_c0074,0.0
r0082_c0075,0.0
r0082_c0077,88.89
r0082_c0078,0.0
r0082_c0079,44.44
r0082_c0080,44.44
r0082_c0081,44.44
r0082_c0082,88.89
r0082_c0083,0.0
r0082_c0084,0.0
r0082_c0085,0.0
r0082_c0088,0.0
r0082_c0091,0.0
r0082_c0097,0.0
r0082_c0100,44.44
r0082_c0105,88.89
r0082_c0106,0.0
r0082_c0107,0.0
r0082_c0108,0.0
r0082_c0110,0.0
r0082_c0111,0.0
r0082_c0112,0.0
r0082_c0113,88.89
r0082_c0114,0.0
r0083_c0032,0.0
r0083_c0036,0.0
r0083_c0038,0.0
r0083_c0039,133.33
r0083_c0043,133.33
r0083_c0044,177.78
r0083_c0045,88.89
r0083_c0047,311.11
r0083_c0048,133.33
r0083_c0049,177.78
r0083_c0050,0.0
r0083_c0051,355.56
r0083_c0053,88.89
r0083_c0055,88.89
r0083_c0056,0.0
r0083_c0062,133.33
r0083_c0063,0.0
r0083_c0066,44.44
r0083_c0067,44.44
r0083_c0069,88.89
r0083_c0070,88.89
r0083_c0071,0.0
r0083_c0072,88.89
r0083_c0073,44.44
r0083_c0074,0.0
r0083_c0075,133.33
r0083_c0076,44.44
r0083_c0077,44.44
r0083_c0078,0.0
r0083_c0079,0.0
r0083_c0080,44.44
r0083_c0081,0.0
r0083_c0082,0.0
r0083_c0083,88.89
r0083_c0084,44.44
r0083_c0085,0.0
r0083_c0087,0.0
r0083_c0088,0.0
r0083_c0089,0.0
r0083_c0098,44.44
r0083_c0099,0.0
r0083_c0100,44.44
r0083_c0101,88.89
r0083_c0102,88.89
r0083_c0103,177.78
r0083_c0106,88.89
r0083_c0107,88.89
r0083_c0108,88.89
r0083_c0110,88.89
r0083_c0111,0.0
r0083_c0112,88.89
r0083_c0113,177.78
r0084_c0029,0.0
r0084_c0031,44.44
r0084_c0032,44.44
r0084_c0033,88.89
r0084_c0034,0.0
r0084_c0035,0.0
r0084_c0036,88.89
r0084_c0038,88.89
r0084_c0040,0.0
r0084_c0041,44.44
r0084_c0042,177.78
r0084_c0043,44.44
r0084_c0044,0.0
r0084_c0046,133.33
r0084_c0048,0.0
r0084_c0049,0.0
r0084_c0050,0.0
r0084_c0051,0.0
r0084_c0052,0.0
r0084_c0053,133.33
r0084_c0057,133.33
r0084_c0061,88.89
r0084_c0062,0.0
r0084_c0063,0.0
r0084_c0064,88.89
r0084_c0065,0.0
r0084_c0066,0.0
r0084_c0067,0.0
r0084_c0068,0.0
r0084_c0069,0.0
r0084_c0070,0.0
r0084_c0071,0.0
r0084_c0072,133.33
r0084_c0074,0.0
r0084_c0075,0.0
r0084_c0076,44.44
r0084_c0077,0.0
r0084_c0078,44.44
r0084_c0079,0.0
r0084_c0080,0.0
r0084_c0081,0.0
r0084_c0082,0.0
r0084_c0083,0.0
r0084_c0084,44.44
r0084_c0085,133.33
r0084_c0087,0.0
r0084_c0088,0.0
r0084_c0089,0.0
r0084_c0092,0.0
r0084_c0098,44.44
r0084_c0099,44.44
r0084_c0100,44.44
r0084_c0101,0.0
r0084_c0102,0.0
r0084_c0103,88.89
r0084_c0104,0.0
r0084_c0106,0.0
r0084_c0107,0.0
r0084_c0108,0.0
r0084_c0110,0.0
r0084_c0111,0.0
r0084_c0112,133.33
r0085_c0021,0.0
r0085_c0031,44.44
r0085_c0032,0.0
r0085_c0033,44.44
r0085_c0034,44.44
r0085_c0038,44.44
r0085_c0039,0.0
r0085_c0040,0.0
r0085_c0041,0.0
r0085_c0043,133.33
r0085_c0044,44.44
r0085_c0046,133.33
r0085_c0048,88.89
r0085_c0049,88.89
r0085_c0052,0.0
r0085_c0053,0.0
r0085_c0054,88.89
r0085_c0055,0.0
r0085_c0057,355.56
r0085_c0058,0.0
r0085_c0059,0.0
r0085_c0060,0.0
r0085_c0061,133.33
r0085_c0062,0.0
r0085_c0063,0.0
r0085_c0065,0.0
r0085_c0066,0.0
r0085_c0067,88.89
r0085_c0068,0.0
r0085_c0069,0.0
r0085_c0070,0.0
r0085_c0071,44.44
r0085_c0073,0.0
r0085_c0075,0.0
r0085_c0076,44.44
r0085_c0077,0.0
r0085_c0078,0.0
r0085_c0079,0.0
r0085_c0080,0.0
r0085_c0081,88.89
r0085_c0082,0.0
r0085_c0083,0.0
r0085_c0084,0.0
r0085_c0085,44.44
r0085_c0097,133.33
r0085_c0098,88.89
r0085_c0100,0.0
r0085_c0101,0.0
r0085_c0102,0.0
r0085_c0103,0.0
r0085_c0104,88.89
r0085_c0105,0.0
r0085_c0106,0.0
r0085_c0107,0.0
r0085_c0108,0.0
r0085_c0110,0.0
r0085_c0111,88.89
r0086_c0019,0.0
r0086_c0020,0.0
r0086_c0021,0.0
r0086_c0022,88.89
r0086_c0023,0.0
r0086_c0028,44.44
r0086_c0029,44.44
r0086_c0030,44.44
r0086_c0031,0.0
r0086_c0033,44.44
r0086_c0034,0.0
r0086_c0035,0.0
r0086_c0036,0.0
r0086_c0037,0.0
r0086_c0039,0.0
r0086_c0041,0.0
r0086_c0042,0.0
r0086_c0043,177.78
r0086_c0045,88.89
r0086_c0046,0.0
r0086_c0047,44.44
r0086_c0048,0.0
r0086_c0049,44.44
r0086_c0051,88.89
r0086_c0052,0.0
r0086_c0053,0.0
r0086_c0054,88.89
r0086_c0055,0.0
r0086_c0056,0.0
r0086_c0057,88.89
r0086_c0058,0.0
r0086_c0059,0.0
r0086_c0060,88.89
r0086_c0061,0.0
r0086_c0062,0.0
r0086_c0063,0.0
r0086_c0064,133.33
r0086_c0065,0.0
r0086_c0067,88.89
r0086_c0068,88.89
r0086_c0069,133.33
r0086_c0074,0.0
r0086_c0076,0.0
r0086_c0077,44.44
r0086_c0078,0.0
r0086_c0079,44.44
r0086_c0080,0.0
r0086_c0081,0.0
r0086_c0082,88.89
r0086_c0100,0.0
r0086_c0101,0.0
r0086_c0102,0.0
r0086_c0103,0.0
r0086_c0104,44.44
r0086_c0105,0.0
r0086_c0107,400.0
r0086_c0109,0.0
r0086_c0110,0.0
r0087_c0018,0.0
r0087_c0019,44.44
r0087_c0020,88.89
r0087_c0021,88.89
r0087_c0022,44.44
r0087_c0023,0.0
r0087_c0025,222.22
r0087_c0028,0.0
r0087_c0029,0.0
r0087_c0030,0.0
r0087_c0031,0.0
r0087_c0032,44.44
r0087_c0033,0.0
r0087_c0034,0.0
r0087_c0035,0.0
r0087_c0036,0.0
r0087_c0037,0.0
r0087_c0041,44.44
r0087_c0042,44.44
r0087_c0044,133.33
r0087_c0045,88.89
r0087_c0046,0.0
r0087_c0047,44.44
r0087_c0048,44.44
r0087_c0049,0.0
r0087_c0051,44.44
r0087_c0052,0.0
r0087_c0053,0.0
r0087_c0054,0.0
r0087_c0055,0.0
r0087_c0056,0.0
r0087_c0057,0.0
r0087_c0058,0.0
r0087_c0059,0.0
r0087_c0060,44.44
r0087_c0061,0.0
r0087_c0062,0.0
r0087_c0063,0.0
r0087_c0064,0.0
r0087_c0068,88.89
r0087_c0070,0.0
r0087_c0071,0.0
r0087_c0073,44.44
r0087_c0074,44.44
r0087_c0076,44.44
r0087_c0077,0.0
r0087_c0078,0.0
r0087_c0079,44.44
r0087_c0080,0.0
r0087_c0081,0.0
r0087_c0082,0.0
r0087_c0087,0.0
r0087_c0088,0.0
r0087_c0091,0.0
r0087_c0092,0.0
r0087_c0100,0.0
r0087_c0101,0.0
r0087_c0102,0.0
r0087_c0104,0.0
r0087_c0105,0.0
r0087_c0106,266.67
r0087_c0108,88.89
r0087_c0109,222.22
r0088_c0018,88.89
r0088_c0021,0.0
r0088_c0022,0.0
r0088_c0023,0.0
r0088_c0029,0.0
r0088_c0032,44.44
r0088_c0033,44.44
r0088_c0034,44.44
r0088_c0035,44.44
r0088_c0036,44.44
r0088_c0037,44.44
r0088_c0038,0.0
r0088_c0039,0.0
r0088_c0044,222.22
r0088_c0045,133.33
r0088_c0046,0.0
r0088_c0047,88.89
r0088_c0049,177.78
r0088_c0050,0.0
r0088_c0051,311.11
r0088_c0053,88.89
r0088_c0054,222.22
r0088_c0055,88.89
r0088_c0056,44.44
r0088_c0057,177.78
r0088_c0058,88.89
r0088_c0059,0.0
r0088_c0060,177.78
r0088_c0061,0.0
r0088_c0062,0.0
r0088_c0063,0.0
r0088_c0064,266.67
r0088_c0068,0.0
r0088_c0070,0.0
r0088_c0071,0.0
r0088_c0074,0.0
r0088_c0076,0.0
r0088_c0077,88.89
r0088_c0078,88.89
r0088_c0079,0.0
r0088_c0080,0.0
r0088_c0081,0.0
r0088_c0082,0.0
r0088_c0087,0.0
r0088_c0088,0.0
r0088_c0101,0.0
r0088_c0104,0.0
r0088_c0107,0.0
r0088_c0108,88.89
r0089_c0019,0.0
r0089_c0020,0.0
r0089_c0021,133.33
r0089_c0022,0.0
r0089_c0023,0.0
r0089_c0024,88.89
r0089_c0025,0.0
r0089_c0026,44.44
r0089_c0028,0.0
r0089_c0029,133.33
r0089_c0032,177.78
r0089_c0034,0.0
r0089_c0035,44.44
r0089_c0036,44.44
r0089_c0037,0.0
r0089_c0038,44.44
r0089_c0039,88.89
r0089_c0041,177.78
r0089_c0043,177.78
r0089_c0044,88.89
r0089_c0045,44.44
r0089_c0046,0.0
r0089_c0047,0.0
r0089_c0049,0.0
r0089_c0051,0.0
r0089_c0052,44.44
r0089_c0053,0.0
r0089_c0054,133.33
r0089_c0055,44.44
r0089_c0056,0.0
r0089_c0057,0.0
r0089_c0058,0.0
r0089_c0059,0.0
r0089_c0060,0.0
r0089_c0061,0.0
r0089_c0062,44.44
r0089_c0063,44.44
r0089_c0067,133.33
r0089_c0068,0.0
r0089_c0069,0.0
r0089_c0070,0.0
r0089_c0073,0.0
r0089_c0075,44.44
r0089_c0078,88.89
r0089_c0080,0.0
r0089_c0081,0.0
r0089_c0082,0.0
r0089_c0086,0.0
r0089_c0087,0.0
r0089_c0088,0.0
r0089_c0103,0.0
r0089_c0104,0.0
r0089_c0106,0.0
r0089_c0107,133.33
r0090_c0017,88.89
r0090_c0018,0.0
r0090_c0020,0.0
r0090_c0021,0.0
r0090_c0022,88.89
r0090_c0025,88.89
r0090_c0027,88.89
r0090_c0028,44.44
r0090_c0029,133.33
r0090_c0030,0.0
r0090_c0031,0.0
r0090_c0032,0.0
r0090_c0033,0.0
r0090_c0034,0.0
r0090_c0035,0.0
r0090_c0036,0.0
r0090_c0037,0.0
r0090_c0038,0.0
r0090_c0041,44.44
r0090_c0042,0.0
r0090_c0043,44.44
r0090_c0044,0.0
r0090_c0045,0.0
r0090_c0046,0.0
r0090_c0047,0.0
r0090_c0048,88.89
r0090_c0049,0.0
r0090_c0050,0.0
r0090_c0051,88.89
r0090_c0052,0.0
r0090_c0054,88.89
r0090_c0055,0.0
r0090_c0056,133.33
r0090_c0057,133.33
r0090_c0058,0.0
r0090_c0059,222.22
r0090_c0060,0.0
r0090_c0061,177.78
r0090_c0063,44.44
r0090_c0065,44.44
r0090_c0066,0.0
r0090_c0068,44.44
r0090_c0069,0.0
r0090_c0070,0.0
r0090_c0071,0.0
r0090_c0072,0.0
r0090_c0073,0.0
r0090_c0074,88.89
r0090_c0075,0.0
r0090_c0076,0.0
r0090_c0077,0.0
r0090_c0078,0.0
r0090_c0079,0.0
r0090_c0081,0.0
r0090_c0082,0.0
r0090_c0084,0.0
r0090_c0103,0.0
r0090_c0104,0.0
r0090_c0105,0.0
r0090_c0106,0.0
r0091_c0016,0.0
r0091_c0017,0.0
r0091_c0019,0.0
r0091_c0020,0.0
r0091_c0021,0.0
r0091_c0022,0.0
r0091_c0025,0.0
r0091_c0026,0.0
r0091_c0027,0.0
r0091_c0028,0.0
r0091_c0029,0.0
r0091_c0030,0.0
r0091_c0031,88.89
r0091_c0032,0.0
r0091_c0035,0.0
r0091_c0036,0.0
r0091_c0038,0.0
r0091_c0039,133.33
r0091_c0041,0.0
r0091_c0042,44.44
r0091_c0043,44.44
r0091_c0044,0.0
r0091_c0045,0.0
r0091_c0046,0.0
r0091_c0047,0.0
r0091_c0048,88.89
r0091_c0049,0.0
r0091_c0050,0.0
r0091_c0052,0.0
r0091_c0055,0.0
r0091_c0057,311.11
r0091_c0058,0.0
r0091_c0061,88.89
r0091_c0065,44.44
r0091_c0067,44.44
r0091_c0068,88.89
r0091_c0069,0.0
r0091_c0070,0.0
r0091_c0071,0.0
r0091_c0072,0.0
r0091_c0073,0.0
r0091_c0074,0.0
r0091_c0080,0.0
r0091_c0081,0.0
r0091_c0082,0.0
r0091_c0083,88.89
r0091_c0085,0.0
r0091_c0087,0.0
r0092_c0013,0.0
r0092_c0014,0.0
r0092_c0016,88.89
r0092_c0017,0.0
r0092_c0018,0.0
r0092_c0020,0.0
r0092_c0021,0.0
r0092_c0023,0.0
r0092_c0024,0.0
r0092_c0025,0.0
r0092_c0026,0.0
r0092_c0027,44.44
r0092_c0028,0.0
r0092_c0029,133.33
r0092_c0030,44.44
r0092_c0038,88.89
r0092_c0039,0.0
r0092_c0040,0.0
r0092_c0041,0.0
r0092_c0042,0.0
r0092_c0043,88.89
r0092_c0044,0.0
r0092_c0045,0.0
r0092_c0046,0.0
r0092_c0047,0.0
r0092_c0048,0.0
r0092_c0049,0.0
r0092_c0050,0.0
r0092_c0051,88.89
r0092_c0052,0.0
r0092_c0053,0.0
r0092_c0054,222.22
r0092_c0055,44.44
r0092_c0057,133.33
r0092_c0059,222.22
r0092_c0060,177.78
r0092_c0062,133.33
r0092_c0065,44.44
r0092_c0066,0.0
r0092_c0067,44.44
r0092_c0070,0.0
r0092_c0071,0.0
r0092_c0072,0.0
r0092_c0074,0.0
r0092_c0075,0.0
r0092_c0076,0.0
r0092_c0078,44.44
r0092_c0079,0.0
r0092_c0081,88.89
r0092_c0083,0.0
r0092_c0084,88.89
r0092_c0085,0.0
r0092_c0086,0.0
r0092_c0104,0.0
r0093_c0013,0.0
r0093_c0014,177.78
r0093_c0015,0.0
r0093_c0018,0.0
r0093_c0019,0.0
r0093_c0023,0.0
r0093_c0024,0.0
r0093_c0025,0.0
r0093_c0026,0.0
r0093_c0027,88.89
r0093_c0028,0.0
r0093_c0029,0.0
r0093_c0030,0.0
r0093_c0031,0.0
r0093_c0032,0.0
r0093_c0033,0.0
r0093_c0037,88.89
r0093_c0038,0.0
r0093_c0039,0.0
r0093_c0040,0.0
r0093_c0041,0.0
r0093_c0042,88.89
r0093_c0043,88.89
r0093_c0044,0.0
r0093_c0045,0.0
r0093_c0046,44.44
r0093_c0047,0.0
r0093_c0048,177.78
r0093_c0049,0.0
r0093_c0051,177.78
r0093_c0052,133.33
r0093_c0053,177.78
r0093_c0056,177.78
r0093_c0058,44.44
r0093_c0059,0.0
r0093_c0060,88.89
r0093_c0061,0.0
r0093_c0062,0.0
r0093_c0063,0.0
r0093_c0064,177.78
r0093_c0065,0.0
r0093_c0066,0.0
r0093_c0067,0.0
r0093_c0068,0.0
r0093_c0069,88.89
r0093_c0070,0.0
r0093_c0071,0.0
r0093_c0072,0.0
r0093_c0073,44.44
r0093_c0075,0.0
r0093_c0076,0.0
r0093_c0077,0.0
r0093_c0078,0.0
r0093_c0079,0.0
r0093_c0080,44.44
r0093_c0082,88.89
r0093_c0083,0.0
r0093_c0084,0.0
r0093_c0085,0.0
r0093_c0086,0.0
r0093_c0088,0.0
r0093_c0094,0.0
r0093_c0095,0.0
r0094_c0012,0.0
r0094_c0013,88.89
r0094_c0014,0.0
r0094_c0015,0.0
r0094_c0016,0.0
r0094_c0017,44.44
r0094_c0018,0.0
r0094_c0019,0.0
r0094_c0020,0.0
r0094_c0027,44.44
r0094_c0028,0.0
r0094_c0029,133.33
r0094_c0030,0.0
r0094_c0038,0.0
r0094_c0039,0.0
r0094_c0040,0.0
r0094_c0041,44.44
r0094_c0042,44.44
r0094_c0044,0.0
r0094_c0045,88.89
r0094_c0046,0.0
r0094_c0047,0.0
r0094_c0048,0.0
r0094_c0049,0.0
r0094_c0050,0.0
r0094_c0051,88.89
r0094_c0052,0.0
r0094_c0053,0.0
r0094_c0056,44.44
r0094_c0058,0.0
r0094_c0059,0.0
r0094_c0060,0.0
r0094_c0061,0.0
r0094_c0062,0.0
r0094_c0063,0.0
r0094_c0064,88.89
r0094_c0065,88.89
r0094_c0068,0.0
r0094_c0069,133.33
r0094_c0070,0.0
r0094_c0071,0.0
r0094_c0072,0.0
r0094_c0073,44.44
r0094_c0076,0.0
r0094_c0077,0.0
r0094_c0078,0.0
r0094_c0079,0.0
r0094_c0081,0.0
r0094_c0083,0.0
r0094_c0085,0.0
r0094_c0086,0.0
r0094_c0087,0.0
r0094_c0088,0.0
r0094_c0089,0.0
r0094_c0090,0.0
r0094_c0091,0.0
r0095_c0011,0.0
r0095_c0012,44.44
r0095_c0013,0.0
r0095_c0014,0.0
r0095_c0015,0.0
r0095_c0016,0.0
r0095_c0017,0.0
r0095_c0018,0.0
r0095_c0019,0.0
r0095_c0022,0.0
r0095_c0023,0.0
r0095_c0024,0.0
r0095_c0025,0.0
r0095_c0026,0.0
r0095_c0027,88.89
r0095_c0028,44.44
r0095_c0029,0.0
r0095_c0031,0.0
r0095_c0032,0.0
r0095_c0033,0.0
r0095_c0035,88.89
r0095_c0036,0.0
r0095_c0041,0.0
r0095_c0042,0.0
r0095_c0043,0.0
r0095_c0044,88.89
r0095_c0045,0.0
r0095_c0046,0.0
r0095_c0047,0.0
r0095_c0048,0.0
r0095_c0049,0.0
r0095_c0050,0.0
r0095_c0051,88.89
r0095_c0052,0.0
r0095_c0053,0.0
r0095_c0054,0.0
r0095_c0055,88.89
r0095_c0056,0.0
r0095_c0057,44.44
r0095_c0058,0.0
r0095_c0059,133.33
r0095_c0060,0.0
r0095_c0061,44.44
r0095_c0062,0.0
r0095_c0063,0.0
r0095_c0064,44.44
r0095_c0065,0.0
r0095_c0066,88.89
r0095_c0068,133.33
r0095_c0071,88.89
r0095_c0072,44.44
r0095_c0073,0.0
r0095_c0074,88.89
r0095_c0075,0.0
r0095_c0076,0.0
r0095_c0077,0.0
r0095_c0081,0.0
r0095_c0082,0.0
r0095_c0084,0.0
r0095_c0085,0.0
r0095_c0086,88.89
r0095_c0088,0.0
r0095_c0089,0.0
r0095_c0090,0.0
r0095_c0091,0.0
r0095_c0092,0.0
r0095_c0093,0.0
r0095_c0095,0.0
r0095_c0096,0.0
r0095_c0097,0.0
r0095_c0098,0.0
r0096_c0011,0.0
r0096_c0012,0.0
r0096_c0013,44.44
r0096_c0014,0.0
r0096_c0015,0.0
r0096_c0016,0.0
r0096_c0017,0.0
r0096_c0018,0.0
r0096_c0022,0.0
r0096_c0023,0.0
r0096_c0024,44.44
r0096_c0025,88.89
r0096_c0026,44.44
r0096_c0027,44.44
r0096_c0028,88.89
r0096_c0029,0.0
r0096_c0031,0.0
r0096_c0032,44.44
r0096_c0035,0.0
r0096_c0036,0.0
r0096_c0037,0.0
r0096_c0039,0.0
r0096_c0042,0.0
r0096_c0043,0.0
r0096_c0044,0.0
r0096_c0045,88.89
r0096_c0046,0.0
r0096_c0047,0.0
r0096_c0048,133.33
r0096_c0049,0.0
r0096_c0050,0.0
r0096_c0051,177.78
r0096_c0052,0.0
r0096_c0053,0.0
r0096_c0054,88.89
r0096_c0057,88.89
r0096_c0058,0.0
r0096_c0059,0.0
r0096_c0060,44.44
r0096_c0061,44.44
r0096_c0063,0.0
r0096_c0064,88.89
r0096_c0065,0.0
r0096_c0066,0.0
r0096_c0068,0.0
r0096_c0069,177.78
r0096_c0070,88.89
r0096_c0071,444.44
r0096_c0073,0.0
r0096_c0074,0.0
r0096_c0075,44.44
r0096_c0076,44.44
r0096_c0077,0.0
r0096_c0078,0.0
r0096_c0080,0.0
r0096_c0082,133.33
r0096_c0084,0.0
r0096_c0085,0.0
r0096_c0086,88.89
r0096_c0088,0.0
r0096_c0090,0.0
r0096_c0092,0.0
r0096_c0093,0.0
r0096_c0094,44.44
r0096_c0095,0.0
r0096_c0096,44.44
r0096_c0097,44.44
r0096_c0098,0.0
r0097_c0011,0.0
r0097_c0012,88.89
r0097_c0014,0.0
r0097_c0015,0.0
r0097_c0016,0.0
r0097_c0017,0.0
r0097_c0018,0.0
r0097_c0019,0.0
r0097_c0022,0.0
r0097_c0023,44.44
r0097_c0024,44.44
r0097_c0025,44.44
r0097_c0026,0.0
r0097_c0027,88.89
r0097_c0029,0.0
r0097_c0030,0.0
r0097_c0032,44.44
r0097_c0035,0.0
r0097_c0036,0.0
r0097_c0037,0.0
r0097_c0038,0.0
r0097_c0039,0.0
r0097_c0042,44.44
r0097_c0043,0.0
r0097_c0044,44.44
r0097_c0045,88.89
r0097_c0046,0.0
r0097_c0047,0.0
r0097_c0048,0.0
r0097_c0049,0.0
r0097_c0050,0.0
r0097_c0051,44.44
r0097_c0052,0.0
r0097_c0054,88.89
r0097_c0057,88.89
r0097_c0058,0.0
r0097_c0060,0.0
r0097_c0061,0.0
r0097_c0062,0.0
r0097_c0063,0.0
r0097_c0064,133.33
r0097_c0065,0.0
r0097_c0066,0.0
r0097_c0067,0.0
r0097_c0068,0.0
r0097_c0069,44.44
r0097_c0070,0.0
r0097_c0071,44.44
r0097_c0077,0.0
r0097_c0080,0.0
r0097_c0081,0.0
r0097_c0082,0.0
r0097_c0083,0.0
r0097_c0084,0.0
r0097_c0086,0.0
r0097_c0087,88.89
r0097_c0089,0.0
r0097_c0090,0.0
r0097_c0091,0.0
r0097_c0092,0.0
r0097_c0093,0.0
r0097_c0094,88.89
r0097_c0096,0.0
r0097_c0097,0.0
r0098_c0010,0.0
r0098_c0011,44.44
r0098_c0012,44.44
r0098_c0013,0.0
r0098_c0015,0.0
r0098_c0016,0.0
r0098_c0017,0.0
r0098_c0018,0.0
r0098_c0019,0.0
r0098_c0022,0.0
r0098_c0023,44.44
r0098_c0024,0.0
r0098_c0025,0.0
r0098_c0026,0.0
r0098_c0027,0.0
r0098_c0028,0.0
r0098_c0029,0.0
r0098_c0031,44.44
r0098_c0032,0.0
r0098_c0033,0.0
r0098_c0034,0.0
r0098_c0035,0.0
r0098_c0036,88.89
r0098_c0037,0.0
r0098_c0038,0.0
r0098_c0039,88.89
r0098_c0040,133.33
r0098_c0043,88.89
r0098_c0044,44.44
r0098_c0045,44.44
r0098_c0046,0.0
r0098_c0047,0.0
r0098_c0048,88.89
r0098_c0049,0.0
r0098_c0050,0.0
r0098_c0051,0.0
r0098_c0052,0.0
r0098_c0053,44.44
r0098_c0057,0.0
r0098_c0058,0.0
r0098_c0059,0.0
r0098_c0060,0.0
r0098_c0061,0.0
r0098_c0062,0.0
r0098_c0063,0.0
r0098_c0064,44.44
r0098_c0065,0.0
r0098_c0066,0.0
r0098_c0067,0.0
r0098_c0068,0.0
r0098_c0069,44.44
r0098_c0070,44.44
r0098_c0071,0.0
r0098_c0073,44.44
r0098_c0074,0.0
r0098_c0075,177.78
r0098_c0077,44.44
r0098_c0079,0.0
r0098_c0080,0.0
r0098_c0081,88.89
r0098_c0082,0.0
r0098_c0083,0.0
r0098_c0084,0.0
r0098_c0085,0.0
r0098_c0086,0.0
r0098_c0087,0.0
r0098_c0089,88.89
r0098_c0091,44.44
r0098_c0092,0.0
r0098_c0093,44.44
r0098_c0095,0.0
r0098_c0096,0.0
r0098_c0097,44.44
r0098_c0098,0.0
r0099_c0010,0.0
r0099_c0011,88.89
r0099_c0012,0.0
r0099_c0013,0.0
r0099_c0015,0.0
r0099_c0016,0.0
r0099_c0017,0.0
r0099_c0018,0.0
r0099_c0019,0.0
r0099_c0022,44.44
r0099_c0023,0.0
r0099_c0024,44.44
r0099_c0025,0.0
r0099_c0027,88.89
r0099_c0028,0.0
r0099_c0029,0.0
r0099_c0030,88.89
r0099_c0033,0.0
r0099_c0034,0.0
r0099_c0035,0.0
r0099_c0036,0.0
r0099_c0037,0.0
r0099_c0038,0.0
r0099_c0039,311.11
r0099_c0040,0.0
r0099_c0042,0.0
r0099_c0044,0.0
r0099_c0045,0.0
r0099_c0046,44.44
r0099_c0047,44.44
r0099_c0048,0.0
r0099_c0049,0.0
r0099_c0050,0.0
r0099_c0051,88.89
r0099_c0052,0.0
r0099_c0053,44.44
r0099_c0055,0.0
r0099_c0056,88.89
r0099_c0057,0.0
r0099_c0058,0.0
r0099_c0059,0.0
r0099_c0060,0.0
r0099_c0061,0.0
r0099_c0062,0.0
r0099_c0063,0.0
r0099_c0064,44.44
r0099_c0065,0.0
r0099_c0066,0.0
r0099_c0067,0.0
r0099_c0069,0.0
r0099_c0070,88.89
r0099_c0071,88.89
r0099_c0073,0.0
r0099_c0074,0.0
r0099_c0075,44.44
r0099_c0076,44.44
r0099_c0077,88.89
r0099_c0078,0.0
r0099_c0079,133.33
r0099_c0080,0.0
r0099_c0081,88.89
r0099_c0083,88.89
r0099_c0084,0.0
r0099_c0085,44.44
r0099_c0088,44.44
r0099_c0090,44.44
r0099_c0091,0.0
r0099_c0092,88.89
r0099_c0093,0.0
r0099_c0095,44.44
r0099_c0096,0.0
r0099_c0097,0.0
r0100_c0007,0.0
r0100_c0009,0.0
r0100_c0010,44.44
r0100_c0011,0.0
r0100_c0012,0.0
r0100_c0013,0.0
r0100_c0014,0.0
r0100_c0015,0.0
r0100_c0016,0.0
r0100_c0017,0.0
r0100_c0018,0.0
r0100_c0019,0.0
r0100_c0020,0.0
r0100_c0022,0.0
r0100_c0023,0.0
r0100_c0024,0.0
r0100_c0025,0.0
r0100_c0026,0.0
r0100_c0027,0.0
r0100_c0028,0.0
r0100_c0029,88.89
r0100_c0030,0.0
r0100_c0031,0.0
r0100_c0032,0.0
r0100_c0033,0.0
r0100_c0034,0.0
r0100_c0035,0.0
r0100_c0036,88.89
r0100_c0037,0.0
r0100_c0038,0.0
r0100_c0039,88.89
r0100_c0040,0.0
r0100_c0041,0.0
r0100_c0042,0.0
r0100_c0044,0.0
r0100_c0045,0.0
r0100_c0046,0.0
r0100_c0047,44.44
r0100_c0048,177.78
r0100_c0049,0.0
r0100_c0050,0.0
r0100_c0051,88.89
r0100_c0052,0.0
r0100_c0053,88.89
r0100_c0055,0.0
r0100_c0056,88.89
r0100_c0058,0.0
r0100_c0059,0.0
r0100_c0060,0.0
r0100_c0061,44.44
r0100_c0062,88.89
r0100_c0063,44.44
r0100_c0064,88.89
r0100_c0065,44.44
r0100_c0066,88.89
r0100_c0069,88.89
r0100_c0070,0.0
r0100_c0071,44.44
r0100_c0072,44.44
r0100_c0074,0.0
r0100_c0075,88.89
r0100_c0076,0.0
r0100_c0077,44.44
r0100_c0078,88.89
r0100_c0080,133.33
r0100_c0081,222.22
r0100_c0084,88.89
r0100_c0086,88.89
r0100_c0087,44.44
r0100_c0088,0.0
r0100_c0089,133.33
r0100_c0090,0.0
r0100_c0091,0.0
r0100_c0092,0.0
r0100_c0095,0.0
r0101_c0006,0.0
r0101_c0007,0.0
r0101_c0009,88.89
r0101_c0010,44.44
r0101_c0011,0.0
r0101_c0012,0.0
r0101_c0013,0.0
r0101_c0014,0.0
r0101_c0015,0.0
r0101_c0016,0.0
r0101_c0017,0.0
r0101_c0018,0.0
r0101_c0019,0.0
r0101_c0020,0.0
r0101_c0021,0.0
r0101_c0023,0.0
r0101_c0024,0.0
r0101_c0025,0.0
r0101_c0026,0.0
r0101_c0027,88.89
r0101_c0028,88.89
r0101_c0029,0.0
r0101_c0030,0.0
r0101_c0031,0.0
r0101_c0032,0.0
r0101_c0033,0.0
r0101_c0034,0.0
r0101_c0035,0.0
r0101_c0036,0.0
r0101_c0037,0.0
r0101_c0038,88.89
r0101_c0039,0.0
r0101_c0045,44.44
r0101_c0046,0.0
r0101_c0047,0.0
r0101_c0048,44.44
r0101_c0049,44.44
r0101_c0050,44.44
r0101_c0051,0.0
r0101_c0052,44.44
r0101_c0053,88.89
r0101_c0058,0.0
r0101_c0059,0.0
r0101_c0060,44.44
r0101_c0061,44.44
r0101_c0064,44.44
r0101_c0065,0.0
r0101_c0066,88.89
r0101_c0068,0.0
r0101_c0070,0.0
r0101_c0071,44.44
r0101_c0072,44.44
r0101_c0073,0.0
r0101_c0074,0.0
r0101_c0075,88.89
r0101_c0076,0.0
r0101_c0077,44.44
r0101_c0078,0.0
r0101_c0079,0.0
r0101_c0084,0.0
r0101_c0085,0.0
r0101_c0086,0.0
r0101_c0087,0.0
r0101_c0088,0.0
r0101_c0090,0.0
r0101_c0091,0.0
r0101_c0092,44.44
r0101_c0093,0.0
r0101_c0094,88.89
r0101_c0095,0.0
r0102_c0006,0.0
r0102_c0008,0.0
r0102_c0009,44.44
r0102_c0010,0.0
r0102_c0011,0.0
r0102_c0012,0.0
r0102_c0013,0.0
r0102_c0014,0.0
r0102_c0015,0.0
r0102_c0016,0.0
r0102_c0017,0.0
r0102_c0018,0.0
r0102_c0019,0.0
r0102_c0020,0.0
r0102_c0021,0.0
r0102_c0023,0.0
r0102_c0024,44.44
r0102_c0025,44.44
r0102_c0026,0.0
r0102_c0027,177.78
r0102_c0028,0.0
r0102_c0029,0.0
r0102_c0030,0.0
r0102_c0031,0.0
r0102_c0032,0.0
r0102_c0033,0.0
r0102_c0034,88.89
r0102_c0035,0.0
r0102_c0036,88.89
r0102_c0037,0.0
r0102_c0038,0.0
r0102_c0040,0.0
r0102_c0043,0.0
r0102_c0044,88.89
r0102_c0045,44.44
r0102_c0046,0.0
r0102_c0047,0.0
r0102_c0048,177.78
r0102_c0049,0.0
r0102_c0050,400.0
r0102_c0051,88.89
r0102_c0052,44.44
r0102_c0053,133.33
r0102_c0055,44.44
r0102_c0056,222.22
r0102_c0057,0.0
r0102_c0058,88.89
r0102_c0063,133.33
r0102_c0065,0.0
r0102_c0066,0.0
r0102_c0071,0.0
r0102_c0072,44.44
r0102_c0073,0.0
r0102_c0074,0.0
r0102_c0075,0.0
r0102_c0076,0.0
r0102_c0077,88.89
r0102_c0078,0.0
r0102_c0079,0.0
r0102_c0080,0.0
r0102_c0081,133.33
r0102_c0082,0.0
r0102_c0084,0.0
r0102_c0085,0.0
r0102_c0086,0.0
r0102_c0087,0.0
r0102_c0088,0.0
r0102_c0089,0.0
r0102_c0090,0.0
r0102_c0093,44.44
r0102_c0094,44.44
r0103_c0006,0.0
r0103_c0007,0.0
r0103_c0008,88.89
r0103_c0009,0.0
r0103_c0010,0.0
r0103_c0011,0.0
r0103_c0012,0.0
r0103_c0013,0.0
r0103_c0014,0.0
r0103_c0015,0.0
r0103_c0016,0.0
r0103_c0017,0.0
r0103_c0018,0.0
r0103_c0019,0.0
r0103_c0020,0.0
r0103_c0021,88.89
r0103_c0022,0.0
r0103_c0023,88.89
r0103_c0024,44.44
r0103_c0025,44.44
r0103_c0026,0.0
r0103_c0027,44.44
r0103_c0028,0.0
r0103_c0029,0.0
r0103_c0030,0.0
r0103_c0031,0.0
r0103_c0032,0.0
r0103_c0033,88.89
r0103_c0034,0.0
r0103_c0036,0.0
r0103_c0037,88.89
r0103_c0040,0.0
r0103_c0041,0.0
r0103_c0044,0.0
r0103_c0045,0.0
r0103_c0046,0.0
r0103_c0047,44.44
r0103_c0048,88.89
r0103_c0049,0.0
r0103_c0050,88.89
r0103_c0051,0.0
r0103_c0054,0.0
r0103_c0055,0.0
r0103_c0056,0.0
r0103_c0057,0.0
r0103_c0058,0.0
r0103_c0059,0.0
r0103_c0065,0.0
r0103_c0066,44.44
r0103_c0069,88.89
r0103_c0071,44.44
r0103_c0072,0.0
r0103_c0073,0.0
r0103_c0074,0.0
r0103_c0075,133.33
r0103_c0076,0.0
r0103_c0077,44.44
r0103_c0078,0.0
r0103_c0079,0.0
r0103_c0080,0.0
r0103_c0081,88.89
r0103_c0082,0.0
r0103_c0083,88.89
r0103_c0084,88.89
r0103_c0085,0.0
r0103_c0087,0.0
r0103_c0088,0.0
r0103_c0089,0.0
r0103_c0090,0.0
r0103_c0091,0.0
r0103_c0093,177.78
r0104_c0005,0.0
r0104_c0006,0.0
r0104_c0007,88.89
r0104_c0008,0.0
r0104_c0009,0.0
r0104_c0010,0.0
r0104_c0011,0.0
r0104_c0012,0.0
r0104_c0013,0.0
r0104_c0014,0.0
r0104_c0015,0.0
r0104_c0016,0.0
r0104_c0017,0.0
r0104_c0018,0.0
r0104_c0019,0.0
r0104_c0020,44.44
r0104_c0021,0.0
r0104_c0022,0.0
r0104_c0023,0.0
r0104_c0024,0.0
r0104_c0025,133.33
r0104_c0026,0.0
r0104_c0027,88.89
r0104_c0028,88.89
r0104_c0029,0.0
r0104_c0030,88.89
r0104_c0031,88.89
r0104_c0032,0.0
r0104_c0033,0.0
r0104_c0034,0.0
r0104_c0036,0.0
r0104_c0037,88.89
r0104_c0041,0.0
r0104_c0043,88.89
r0104_c0044,0.0
r0104_c0045,0.0
r0104_c0046,0.0
r0104_c0047,133.33
r0104_c0048,88.89
r0104_c0049,0.0
r0104_c0050,88.89
r0104_c0051,0.0
r0104_c0052,0.0
r0104_c0053,177.78
r0104_c0056,88.89
r0104_c0057,0.0
r0104_c0058,0.0
r0104_c0060,0.0
r0104_c0071,88.89
r0104_c0072,0.0
r0104_c0073,0.0
r0104_c0074,44.44
r0104_c0075,0.0
r0104_c0076,0.0
r0104_c0077,44.44
r0104_c0078,0.0
r0104_c0079,0.0
r0104_c0080,0.0
r0104_c0081,88.89
r0104_c0082,0.0
r0104_c0083,0.0
r0104_c0084,0.0
r0104_c0085,44.44
r0104_c0086,44.44
r0104_c0087,0.0
r0104_c0088,0.0
r0104_c0089,0.0
r0104_c0090,0.0
r0104_c0091,0.0
r0104_c0092,0.0
r0105_c0006,88.89
r0105_c0007,0.0
r0105_c0008,0.0
r0105_c0009,0.0
r0105_c0010,0.0
r0105_c0011,0.0
r0105_c0012,0.0
r0105_c0013,88.89
r0105_c0014,88.89
r0105_c0015,88.89
r0105_c0016,44.44
r0105_c0017,44.44
r0105_c0018,0.0
r0105_c0019,0.0
r0105_c0020,88.89
r0105_c0021,0.0
r0105_c0022,0.0
r0105_c0024,44.44
r0105_c0025,0.0
r0105_c0026,0.0
r0105_c0027,0.0
r0105_c0028,0.0
r0105_c0029,0.0
r0105_c0030,0.0
r0105_c0031,0.0
r0105_c0032,0.0
r0105_c0033,0.0
r0105_c0034,0.0
r0105_c0035,0.0
r0105_c0036,44.44
r0105_c0037,0.0
r0105_c0043,44.44
r0105_c0044,88.89
r0105_c0045,44.44
r0105_c0046,44.44
r0105_c0047,88.89
r0105_c0048,44.44
r0105_c0049,0.0
r0105_c0050,44.44
r0105_c0051,0.0
r0105_c0052,0.0
r0105_c0053,0.0
r0105_c0054,88.89
r0105_c0055,0.0
r0105_c0056,88.89
r0105_c0057,0.0
r0105_c0058,0.0
r0105_c0059,0.0
r0105_c0071,44.44
r0105_c0072,711.11
r0105_c0074,88.89
r0105_c0075,133.33
r0105_c0076,0.0
r0105_c0077,133.33
r0105_c0078,0.0
r0105_c0079,88.89
r0105_c0080,0.0
r0105_c0081,133.33
r0105_c0082,0.0
r0105_c0083,88.89
r0105_c0084,88.89
r0105_c0085,0.0
r0105_c0086,0.0
r0105_c0087,88.89
r0105_c0088,0.0
r0105_c0089,0.0
r0105_c0090,0.0
r0105_c0091,88.89
r0106_c0004,0.0
r0106_c0005,44.44
r0106_c0006,44.44
r0106_c0007,0.0
r0106_c0008,0.0
r0106_c0009,0.0
r0106_c0010,0.0
r0106_c0011,0.0
r0106_c0012,44.44
r0106_c0013,0.0
r0106_c0014,0.0
r0106_c0015,0.0
r0106_c0016,0.0
r0106_c0017,0.0
r0106_c0018,0.0
r0106_c0020,88.89
r0106_c0021,0.0
r0106_c0022,0.0
r0106_c0023,44.44
r0106_c0024,0.0
r0106_c0025,0.0
r0106_c0026,0.0
r0106_c0027,44.44
r0106_c0028,44.44
r0106_c0029,0.0
r0106_c0030,0.0
r0106_c0031,0.0
r0106_c0032,0.0
r0106_c0033,0.0
r0106_c0034,0.0
r0106_c0035,0.0
r0106_c0036,133.33
r0106_c0037,0.0
r0106_c0038,0.0
r0106_c0039,0.0
r0106_c0040,0.0
r0106_c0043,0.0
r0106_c0044,0.0
r0106_c0045,0.0
r0106_c0046,0.0
r0106_c0047,0.0
r0106_c0048,88.89
r0106_c0049,0.0
r0106_c0050,44.44
r0106_c0051,0.0
r0106_c0052,0.0
r0106_c0053,0.0
r0106_c0054,44.44
r0106_c0055,44.44
r0106_c0056,0.0
r0106_c0057,0.0
r0106_c0058,0.0
r0106_c0059,0.0
r0106_c0063,0.0
r0106_c0065,0.0
r0106_c0071,0.0
r0106_c0074,0.0
r0106_c0075,0.0
r0106_c0076,0.0
r0106_c0077,0.0
r0106_c0078,0.0
r0106_c0079,0.0
r0106_c0080,0.0
r0106_c0081,0.0
r0106_c0082,0.0
r0106_c0083,0.0
r0106_c0084,0.0
r0106_c0085,0.0
r0106_c0086,0.0
r0106_c0087,0.0
r0106_c0088,0.0
r0106_c0089,88.89
r0106_c0090,0.0
r0106_c0091,222.22
r0107_c0005,133.33
r0107_c0006,0.0
r0107_c0007,88.89
r0107_c0008,44.44
r0107_c0009,0.0
r0107_c0010,44.44
r0107_c0011,44.44
r0107_c0012,0.0
r0107_c0013,0.0
r0107_c0014,0.0
r0107_c0015,0.0
r0107_c0017,44.44
r0107_c0019,177.78
r0107_c0020,0.0
r0107_c0021,44.44
r0107_c0022,44.44
r0107_c0024,0.0
r0107_c0025,0.0
r0107_c0026,0.0
r0107_c0027,0.0
r0107_c0028,0.0
r0107_c0029,0.0
r0107_c0030,0.0
r0107_c0031,0.0
r0107_c0032,0.0
r0107_c0033,0.0
r0107_c0034,0.0
r0107_c0035,88.89
r0107_c0036,133.33
r0107_c0037,88.89
r0107_c0038,88.89
r0107_c0039,0.0
r0107_c0040,0.0
r0107_c0044,0.0
r0107_c0045,0.0
r0107_c0047,0.0
r0107_c0048,44.44
r0107_c0049,0.0
r0107_c0050,88.89
r0107_c0051,0.0
r0107_c0052,0.0
r0107_c0053,0.0
r0107_c0054,0.0
r0107_c0055,133.33
r0107_c0056,0.0
r0107_c0057,0.0
r0107_c0058,0.0
r0107_c0059,0.0
r0107_c0063,0.0
r0107_c0065,0.0
r0107_c0075,44.44
r0107_c0077,0.0
r0107_c0078,0.0
r0107_c0079,0.0
r0107_c0080,0.0
r0107_c0081,88.89
r0107_c0083,0.0
r0107_c0084,44.44
r0107_c0085,0.0
r0107_c0086,0.0
r0107_c0087,0.0
r0107_c0090,133.33
r0108_c0005,88.89
r0108_c0006,0.0
r0108_c0007,0.0
r0108_c0009,0.0
r0108_c0010,0.0
r0108_c0011,0.0
r0108_c0012,0.0
r0108_c0013,0.0
r0108_c0014,0.0
r0108_c0015,0.0
r0108_c0016,0.0
r0108_c0017,0.0
r0108_c0018,0.0
r0108_c0019,88.89
r0108_c0021,44.44
r0108_c0022,0.0
r0108_c0023,0.0
r0108_c0024,0.0
r0108_c0025,0.0
r0108_c0026,0.0
r0108_c0027,222.22
r0108_c0028,0.0
r0108_c0029,0.0
r0108_c0030,88.89
r0108_c0031,88.89
r0108_c0032,0.0
r0108_c0033,88.89
r0108_c0034,0.0
r0108_c0035,177.78
r0108_c0036,0.0
r0108_c0037,0.0
r0108_c0038,0.0
r0108_c0039,0.0
r0108_c0047,0.0
r0108_c0048,88.89
r0108_c0049,0.0
r0108_c0050,177.78
r0108_c0051,0.0
r0108_c0052,0.0
r0108_c0053,0.0
r0108_c0054,0.0
r0108_c0055,444.44
r0108_c0056,0.0
r0108_c0057,0.0
r0108_c0058,0.0
r0108_c0059,0.0
r0108_c0060,0.0
r0108_c0065,0.0
r0108_c0070,0.0
r0108_c0073,177.78
r0108_c0074,222.22
r0108_c0075,44.44
r0108_c0076,0.0
r0108_c0077,0.0
r0108_c0078,0.0
r0108_c0079,0.0
r0108_c0080,0.0
r0108_c0081,44.44
r0108_c0083,0.0
r0108_c0084,88.89
r0108_c0085,0.0
r0108_c0086,0.0
r0108_c0087,0.0
r0108_c0089,88.89
r0109_c0008,0.0
r0109_c0010,0.0
r0109_c0011,0.0
r0109_c0012,0.0
r0109_c0013,0.0
r0109_c0014,0.0
r0109_c0015,0.0
r0109_c0016,0.0
r0109_c0017,0.0
r0109_c0018,44.44
r0109_c0020,133.33
r0109_c0021,0.0
r0109_c0022,0.0
r0109_c0023,0.0
r0109_c0024,0.0
r0109_c0025,0.0
r0109_c0026,0.0
r0109_c0027,0.0
r0109_c0028,0.0
r0109_c0029,0.0
r0109_c0030,0.0
r0109_c0031,0.0
r0109_c0032,0.0
r0109_c0033,0.0
r0109_c0034,0.0
r0109_c0035,44.44
r0109_c0036,0.0
r0109_c0043,0.0
r0109_c0044,0.0
r0109_c0045,0.0
r0109_c0048,0.0
r0109_c0049,0.0
r0109_c0050,88.89
r0109_c0051,0.0
r0109_c0052,0.0
r0109_c0053,0.0
r0109_c0054,0.0
r0109_c0055,0.0
r0109_c0056,88.89
r0109_c0057,0.0
r0109_c0058,0.0
r0109_c0059,0.0
r0109_c0067,0.0
r0109_c0071,0.0
r0109_c0072,0.0
r0109_c0073,44.44
r0109_c0074,0.0
r0109_c0075,133.33
r0109_c0076,0.0
r0109_c0077,0.0
r0109_c0078,0.0
r0109_c0079,0.0
r0109_c0080,0.0
r0109_c0081,88.89
r0109_c0082,0.0
r0109_c0083,0.0
r0109_c0084,44.44
r0109_c0085,88.89
r0109_c0088,177.78
r0110_c0010,0.0
r0110_c0011,0.0
r0110_c0012,0.0
r0110_c0013,0.0
r0110_c0014,0.0
r0110_c0015,0.0
r0110_c0016,0.0
r0110_c0019,44.44
r0110_c0020,88.89
r0110_c0021,44.44
r0110_c0022,0.0
r0110_c0023,0.0
r0110_c0024,0.0
r0110_c0025,0.0
r0110_c0026,88.89
r0110_c0027,0.0
r0110_c0029,0.0
r0110_c0030,0.0
r0110_c0034,88.89
r0110_c0035,0.0
r0110_c0037,0.0
r0110_c0042,0.0
r0110_c0043,0.0
r0110_c0044,0.0
r0110_c0045,0.0
r0110_c0046,0.0
r0110_c0047,0.0
r0110_c0048,88.89
r0110_c0049,0.0
r0110_c0050,0.0
r0110_c0051,0.0
r0110_c0052,0.0
r0110_c0053,0.0
r0110_c0054,0.0
r0110_c0055,88.89
r0110_c0056,0.0
r0110_c0057,44.44
r0110_c0058,0.0
r0110_c0059,0.0
r0110_c0060,0.0
r0110_c0067,44.44
r0110_c0072,0.0
r0110_c0073,44.44
r0110_c0074,44.44
r0110_c0075,177.78
r0110_c0076,0.0
r0110_c0077,0.0
r0110_c0078,0.0
r0110_c0079,0.0
r0110_c0080,0.0
r0110_c0081,88.89
r0110_c0082,0.0
r0110_c0083,0.0
r0110_c0084,88.89
r0110_c0087,133.33
r0111_c0010,0.0
r0111_c0011,0.0
r0111_c0012,0.0
r0111_c0013,0.0
r0111_c0014,0.0
r0111_c0015,0.0
r0111_c0016,0.0
r0111_c0017,88.89
r0111_c0018,44.44
r0111_c0019,0.0
r0111_c0020,0.0
r0111_c0021,44.44
r0111_c0022,44.44
r0111_c0023,0.0
r0111_c0025,44.44
r0111_c0026,0.0
r0111_c0027,0.0
r0111_c0029,0.0
r0111_c0030,0.0
r0111_c0031,0.0
r0111_c0032,0.0
r0111_c0033,0.0
r0111_c0034,133.33
r0111_c0035,0.0
r0111_c0036,0.0
r0111_c0037,0.0
r0111_c0038,0.0
r0111_c0039,0.0
r0111_c0042,0.0
r0111_c0043,0.0
r0111_c0044,0.0
r0111_c0045,0.0
r0111_c0046,0.0
r0111_c0047,0.0
r0111_c0048,0.0
r0111_c0049,0.0
r0111_c0050,133.33
r0111_c0051,0.0
r0111_c0052,0.0
r0111_c0053,0.0
r0111_c0054,0.0
r0111_c0055,0.0
r0111_c0056,0.0
r0111_c0057,88.89
r0111_c0058,0.0
r0111_c0059,0.0
r0111_c0060,0.0
r0111_c0061,0.0
r0111_c0062,0.0
r0111_c0066,0.0
r0111_c0068,133.33
r0111_c0069,88.89
r0111_c0072,88.89
r0111_c0073,88.89
r0111_c0074,0.0
r0111_c0075,88.89
r0111_c0076,44.44
r0111_c0077,44.44
r0111_c0078,0.0
r0111_c0079,0.0
r0111_c0080,88.89
r0111_c0081,0.0
r0111_c0082,0.0
r0111_c0083,0.0
r0111_c0084,0.0
r0111_c0085,44.44
r0111_c0086,44.44
r0112_c0010,0.0
r0112_c0011,0.0
r0112_c0012,0.0
r0112_c0013,0.0
r0112_c0014,0.0
r0112_c0015,0.0
r0112_c0016,0.0
r0112_c0017,44.44
r0112_c0019,0.0
r0112_c0020,0.0
r0112_c0021,0.0
r0112_c0022,44.44
r0112_c0023,0.0
r0112_c0024,0.0
r0112_c0025,44.44
r0112_c0026,0.0
r0112_c0027,0.0
r0112_c0028,0.0
r0112_c0029,0.0
r0112_c0030,0.0
r0112_c0031,0.0
r0112_c0032,0.0
r0112_c0033,44.44
r0112_c0034,0.0
r0112_c0035,0.0
r0112_c0036,0.0
r0112_c0037,0.0
r0112_c0038,0.0
r0112_c0043,0.0
r0112_c0044,0.0
r0112_c0045,0.0
r0112_c0046,0.0
r0112_c0047,0.0
r0112_c0048,0.0
r0112_c0049,0.0
r0112_c0050,44.44
r0112_c0052,0.0
r0112_c0055,177.78
r0112_c0056,88.89
r0112_c0057,0.0
r0112_c0058,266.67
r0112_c0059,88.89
r0112_c0060,133.33
r0112_c0061,88.89
r0112_c0063,0.0
r0112_c0066,0.0
r0112_c0067,44.44
r0112_c0071,0.0
r0112_c0072,0.0
r0112_c0073,0.0
r0112_c0074,0.0
r0112_c0075,133.33
r0112_c0076,0.0
r0112_c0077,44.44
r0112_c0078,88.89
r0112_c0081,0.0
r0112_c0082,0.0
r0112_c0083,0.0
r0112_c0084,44.44
r0113_c0010,0.0
r0113_c0011,0.0
r0113_c0012,0.0
r0113_c0013,0.0
r0113_c0014,0.0
r0113_c0015,44.44
r0113_c0016,44.44
r0113_c0017,0.0
r0113_c0018,0.0
r0113_c0019,0.0
r0113_c0020,0.0
r0113_c0021,0.0
r0113_c0022,0.0
r0113_c0023,44.44
r0113_c0024,0.0
r0113_c0025,133.33
r0113_c0026,0.0
r0113_c0027,0.0
r0113_c0028,0.0
r0113_c0029,44.44
r0113_c0030,44.44
r0113_c0031,0.0
r0113_c0033,222.22
r0113_c0034,0.0
r0113_c0035,0.0
r0113_c0038,0.0
r0113_c0039,0.0
r0113_c0043,0.0
r0113_c0044,0.0
r0113_c0045,0.0
r0113_c0046,0.0
r0113_c0047,0.0
r0113_c0048,88.89
r0113_c0049,0.0
r0113_c0050,44.44
r0113_c0054,88.89
r0113_c0055,44.44
r0113_c0056,0.0
r0113_c0057,0.0
r0113_c0059,133.33
r0113_c0060,0.0
r0113_c0061,0.0
r0113_c0062,88.89
r0113_c0064,0.0
r0113_c0065,0.0
r0113_c0066,0.0
r0113_c0067,88.89
r0113_c0068,0.0
r0113_c0070,0.0
r0113_c0071,0.0
r0113_c0072,0.0
r0113_c0073,0.0
r0113_c0076,0.0
r0113_c0077,0.0
r0113_c0078,0.0
r0113_c0079,88.89
r0113_c0080,88.89
r0113_c0081,88.89
r0113_c0082,0.0
r0113_c0083,0.0
r0113_c0084,88.89
r0114_c0010,0.0
r0114_c0011,0.0
r0114_c0012,0.0
r0114_c0013,0.0
r0114_c0014,0.0
r0114_c0015,88.89
r0114_c0016,0.0
r0114_c0017,0.0
r0114_c0018,0.0
r0114_c0019,0.0
r0114_c0020,0.0
r0114_c0021,0.0
r0114_c0022,0.0
r0114_c0023,44.44
r0114_c0024,44.44
r0114_c0025,0.0
r0114_c0026,0.0
r0114_c0027,0.0
r0114_c0028,0.0
r0114_c0029,0.0
r0114_c0030,0.0
r0114_c0033,222.22
r0114_c0034,0.0
r0114_c0035,0.0
r0114_c0037,0.0
r0114_c0038,0.0
r0114_c0044,0.0
r0114_c0045,0.0
r0114_c0046,0.0
r0114_c0047,0.0
r0114_c0048,0.0
r0114_c0049,0.0
r0114_c0050,44.44
r0114_c0051,0.0
r0114_c0052,0.0
r0114_c0053,0.0
r0114_c0054,0.0
r0114_c0055,44.44
r0114_c0057,0.0
r0114_c0058,0.0
r0114_c0059,44.44
r0114_c0060,0.0
r0114_c0061,0.0
r0114_c0062,0.0
r0114_c0063,0.0
r0114_c0064,0.0
r0114_c0065,0.0
r0114_c0066,88.89
r0114_c0067,44.44
r0114_c0068,0.0
r0114_c0070,0.0
r0114_c0071,0.0
r0114_c0075,44.44
r0114_c0076,0.0
r0114_c0077,177.78
r0114_c0080,0.0
r0114_c0081,0.0
r0114_c0082,177.78
r0114_c0083,355.56
r0115_c0011,0.0
r0115_c0012,0.0
r0115_c0013,88.89
r0115_c0014,0.0
r0115_c0015,0.0
r0115_c0016,0.0
r0115_c0017,0.0
r0115_c0018,0.0
r0115_c0019,0.0
r0115_c0020,0.0
r0115_c0021,0.0
r0115_c0022,0.0
r0115_c0023,0.0
r0115_c0024,133.33
r0115_c0025,0.0
r0115_c0026,0.0
r0115_c0027,0.0
r0115_c0028,0.0
r0115_c0029,0.0
r0115_c0030,0.0
r0115_c0031,0.0
r0115_c0032,44.44
r0115_c0034,0.0
r0115_c0035,0.0
r0115_c0036,0.0
r0115_c0037,0.0
r0115_c0038,0.0
r0115_c0039,0.0
r0115_c0040,0.0
r0115_c0045,0.0
r0115_c0046,0.0
r0115_c0047,0.0
r0115_c0048,88.89
r0115_c0049,0.0
r0115_c0050,177.78
r0115_c0051,0.0
r0115_c0052,0.0
r0115_c0053,0.0
r0115_c0054,88.89
r0115_c0055,0.0
r0115_c0056,88.89
r0115_c0057,0.0
r0115_c0058,0.0
r0115_c0059,44.44
r0115_c0060,0.0
r0115_c0061,0.0
r0115_c0062,0.0
r0115_c0063,0.0
r0115_c0064,88.89
r0115_c0065,133.33
r0115_c0066,0.0
r0115_c0069,0.0
r0115_c0070,0.0
r0115_c0071,0.0
r0115_c0072,0.0
r0115_c0073,0.0
r0115_c0074,0.0
r0115_c0075,44.44
r0115_c0076,0.0
r0115_c0077,0.0
r0115_c0079,0.0
r0115_c0080,0.0
r0115_c0081,0.0
r0116_c0011,44.44
r0116_c0012,133.33
r0116_c0013,0.0
r0116_c0014,0.0
r0116_c0015,0.0
r0116_c0016,0.0
r0116_c0017,0.0
r0116_c0018,0.0
r0116_c0019,0.0
r0116_c0020,0.0
r0116_c0021,0.0
r0116_c0022,0.0
r0116_c0023,88.89
r0116_c0024,222.22
r0116_c0025,0.0
r0116_c0026,0.0
r0116_c0027,0.0
r0116_c0028,0.0
r0116_c0029,0.0
r0116_c0030,0.0
r0116_c0031,44.44
r0116_c0032,44.44
r0116_c0033,0.0
r0116_c0034,0.0
r0116_c0035,0.0
r0116_c0036,0.0
r0116_c0037,0.0
r0116_c0038,0.0
r0116_c0039,0.0
r0116_c0045,0.0
r0116_c0046,0.0
r0116_c0047,0.0
r0116_c0048,0.0
r0116_c0049,0.0
r0116_c0050,44.44
r0116_c0051,0.0
r0116_c0052,0.0
r0116_c0053,0.0
r0116_c0054,44.44
r0116_c0055,0.0
r0116_c0056,44.44
r0116_c0057,133.33
r0116_c0058,0.0
r0116_c0059,0.0
r0116_c0060,88.89
r0116_c0061,0.0
r0116_c0062,0.0
r0116_c0063,0.0
r0116_c0064,0.0
r0116_c0065,0.0
r0116_c0066,0.0
r0116_c0068,0.0
r0116_c0069,0.0
r0116_c0070,0.0
r0116_c0071,0.0
r0116_c0072,0.0
r0116_c0073,0.0
r0116_c0074,0.0
r0116_c0075,133.33
r0116_c0076,0.0
r0116_c0079,0.0
r0116_c0080,0.0
r0116_c0081,88.89
r0117_c0012,266.67
r0117_c0013,0.0
r0117_c0014,0.0
r0117_c0015,0.0
r0117_c0016,0.0
r0117_c0017,0.0
r0117_c0018,0.0
r0117_c0019,0.0
r0117_c0020,0.0
r0117_c0021,0.0
r0117_c0022,0.0
r0117_c0023,133.33
r0117_c0024,44.44
r0117_c0026,0.0
r0117_c0027,0.0
r0117_c0028,0.0
r0117_c0029,0.0
r0117_c0030,0.0
r0117_c0031,44.44
r0117_c0032,0.0
r0117_c0033,0.0
r0117_c0034,0.0
r0117_c0035,0.0
r0117_c0036,0.0
r0117_c0037,0.0
r0117_c0038,0.0
r0117_c0039,0.0
r0117_c0041,0.0
r0117_c0046,0.0
r0117_c0047,0.0
r0117_c0048,0.0
r0117_c0049,0.0
r0117_c0050,44.44
r0117_c0051,0.0
r0117_c0052,0.0
r0117_c0053,0.0
r0117_c0054,88.89
r0117_c0055,0.0
r0117_c0056,0.0
r0117_c0057,0.0
r0117_c0058,0.0
r0117_c0059,0.0
r0117_c0060,0.0
r0117_c0061,0.0
r0117_c0062,0.0
r0117_c0063,0.0
r0117_c0064,0.0
r0117_c0065,0.0
r0117_c0068,0.0
r0117_c0069,0.0
r0117_c0070,0.0
r0117_c0071,0.0
r0117_c0072,0.0
r0117_c0073,88.89
r0117_c0074,44.44
r0117_c0075,0.0
r0117_c0076,0.0
r0117_c0079,0.0
r0117_c0080,88.89
r0118_c0013,88.89
r0118_c0014,0.0
r0118_c0015,0.0
r0118_c0016,0.0
r0118_c0017,0.0
r0118_c0018,0.0
r0118_c0019,0.0
r0118_c0020,0.0
r0118_c0021,0.0
r0118_c0022,0.0
r0118_c0023,0.0
r0118_c0024,44.44
r0118_c0026,133.33
r0118_c0027,0.0
r0118_c0028,0.0
r0118_c0029,0.0
r0118_c0030,44.44
r0118_c0031,88.89
r0118_c0032,0.0
r0118_c0033,0.0
r0118_c0034,0.0
r0118_c0035,0.0
r0118_c0036,0.0
r0118_c0037,0.0
r0118_c0038,0.0
r0118_c0045,0.0
r0118_c0047,0.0
r0118_c0048,88.89
r0118_c0049,0.0
r0118_c0050,44.44
r0118_c0051,0.0
r0118_c0052,0.0
r0118_c0053,0.0
r0118_c0054,44.44
r0118_c0055,0.0
r0118_c0056,0.0
r0118_c0057,0.0
r0118_c0058,88.89
r0118_c0059,0.0
r0118_c0060,0.0
r0118_c0061,88.89
r0118_c0062,0.0
r0118_c0063,0.0
r0118_c0064,0.0
r0118_c0065,0.0
r0118_c0067,0.0
r0118_c0068,577.78
r0118_c0069,44.44
r0118_c0070,0.0
r0118_c0071,0.0
r0118_c0072,0.0
r0118_c0073,0.0
r0118_c0074,0.0
r0118_c0075,88.89
r0118_c0076,0.0
r0118_c0077,0.0
r0118_c0078,0.0
r0118_c0079,0.0
r0119_c0014,0.0
r0119_c0015,0.0
r0119_c0016,0.0
r0119_c0017,0.0
r0119_c0018,0.0
r0119_c0019,0.0
r0119_c0020,0.0
r0119_c0021,0.0
r0119_c0022,0.0
r0119_c0023,44.44
r0119_c0027,44.44
r0119_c0028,0.0
r0119_c0029,0.0
r0119_c0030,88.89
r0119_c0031,0.0
r0119_c0032,0.0
r0119_c0033,0.0
r0119_c0034,0.0
r0119_c0035,0.0
r0119_c0036,0.0
r0119_c0037,0.0
r0119_c0038,0.0
r0119_c0040,0.0
r0119_c0048,44.44
r0119_c0049,0.0
r0119_c0050,88.89
r0119_c0051,0.0
r0119_c0052,0.0
r0119_c0053,44.44
r0119_c0054,44.44
r0119_c0055,0.0
r0119_c0056,0.0
r0119_c0057,0.0
r0119_c0058,88.89
r0119_c0059,0.0
r0119_c0060,0.0
r0119_c0061,0.0
r0119_c0062,88.89
r0119_c0063,0.0
r0119_c0064,0.0
r0119_c0070,133.33
r0119_c0071,44.44
r0119_c0072,177.78
r0119_c0073,88.89
r0119_c0074,0.0
r0119_c0075,177.78
r0119_c0076,44.44
r0119_c0077,0.0
r0120_c0015,88.89
r0120_c0016,0.0
r0120_c0017,0.0
r0120_c0018,0.0
r0120_c0019,0.0
r0120_c0020,0.0
r0120_c0021,0.0
r0120_c0022,0.0
r0120_c0023,0.0
r0120_c0024,0.0
r0120_c0025,0.0
r0120_c0027,88.89
r0120_c0028,44.44
r0120_c0029,0.0
r0120_c0030,88.89
r0120_c0031,0.0
r0120_c0032,0.0
r0120_c0033,0.0
r0120_c0034,0.0
r0120_c0035,0.0
r0120_c0036,0.0
r0120_c0037,0.0
r0120_c0047,0.0
r0120_c0049,44.44
r0120_c0050,0.0
r0120_c0051,0.0
r0120_c0052,0.0
r0120_c0053,44.44
r0120_c0054,0.0
r0120_c0055,0.0
r0120_c0056,0.0
r0120_c0057,0.0
r0120_c0058,0.0
r0120_c0059,0.0
r0120_c0060,0.0
r0120_c0061,0.0
r0120_c0062,0.0
r0120_c0063,44.44
r0120_c0064,0.0
r0120_c0065,0.0
r0120_c0072,0.0
r0120_c0073,0.0
r0120_c0077,88.89
r0121_c0016,88.89
r0121_c0017,0.0
r0121_c0018,0.0
r0121_c0019,0.0
r0121_c0020,0.0
r0121_c0021,0.0
r0121_c0022,88.89
r0121_c0023,0.0
r0121_c0024,0.0
r0121_c0025,0.0
r0121_c0026,0.0
r0121_c0027,0.0
r0121_c0028,88.89
r0121_c0029,0.0
r0121_c0030,0.0
r0121_c0031,0.0
r0121_c0032,0.0
r0121_c0033,0.0
r0121_c0034,0.0
r0121_c0035,0.0
r0121_c0036,0.0
r0121_c0049,0.0
r0121_c0050,88.89
r0121_c0051,0.0
r0121_c0052,0.0
r0121_c0053,44.44
r0121_c0054,0.0
r0121_c0055,0.0
r0121_c0056,0.0
r0121_c0057,0.0
r0121_c0058,88.89
r0121_c0059,0.0
r0121_c0060,0.0
r0121_c0061,0.0
r0121_c0062,0.0
r0121_c0063,44.44
r0121_c0064,88.89
r0121_c0065,0.0
r0121_c0068,44.44
r0121_c0069,44.44
r0121_c0070,0.0
r0121_c0071,0.0
r0121_c0072,0.0
r0121_c0073,0.0
r0121_c0074,0.0
r0121_c0075,0.0
r0121_c0076,88.89
r0122_c0017,88.89
r0122_c0018,0.0
r0122_c0019,0.0
r0122_c0020,0.0
r0122_c0021,0.0
r0122_c0022,0.0
r0122_c0023,0.0
r0122_c0024,0.0
r0122_c0025,0.0
r0122_c0026,0.0
r0122_c0027,0.0
r0122_c0028,0.0
r0122_c0029,177.78
r0122_c0030,0.0
r0122_c0031,0.0
r0122_c0032,0.0
r0122_c0033,0.0
r0122_c0041,0.0
r0122_c0049,88.89
r0122_c0050,311.11
r0122_c0051,0.0
r0122_c0052,0.0
r0122_c0053,177.78
r0122_c0054,0.0
r0122_c0060,0.0
r0122_c0061,0.0
r0122_c0062,88.89
r0122_c0064,0.0
r0122_c0065,88.89
r0122_c0066,0.0
r0122_c0067,88.89
r0122_c0068,0.0
r0122_c0069,0.0
r0122_c0070,0.0
r0122_c0071,0.0
r0122_c0072,44.44
r0122_c0073,0.0
r0122_c0074,44.44
r0122_c0075,222.22
r0123_c0018,0.0
r0123_c0019,0.0
r0123_c0020,0.0
r0123_c0021,0.0
r0123_c0022,0.0
r0123_c0023,0.0
r0123_c0024,0.0
r0123_c0025,0.0
r0123_c0026,0.0
r0123_c0027,0.0
r0123_c0028,44.44
r0123_c0029,0.0
r0123_c0030,0.0
r0123_c0031,0.0
r0123_c0032,0.0
r0123_c0033,0.0
r0123_c0048,0.0
r0123_c0049,0.0
r0123_c0050,88.89
r0123_c0051,0.0
r0123_c0052,0.0
r0123_c0053,0.0
r0123_c0054,0.0
r0123_c0056,88.89
r0123_c0057,177.78
r0123_c0060,88.89
r0123_c0061,0.0
r0123_c0062,0.0
r0123_c0063,0.0
r0123_c0064,44.44
r0123_c0065,0.0
r0123_c0066,0.0
r0123_c0067,0.0
r0123_c0068,88.89
r0123_c0069,0.0
r0123_c0070,44.44
r0123_c0071,0.0
r0123_c0072,0.0
r0123_c0073,0.0
r0123_c0074,133.33
r0124_c0019,88.89
r0124_c0020,88.89
r0124_c0021,44.44
r0124_c0022,0.0
r0124_c0023,0.0
r0124_c0024,0.0
r0124_c0025,0.0
r0124_c0026,0.0
r0124_c0027,0.0
r0124_c0028,44.44
r0124_c0029,0.0
r0124_c0030,88.89
r0124_c0031,0.0
r0124_c0032,0.0
r0124_c0033,0.0
r0124_c0034,0.0
r0124_c0035,0.0
r0124_c0036,0.0
r0124_c0037,0.0
r0124_c0047,0.0
r0124_c0048,88.89
r0124_c0049,0.0
r0124_c0050,44.44
r0124_c0051,0.0
r0124_c0052,0.0
r0124_c0053,88.89
r0124_c0054,0.0
r0124_c0055,0.0
r0124_c0056,0.0
r0124_c0058,177.78
r0124_c0059,0.0
r0124_c0060,0.0
r0124_c0061,0.0
r0124_c0062,0.0
r0124_c0063,0.0
r0124_c0064,88.89
r0124_c0065,88.89
r0124_c0066,0.0
r0124_c0067,0.0
r0124_c0068,0.0
r0124_c0069,88.89
r0124_c0070,0.0
r0124_c0071,0.0
r0124_c0072,44.44
r0124_c0073,133.33
r0125_c0020,622.22
r0125_c0021,0.0
r0125_c0022,0.0
r0125_c0023,0.0
r0125_c0024,0.0
r0125_c0025,0.0
r0125_c0026,0.0
r0125_c0027,44.44
r0125_c0028,44.44
r0125_c0029,0.0
r0125_c0030,88.89
r0125_c0031,0.0
r0125_c0032,0.0
r0125_c0033,0.0
r0125_c0034,0.0
r0125_c0035,0.0
r0125_c0036,0.0
r0125_c0037,0.0
r0125_c0039,44.44
r0125_c0047,0.0
r0125_c0048,0.0
r0125_c0049,0.0
r0125_c0050,44.44
r0125_c0051,0.0
r0125_c0052,0.0
r0125_c0053,0.0
r0125_c0055,0.0
r0125_c0056,0.0
r0125_c0057,0.0
r0125_c0058,88.89
r0125_c0059,0.0
r0125_c0060,0.0
r0125_c0062,0.0
r0125_c0063,0.0
r0125_c0064,44.44
r0125_c0065,0.0
r0125_c0066,0.0
r0125_c0070,0.0
r0125_c0071,44.44
r0125_c0072,177.78
r0126_c0021,400.0
r0126_c0022,0.0
r0126_c0023,0.0
r0126_c0024,0.0
r0126_c0025,0.0
r0126_c0026,0.0
r0126_c0027,88.89
r0126_c0028,0.0
r0126_c0029,0.0
r0126_c0030,0.0
r0126_c0031,88.89
r0126_c0032,44.44
r0126_c0033,133.33
r0126_c0034,0.0
r0126_c0035,0.0
r0126_c0036,0.0
r0126_c0037,88.89
r0126_c0044,0.0
r0126_c0047,0.0
r0126_c0048,0.0
r0126_c0049,0.0
r0126_c0050,177.78
r0126_c0051,0.0
r0126_c0052,0.0
r0126_c0053,88.89
r0126_c0054,0.0
r0126_c0056,0.0
r0126_c0057,0.0
r0126_c0058,88.89
r0126_c0059,0.0
r0126_c0060,0.0
r0126_c0061,0.0
r0126_c0064,88.89
r0126_c0065,0.0
r0126_c0067,0.0
r0126_c0068,0.0
r0126_c0069,44.44
r0126_c0070,88.89
r0126_c0071,177.78
r0127_c0022,88.89
r0127_c0023,0.0
r0127_c0024,0.0
r0127_c0025,0.0
r0127_c0026,88.89
r0127_c0027,44.44
r0127_c0028,0.0
r0127_c0029,0.0
r0127_c0030,0.0
r0127_c0031,0.0
r0127_c0032,0.0
r0127_c0033,0.0
r0127_c0034,0.0
r0127_c0035,0.0
r0127_c0036,0.0
r0127_c0037,0.0
r0127_c0038,44.44
r0127_c0047,0.0
r0127_c0048,133.33
r0127_c0049,44.44
r0127_c0050,0.0
r0127_c0051,0.0
r0127_c0052,0.0
r0127_c0053,0.0
r0127_c0054,0.0
r0127_c0055,0.0
r0127_c0056,0.0
r0127_c0057,0.0
r0127_c0058,88.89
r0127_c0059,0.0
r0127_c0060,0.0
r0127_c0061,0.0
r0127_c0062,0.0
r0127_c0063,88.89
r0127_c0064,0.0
r0127_c0066,88.89
r0127_c0068,0.0
r0127_c0069,0.0
r0127_c0070,88.89
r0128_c0023,44.44
r0128_c0024,0.0
r0128_c0025,0.0
r0128_c0026,0.0
r0128_c0027,0.0
r0128_c0028,0.0
r0128_c0029,0.0
r0128_c0030,0.0
r0128_c0031,0.0
r0128_c0032,0.0
r0128_c0033,0.0
r0128_c0034,0.0
r0128_c0035,0.0
r0128_c0036,0.0
r0128_c0037,0.0
r0128_c0045,0.0
r0128_c0049,44.44
r0128_c0050,177.78
r0128_c0051,0.0
r0128_c0052,0.0
r0128_c0053,88.89
r0128_c0054,0.0
r0128_c0055,0.0
r0128_c0056,0.0
r0128_c0057,0.0
r0128_c0058,44.44
r0128_c0059,0.0
r0128_c0060,0.0
r0128_c0061,0.0
r0128_c0062,0.0
r0128_c0063,44.44
r0128_c0065,0.0
r0128_c0066,0.0
r0128_c0067,0.0
r0128_c0068,0.0
r0128_c0069,133.33
r0129_c0024,133.33
r0129_c0025,44.44
r0129_c0026,177.78
r0129_c0027,0.0
r0129_c0028,88.89
r0129_c0029,0.0
r0129_c0030,0.0
r0129_c0031,0.0
r0129_c0032,0.0
r0129_c0033,88.89
r0129_c0034,0.0
r0129_c0035,0.0
r0129_c0036,0.0
r0129_c0037,0.0
r0129_c0038,0.0
r0129_c0046,0.0
r0129_c0047,0.0
r0129_c0049,44.44
r0129_c0050,0.0
r0129_c0051,0.0
r0129_c0052,0.0
r0129_c0053,88.89
r0129_c0054,0.0
r0129_c0055,0.0
r0129_c0056,0.0
r0129_c0057,0.0
r0129_c0058,44.44
r0129_c0059,0.0
r0129_c0060,0.0
r0129_c0061,0.0
r0129_c0062,0.0
r0129_c0063,0.0
r0129_c0065,44.44
r0129_c0066,0.0
r0129_c0067,88.89
r0129_c0068,222.22
r0130_c0025,133.33
r0130_c0026,0.0
r0130_c0027,0.0
r0130_c0028,0.0
r0130_c0029,0.0
r0130_c0031,0.0
r0130_c0032,0.0
r0130_c0033,0.0
r0130_c0034,88.89
r0130_c0035,0.0
r0130_c0036,0.0
r0130_c0037,0.0
r0130_c0038,0.0
r0130_c0039,0.0
r0130_c0042,0.0
r0130_c0045,0.0
r0130_c0046,0.0
r0130_c0048,88.89
r0130_c0049,0.0
r0130_c0050,88.89
r0130_c0051,0.0
r0130_c0052,0.0
r0130_c0053,44.44
r0130_c0054,0.0
r0130_c0055,0.0
r0130_c0056,0.0
r0130_c0057,0.0
r0130_c0058,88.89
r0130_c0060,0.0
r0130_c0061,0.0
r0130_c0062,0.0
r0130_c0063,0.0
r0130_c0064,44.44
r0130_c0065,44.44
r0130_c0066,0.0
r0130_c0067,133.33
r0131_c0026,88.89
r0131_c0027,0.0
r0131_c0028,0.0
r0131_c0029,0.0
r0131_c0030,0.0
r0131_c0031,0.0
r0131_c0032,0.0
r0131_c0033,0.0
r0131_c0034,88.89
r0131_c0035,0.0
r0131_c0036,44.44
r0131_c0037,0.0
r0131_c0038,0.0
r0131_c0048,0.0
r0131_c0049,0.0
r0131_c0050,0.0
r0131_c0051,0.0
r0131_c0052,0.0
r0131_c0053,44.44
r0131_c0054,0.0
r0131_c0055,0.0
r0131_c0056,0.0
r0131_c0057,0.0
r0131_c0058,44.44
r0131_c0060,0.0
r0131_c0061,0.0
r0131_c0062,0.0
r0131_c0063,0.0
r0131_c0064,44.44
r0131_c0065,0.0
r0131_c0066,133.33
r0132_c0027,88.89
r0132_c0028,0.0
r0132_c0029,0.0
r0132_c0030,0.0
r0132_c0031,0.0
r0132_c0032,0.0
r0132_c0033,0.0
r0132_c0034,88.89
r0132_c0035,0.0
r0132_c0036,0.0
r0132_c0037,0.0
r0132_c0038,0.0
r0132_c0047,0.0
r0132_c0048,88.89
r0132_c0049,0.0
r0132_c0050,88.89
r0132_c0051,0.0
r0132_c0052,0.0
r0132_c0053,0.0
r0132_c0054,44.44
r0132_c0055,0.0
r0132_c0056,0.0
r0132_c0057,0.0
r0132_c0058,44.44
r0132_c0060,0.0
r0132_c0061,0.0
r0132_c0062,0.0
r0132_c0063,0.0
r0132_c0064,44.44
r0132_c0065,0.0
r0133_c0028,0.0
r0133_c0029,0.0
r0133_c0030,0.0
r0133_c0031,0.0
r0133_c0032,0.0
r0133_c0033,88.89
r0133_c0034,0.0
r0133_c0035,0.0
r0133_c0036,0.0
r0133_c0037,0.0
r0133_c0038,0.0
r0133_c0048,0.0
r0133_c0049,0.0
r0133_c0050,0.0
r0133_c0051,0.0
r0133_c0052,0.0
r0133_c0053,0.0
r0133_c0054,88.89
r0133_c0055,0.0
r0133_c0056,0.0
r0133_c0057,0.0
r0133_c0058,88.89
r0133_c0059,0.0
r0133_c0060,0.0
r0133_c0061,0.0
r0133_c0062,0.0
r0133_c0063,0.0
r0133_c0064,177.78
r0134_c0029,0.0
r0134_c0030,0.0
r0134_c0031,0.0
r0134_c0032,0.0
r0134_c0033,88.89
r0134_c0034,0.0
r0134_c0035,0.0
r0134_c0036,0.0
r0134_c0049,88.89
r0134_c0050,133.33
r0134_c0051,0.0
r0134_c0052,0.0
r0134_c0053,133.33
r0134_c0054,44.44
r0134_c0055,0.0
r0134_c0056,0.0
r0134_c0057,0.0
r0134_c0058,0.0
r0134_c0059,0.0
r0134_c0060,0.0
r0134_c0061,0.0
r0134_c0062,0.0
r0134_c0063,88.89
r0135_c0030,0.0
r0135_c0031,0.0
r0135_c0032,177.78
r0135_c0033,0.0
r0135_c0034,0.0
r0135_c0035,0.0
r0135_c0036,0.0
r0135_c0037,0.0
r0135_c0038,44.44
r0135_c0052,0.0
r0135_c0054,88.89
r0135_c0055,0.0
r0135_c0056,88.89
r0135_c0057,0.0
r0135_c0058,88.89
r0135_c0059,88.89
r0135_c0060,0.0
r0135_c0061,0.0
r0135_c0062,311.11
r0136_c0031,177.78
r0136_c0032,0.0
r0136_c0033,0.0
r0136_c0034,0.0
r0136_c0035,0.0
r0136_c0036,0.0
r0136_c0037,0.0
r0136_c0038,44.44
r0136_c0051,0.0
r0136_c0052,0.0
r0136_c0053,0.0
r0136_c0054,0.0
r0136_c0055,0.0
r0136_c0056,0.0
r0136_c0057,0.0
r0136_c0058,0.0
r0136_c0059,88.89
r0136_c0060,88.89
r0136_c0061,311.11
r0137_c0032,44.44
r0137_c0033,0.0
r0137_c0034,0.0
r0137_c0035,0.0
r0137_c0036,0.0
r0137_c0037,0.0
r0137_c0038,0.0
r0137_c0049,177.78
r0137_c0050,0.0
r0137_c0052,0.0
r0137_c0053,0.0
r0137_c0054,88.89
r0137_c0055,0.0
r0137_c0056,0.0
r0137_c0057,0.0
r0137_c0058,0.0
r0137_c0059,533.33
r0138_c0033,44.44
r0138_c0034,0.0
r0138_c0035,0.0
r0138_c0036,0.0
r0138_c0037,0.0
r0138_c0038,0.0
r0138_c0039,44.44
r0138_c0049,0.0
r0138_c0050,88.89
r0138_c0052,0.0
r0138_c0053,0.0
r0138_c0054,88.89
r0138_c0055,0.0
r0138_c0056,0.0
r0138_c0057,0.0
r0138_c0058,0.0
r0138_c0059,44.44
r0139_c0034,0.0
r0139_c0035,0.0
r0139_c0036,0.0
r0139_c0037,0.0
r0139_c0038,0.0
r0139_c0039,44.44
r0139_c0049,88.89
r0139_c0050,0.0
r0139_c0051,44.44
r0139_c0052,0.0
r0139_c0053,0.0
r0139_c0054,44.44
r0139_c0055,0.0
r0139_c0056,0.0
r0139_c0057,0.0
r0139_c0058,0.0
r0140_c0035,88.89
r0140_c0036,0.0
r0140_c0037,0.0
r0140_c0038,0.0
r0140_c0039,44.44
r0140_c0049,0.0
r0140_c0050,0.0
r0140_c0051,44.44
r0140_c0052,0.0
r0140_c0053,0.0
r0140_c0054,44.44
r0140_c0055,0.0
r0140_c0056,0.0
r0140_c0057,44.44
r0141_c0036,44.44
r0141_c0037,0.0
r0141_c0038,0.0
r0141_c0039,44.44
r0141_c0047,0.0
r0141_c0048,88.89
r0141_c0049,0.0
r0141_c0050,0.0
r0141_c0051,0.0
r0141_c0052,88.89
r0141_c0053,0.0
r0141_c0054,88.89
r0141_c0055,0.0
r0141_c0056,88.89
r0142_c0037,88.89
r0142_c0038,0.0
r0142_c0039,44.44
r0142_c0047,0.0
r0142_c0048,88.89
r0142_c0049,0.0
r0142_c0050,0.0
r0142_c0051,0.0
r0142_c0052,0.0
r0142_c0053,0.0
r0142_c0054,133.33
r0142_c0055,44.44
r0143_c0038,44.44
r0143_c0047,0.0
r0143_c0048,0.0
r0143_c0049,0.0
r0143_c0050,0.0
r0143_c0051,0.0
r0143_c0052,0.0
r0143_c0053,0.0
r0143_c0054,222.22
r0144_c0043,0.0
r0144_c0044,0.0
r0144_c0046,0.0
r0144_c0047,0.0
r0144_c0048,88.89
r0144_c0049,0.0
r0144_c0050,0.0
r0144_c0051,0.0
r0144_c0052,0.0
r0144_c0053,311.11
r0145_c0042,0.0
r0145_c0043,0.0
r0145_c0044,0.0
r0145_c0045,0.0
r0145_c0046,0.0
r0145_c0047,0.0
r0145_c0048,0.0
r0145_c0049,0.0
r0145_c0050,0.0
r0145_c0051,0.0
r0145_c0052,88.89
r0146_c0042,0.0
r0146_c0043,0.0
r0146_c0045,0.0
r0146_c0046,0.0
r0146_c0047,0.0
r0146_c0048,44.44
r0146_c0049,0.0
r0146_c0050,0.0
r0146_c0051,88.89
r0147_c0042,0.0
r0147_c0043,0.0
r0147_c0045,0.0
r0147_c0046,0.0
r0147_c0047,0.0
r0147_c0048,44.44
r0147_c0049,0.0
r0147_c0050,222.22
r0148_c0042,0.0
r0148_c0043,0.0
r0148_c0044,0.0
r0148_c0045,0.0
r0148_c0046,0.0
r0148_c0047,0.0
r0148_c0048,88.89
r0148_c0049,577.78
r0149_c0043,88.89
r0149_c0044,0.0
r0149_c0045,0.0
r0149_c0046,0.0
r0149_c0047,0.0
r0149_c0048,177.78
r0150_c0045,0.0
r0150_c0046,0.0
r0150_c0047,88.89
r0151_c0046,177.78
