tract_id,borough,tract_lat,tract_lon,zone_type,tract_lot_count
1000100,MN,40.694054,-74.043333,Mixed-Use,2
1000201,MN,40.7135133,-73.9859895,Mixed-Use,43
1000202,MN,40.7133794,-73.982513,Residential,51
1000500,MN,40.6905564,-74.01756,Institutional,4
1000600,MN,40.7133614,-73.9900428,Mixed-Use,162
1000700,MN,40.7059488,-74.0084402,Commercial,68
1000800,MN,40.7127927,-73.9951989,Mixed-Use,249
1000900,MN,40.7039835,-74.0113918,Commercial,99
1001001,MN,40.7159214,-73.9770387,Open Space,5
1001002,MN,40.7178138,-73.9769249,Residential,7
1001200,MN,40.7165079,-73.9827525,Residential,37
1001300,MN,40.7085837,-74.0130159,Commercial,85
1001401,MN,40.7149207,-73.9871077,Residential,9
1001402,MN,40.7182138,-73.9858289,Mixed-Use,89
1001501,MN,40.7089531,-74.0037251,Mixed-Use,143
1001502,MN,40.7084645,-74.0070197,Mixed-Use,133
1001600,MN,40.716121,-73.9923225,Mixed-Use,312
1001800,MN,40.7190903,-73.9910107,Mixed-Use,311
1002000,MN,40.720082,-73.9768781,Residential,3
1002100,MN,40.7146108,-74.0091137,Mixed-Use,178
1002201,MN,40.7199307,-73.9833189,Residential,103
1002202,MN,40.7213613,-73.9812291,Residential,97
1002400,MN,40.7253337,-73.9734155,Residential,7
1002500,MN,40.7091548,-73.9977792,Mixed-Use,7
1002601,MN,40.7223844,-73.9797719,Residential,145
1002602,MN,40.7243404,-73.9787519,Residential,200
1002700,MN,40.7126638,-73.9982039,Residential,50
1002800,MN,40.7265929,-73.977871,Residential,160
1002901,MN,40.7142862,-74.0014303,Institutional,17
1002902,MN,40.7153588,-73.998435,Mixed-Use,206
1003001,MN,40.7209077,-73.986922,Mixed-Use,218
1003002,MN,40.7228048,-73.98548,Mixed-Use,86
1003100,MN,40.717268,-74.0023522,Commercial,84
1003200,MN,40.7255523,-73.9837863,Mixed-Use,291
1003300,MN,40.7185408,-74.005831,Mixed-Use,368
1003400,MN,40.7287606,-73.9814696,Mixed-Use,334
1003601,MN,40.722156,-73.9912288,Residential,95
1003602,MN,40.7245936,-73.9898677,Mixed-Use,128
1003700,MN,40.7263009,-74.0062355,Mixed-Use,224
1003800,MN,40.7273414,-73.9882199,Mixed-Use,452
1003900,MN,40.7204835,-74.0098837,Mixed-Use,226
1004001,MN,40.7300311,-73.9849228,Mixed-Use,156
1004002,MN,40.73114,-73.9872482,Mixed-Use,145
1004100,MN,40.7191565,-73.9966983,Mixed-Use,363
1004200,MN,40.7319748,-73.9891366,Mixed-Use,77
1004300,MN,40.7230514,-73.9951346,Mixed-Use,236
1004400,MN,40.7303069,-73.973764,Mixed-Use,7
1004500,MN,40.7206468,-73.9993936,Commercial,140
1004700,MN,40.7225208,-74.002872,Mixed-Use,271
1004800,MN,40.7340557,-73.9834929,Mixed-Use,239
1004900,MN,40.7251279,-74.0007095,Mixed-Use,349
1005000,MN,40.7364123,-73.9868022,Mixed-Use,188
1005200,MN,40.7379888,-73.9902792,Commercial,156
1005400,MN,40.7389517,-73.993595,Commercial,185
1005501,MN,40.7274543,-73.9966103,Institutional,26
1005502,MN,40.7262146,-73.9935345,Mixed-Use,164
1005600,MN,40.7411869,-73.9876587,Commercial,90
1005700,MN,40.7289167,-73.9926597,Commercial,55
1005800,MN,40.7432605,-73.9903977,Commercial,187
1005900,MN,40.731498,-73.9948493,Mixed-Use,87
1006000,MN,40.7341711,-73.9740798,Mixed-Use,4
1006100,MN,40.7336651,-73.9926858,Mixed-Use,159
1006200,MN,40.7395014,-73.9740003,Institutional,19
1006300,MN,40.73423,-73.9971521,Residential,315
1006400,MN,40.7367664,-73.9814693,Mixed-Use,156
1006500,MN,40.7295595,-74.0002777,Mixed-Use,282
1006600,MN,40.7403384,-73.9801306,Residential,155
1006700,MN,40.7307193,-74.0038953,Residential,383
1006800,MN,40.7407097,-73.9836895,Mixed-Use,193
1006900,MN,40.7310863,-74.0082028,Mixed-Use,69
1007001,MN,40.7426992,-73.9758748,Mixed-Use,55
1007002,MN,40.7435664,-73.9781317,Residential,174
1007100,MN,40.735143,-74.0000725,Residential,321
1007200,MN,40.7444833,-73.9810919,Mixed-Use,242
1007300,MN,40.734206,-74.0041342,Residential,440
1007400,MN,40.7460221,-73.9841557,Commercial,164
1007500,MN,40.7345815,-74.0078343,Mixed-Use,209
1007600,MN,40.7471819,-73.9876496,Commercial,177
1007700,MN,40.7377951,-74.0032839,Residential,361
1007800,MN,40.7464719,-73.9754386,Mixed-Use,157
1007900,MN,40.7384809,-74.0072621,Mixed-Use,248
1008000,MN,40.7485897,-73.9780975,Commercial,260
1008100,MN,40.7398025,-73.9989138,Mixed-Use,261
1008200,MN,40.7504896,-73.9810622,Commercial,139
1008300,MN,40.7418729,-74.0037554,Commercial,122
1008400,MN,40.7513443,-73.9847557,Commercial,161
1008601,MN,40.7457568,-73.970481,Mixed-Use,21
1008602,MN,40.7500696,-73.966839,Institutional,2
1008603,MN,40.753992,-73.9646395,Residential,91
1008700,MN,40.742625,-73.9976704,Mixed-Use,256
1008800,MN,40.7495761,-73.9721118,Mixed-Use,84
1008900,MN,40.7446339,-74.0023638,Residential,319
1009000,MN,40.7529759,-73.9701892,Mixed-Use,164
1009100,MN,40.7446796,-73.995374,Mixed-Use,215
1009200,MN,40.7534312,-73.9739689,Commercial,77
1009300,MN,40.7469351,-74.0018847,Residential,176
1009400,MN,40.7556338,-73.9779282,Commercial,92
1009500,MN,40.7471591,-73.9930536,Commercial,205
1009600,MN,40.7565918,-73.9806039,Commercial,156
1009700,MN,40.7498565,-73.9976084,Residential,62
1009800,MN,40.7556701,-73.9676874,Mixed-Use,306
1009901,MN,40.7480345,-74.0057753,Mixed-Use,145
1009902,MN,40.7514862,-74.0036568,Mixed-Use,70
1009903,MN,40.7564402,-74.0009113,Mixed-Use,60
1010000,MN,40.7585779,-73.970487,Commercial,88
1010100,MN,40.7494818,-73.9914794,Commercial,86
1010200,MN,40.7597953,-73.9743752,Commercial,101
1010300,MN,40.7516543,-73.9970597,Commercial,71
1010400,MN,40.7618233,-73.9769692,Commercial,99
1010601,MN,40.7577645,-73.9609689,Residential,106
1010602,MN,40.7610942,-73.9595586,Mixed-Use,55
1010801,MN,40.7576184,-73.9657218,Mixed-Use,60
1010802,MN,40.7592309,-73.9636534,Residential,77
1010803,MN,40.7602094,-73.9658576,Mixed-Use,58
1010900,MN,40.7524431,-73.9900212,Commercial,128
1011000,MN,40.7621314,-73.9635182,Mixed-Use,255
1011100,MN,40.7547956,-73.9953654,Mixed-Use,155
1011201,MN,40.7638203,-73.9756509,Commercial,55
1011202,MN,40.7625281,-73.9722784,Commercial,39
1011203,MN,40.7610931,-73.9690299,Commercial,59
1011300,MN,40.7547335,-73.9883964,Commercial,103
1011401,MN,40.7650927,-73.9702914,Commercial,98
1011402,MN,40.7637515,-73.9672092,Mixed-Use,165
1011500,MN,40.7567846,-73.9933928,Mixed-Use,122
1011600,MN,40.7634647,-73.956758,Institutional,53
1011700,MN,40.7594067,-73.9987192,Mixed-Use,39
1011800,MN,40.7652642,-73.9601198,Mixed-Use,142
1011900,MN,40.7575158,-73.9858426,Commercial,85
1012000,MN,40.7664862,-73.9649812,Residential,238
1012101,MN,40.7593778,-73.9903545,Mixed-Use,118
1012102,MN,40.7605707,-73.9928428,Mixed-Use,150
1012200,MN,40.768156,-73.9679217,Open Space,295
1012400,MN,40.7671011,-73.9538488,Mixed-Use,141
1012500,MN,40.7599859,-73.9848298,Commercial,103
1012601,MN,40.7680995,-73.9572461,Residential,107
1012602,MN,40.7691329,-73.9593836,Residential,120
1012700,MN,40.7621682,-73.9902021,Mixed-Use,332
1012800,MN,40.7709363,-73.9617484,Residential,261
1012901,MN,40.7620163,-73.9964942,Mixed-Use,80
1012902,MN,40.7641584,-73.9946641,Mixed-Use,124
1013000,MN,40.7729449,-73.9646362,Residential,242
1013100,MN,40.7628441,-73.9832801,Commercial,56
1013201,MN,40.7690516,-73.9527803,Mixed-Use,80
1013202,MN,40.77011,-73.9495212,Residential,22
1013203,MN,40.7708542,-73.9523229,Residential,98
1013300,MN,40.7646103,-73.9883884,Mixed-Use,236
1013400,MN,40.7718208,-73.9561137,Residential,276
1013501,MN,40.7670142,-73.9942003,Mixed-Use,54
1013502,MN,40.7695571,-73.991392,Mixed-Use,52
1013601,MN,40.7725057,-73.9456842,Open Space,20
1013602,MN,40.7721525,-73.9483707,Residential,54
1013603,MN,40.7730106,-73.9507577,Residential,51
1013604,MN,40.7740549,-73.9487003,Residential,148
1013700,MN,40.7651847,-73.9802733,Commercial,132
1013800,MN,40.7752001,-73.9536929,Residential,302
1013900,MN,40.7672903,-73.986589,Residential,176
1014000,MN,40.7758359,-73.9581294,Residential,276
1014200,MN,40.7771079,-73.9616269,Residential,276
1014401,MN,40.7752037,-73.9478917,Residential,108
1014402,MN,40.7767854,-73.9462822,Residential,202
1014500,MN,40.7701103,-73.9843455,Institutional,32
1014601,MN,40.7770863,-73.9522389,Mixed-Use,118
1014602,MN,40.7789225,-73.950697,Residential,150
1014700,MN,40.7715928,-73.9888294,Institutional,15
1014801,MN,40.7787657,-73.9562173,Mixed-Use,53
1014802,MN,40.7812304,-73.9540577,Mixed-Use,157
1014900,MN,40.7722021,-73.9813532,Mixed-Use,52
1015001,MN,40.7802075,-73.9595492,Residential,37
1015002,MN,40.7826333,-73.957492,Residential,91
1015101,MN,40.7740156,-73.9872964,Residential,16
1015102,MN,40.7744238,-73.9904577,Mixed-Use,40
1015200,MN,40.7794654,-73.9457438,Mixed-Use,64
1015301,MN,40.7746901,-73.9791472,Residential,138
1015302,MN,40.7756799,-73.9814781,Mixed-Use,68
1015401,MN,40.7801571,-73.949514,Residential,113
1015402,MN,40.7815357,-73.9477155,Residential,100
1015403,MN,40.7826506,-73.9498269,Mixed-Use,9
1015501,MN,40.7766633,-73.9844224,Mixed-Use,16
1015502,MN,40.7783572,-73.9882971,Open Space,16
1015601,MN,40.7833859,-73.9475216,Mixed-Use,73
1015602,MN,40.7850102,-73.9472148,Residential,20
1015700,MN,40.7774303,-73.9789089,Residential,323
1015801,MN,40.784209,-73.9521872,Residential,221
1015802,MN,40.7867295,-73.9506632,Mixed-Use,58
1015900,MN,40.7793715,-73.9843442,Mixed-Use,222
1016001,MN,40.7855046,-73.9556455,Residential,180
1016002,MN,40.7878793,-73.9535725,Residential,46
1016100,MN,40.7798336,-73.9774276,Residential,326
1016200,MN,40.7872986,-73.9390088,Mixed-Use,33
1016300,MN,40.7824509,-73.9826623,Open Space,212
1016400,MN,40.7878051,-73.9434542,Mixed-Use,60
1016500,MN,40.7831891,-73.9759909,Institutional,218
1016600,MN,40.7895968,-73.9480477,Residential,253
1016700,MN,40.7847601,-73.9798804,Open Space,173
1016800,MN,40.7918672,-73.9513743,Residential,46
1016900,MN,40.7850882,-73.9729826,Residential,329
1017000,MN,40.7902751,-73.9421939,Residential,152
1017100,MN,40.7875792,-73.9788305,Residential,198
1017200,MN,40.7935778,-73.944663,Mixed-Use,264
1017300,MN,40.7876072,-73.9710382,Residential,353
1017401,MN,40.7954281,-73.948736,Mixed-Use,37
1017402,MN,40.7964119,-73.9467503,Mixed-Use,27
1017500,MN,40.7903604,-73.9772741,Residential,192
1017700,MN,40.7903466,-73.9694982,Residential,130
1017800,MN,40.7959163,-73.9335345,Mixed-Use,280
1017900,MN,40.7923588,-73.9748598,Residential,166
1018000,MN,40.7936601,-73.9403728,Residential,198
1018100,MN,40.7921282,-73.9676073,Residential,179
1018200,MN,40.7988883,-73.9411669,Residential,167
1018300,MN,40.7951021,-73.9725541,Mixed-Use,121
1018400,MN,40.8006522,-73.9443373,Residential,157
1018500,MN,40.7948421,-73.9669792,Residential,20
1018600,MN,40.7982342,-73.9505303,Residential,25
1018700,MN,40.7978392,-73.9707571,Residential,165
1018800,MN,40.7975387,-73.9374213,Mixed-Use,322
1018900,MN,40.797627,-73.9628862,Residential,192
1019000,MN,40.8026094,-73.9473681,Mixed-Use,85
1019100,MN,40.8002703,-73.9689997,Mixed-Use,182
1019200,MN,40.7982792,-73.9319407,Residential,52
1019300,MN,40.8003097,-73.962216,Residential,180
1019400,MN,40.800316,-73.935839,Residential,189
1019500,MN,40.8025837,-73.9670529,Open Space,158
1019600,MN,40.8028218,-73.938472,Mixed-Use,185
1019701,MN,40.8046727,-73.9607253,Open Space,9
1019702,MN,40.8023954,-73.9578804,Residential,75
1019800,MN,40.8049446,-73.9412548,Open Space,114
1019900,MN,40.8054793,-73.964895,Residential,148
1020000,MN,40.8054253,-73.9455187,Residential,302
1020101,MN,40.8060197,-73.9604383,Institutional,26
1020102,MN,40.8049721,-73.9567049,Residential,132
1020300,MN,40.810594,-73.9600888,Institutional,25
1020500,MN,40.8088976,-73.9647813,Institutional,53
1020600,MN,40.8082167,-73.9390781,Residential,270
1020701,MN,40.8088411,-73.9585843,Residential,28
1020800,MN,40.8095259,-73.9420478,Residential,382
1020901,MN,40.8115104,-73.9544582,Mixed-Use,67
1021000,MN,40.8133578,-73.9352156,Residential,11
1021100,MN,40.813807,-73.9599317,Residential,84
1021200,MN,40.8144475,-73.9384046,Residential,67
1021303,MN,40.8140143,-73.9530957,Residential,141
1021400,MN,40.8178845,-73.9363193,Residential,15
1021500,MN,40.8131436,-73.9498013,Mixed-Use,83
1021600,MN,40.8007058,-73.9542798,Residential,226
1021703,MN,40.817135,-73.9506591,Institutional,21
1021800,MN,40.8033843,-73.9522581,Residential,231
1021900,MN,40.8171376,-73.957036,Mixed-Use,109
1022000,MN,40.8056639,-73.9503522,Residential,372
1022102,MN,40.8187697,-73.9461096,Open Space,161
1022200,MN,40.8077583,-73.9491761,Mixed-Use,273
1022301,MN,40.8206046,-73.9544595,Mixed-Use,129
1022302,MN,40.8205397,-73.9580517,Institutional,16
1022400,MN,40.8104065,-73.9458427,Residential,227
1022500,MN,40.8230902,-73.9518281,Residential,189
1022600,MN,40.8131944,-73.9446707,Residential,373
1022700,MN,40.8230562,-73.9466438,Residential,351
1022800,MN,40.8161865,-73.9435213,Residential,385
1022900,MN,40.8254032,-73.9502429,Residential,187
1023000,MN,40.8182467,-73.9421376,Residential,262
1023100,MN,40.8260097,-73.9446187,Residential,284
1023200,MN,40.8208343,-73.939234,Mixed-Use,151
1023300,MN,40.8280576,-73.9480051,Mixed-Use,242
1023400,MN,40.8238457,-73.9391722,Mixed-Use,83
1023501,MN,40.8292884,-73.9424284,Residential,184
1023502,MN,40.8278605,-73.9389268,Residential,47
1023600,MN,40.8263807,-73.9369468,Residential,68
1023700,MN,40.8302303,-73.9465231,Open Space,165
1023802,MN,40.7703846,-73.9420011,Institutional,1
1023803,MN,40.7620094,-73.9495204,Mixed-Use,3
1023804,MN,40.7578082,-73.9533989,Residential,19
1023900,MN,40.8325955,-73.9408355,Residential,50
1024000,MN,40.7901672,-73.92172,Open Space,7
1024100,MN,40.8336124,-73.9447019,Residential,112
1024200,MN,40.8045351,-73.9342958,Mixed-Use,110
1024301,MN,40.8357927,-73.938889,Residential,137
1024302,MN,40.8308242,-73.936212,Mixed-Use,7
1024500,MN,40.8360786,-73.9420055,Residential,229
1024700,MN,40.8369642,-73.9457651,Mixed-Use,69
1024900,MN,40.8383801,-73.9371289,Institutional,40
1025100,MN,40.8400006,-73.9382857,Institutional,75
1025300,MN,40.8427554,-73.9379622,Residential,162
1025500,MN,40.845267,-73.9422613,Open Space,70
1025700,MN,40.808574,-73.9543977,Residential,200
1025900,MN,40.8231857,-73.9423907,Mixed-Use,86
1026100,MN,40.8454629,-73.9345319,Residential,159
1026300,MN,40.8469393,-73.9372177,Mixed-Use,102
1026500,MN,40.8497134,-73.9393237,Mixed-Use,84
1026700,MN,40.8502006,-73.9287127,Institutional,18
1026900,MN,40.8508255,-73.9309835,Mixed-Use,218
1027100,MN,40.8517372,-73.9341615,Mixed-Use,122
1027300,MN,40.8535495,-73.9373913,Residential,68
1027500,MN,40.8545213,-73.9395556,Mixed-Use,28
1027700,MN,40.8549348,-73.9284103,Institutional,62
1027900,MN,40.8554168,-73.931464,Residential,125
1028100,MN,40.8564956,-73.9348151,Residential,23
1028300,MN,40.8587012,-73.9295087,Residential,68
1028500,MN,40.8616079,-73.9274799,Residential,90
1028700,MN,40.8645722,-73.9291697,Open Space,56
1029100,MN,40.8643593,-73.9239124,Residential,130
1029300,MN,40.8660263,-73.9201487,Mixed-Use,94
1029500,MN,40.8676792,-73.9247514,Residential,102
1029700,MN,40.8724534,-73.9195428,Open Space,6
1029900,MN,40.8655866,-73.916102,Mixed-Use,98
1030300,MN,40.8691796,-73.9184743,Mixed-Use,61
1030700,MN,40.8714017,-73.9166721,Residential,64
1030900,MN,40.8762622,-73.9106277,Residential,220
1031100,MN,40.8475934,-73.9303845,Open Space,4
1031703,MN,40.7157522,-74.0156991,Mixed-Use,25
1031704,MN,40.708164,-74.0172167,Mixed-Use,24
1031900,MN,40.7016596,-74.0146714,Open Space,3
