tract_id,amenity_count_total,amenity_count_food_drink,amenity_count_retail,amenity_count_services,amenity_count_office,amenity_count_hotel,amenity_count_entertainment,amenity_count_education,amenity_count_healthcare,amenity_ratio_food_drink,amenity_ratio_retail,amenity_ratio_services,amenity_ratio_office,amenity_ratio_hotel,amenity_ratio_entertainment,amenity_ratio_education,amenity_ratio_healthcare,amenity_density
1000100,4,2,0,0,0,0,2,0,0,0.5,0.0,0.0,0.0,0.0,0.5,0.0,0.0,5.09
1000201,11,1,3,2,0,0,1,2,2,0.0909,0.2727,0.1818,0.0,0.0,0.0909,0.1818,0.1818,14.01
1000202,21,9,6,3,0,0,0,2,1,0.4286,0.2857,0.1429,0.0,0.0,0.0,0.0952,0.0476,26.74
1000500,24,9,0,4,0,0,9,2,0,0.375,0.0,0.1667,0.0,0.0,0.375,0.0833,0.0,30.56
1000600,71,37,18,6,3,0,2,2,3,0.5211,0.2535,0.0845,0.0423,0.0,0.0282,0.0282,0.0423,90.4
1000700,144,73,27,12,6,12,7,1,6,0.5069,0.1875,0.0833,0.0417,0.0833,0.0486,0.0069,0.0417,183.35
1000800,90,39,30,6,0,4,3,4,4,0.4333,0.3333,0.0667,0.0,0.0444,0.0333,0.0444,0.0444,114.59
1000900,135,74,15,15,10,5,5,5,6,0.5481,0.1111,0.1111,0.0741,0.037,0.037,0.037,0.0444,171.89
1001001,0,0,0,0,0,0,0,0,0,0.0,0.0,0.0,0.0,0.0,0.0,0.0,0.0,0.0
1001002,1,0,0,0,0,0,0,1,0,0.0,0.0,0.0,0.0,0.0,0.0,1.0,0.0,1.27
1001200,9,4,1,1,0,0,2,0,1,0.4444,0.1111,0.1111,0.0,0.0,0.2222,0.0,0.1111,11.46
1001300,140,57,44,9,9,9,4,3,5,0.4071,0.3143,0.0643,0.0643,0.0643,0.0286,0.0214,0.0357,178.25
1001401,35,17,8,3,1,0,2,2,2,0.4857,0.2286,0.0857,0.0286,0.0,0.0571,0.0571,0.0571,44.56
1001402,109,59,27,10,0,1,7,2,3,0.5413,0.2477,0.0917,0.0,0.0092,0.0642,0.0183,0.0275,138.78
1001501,85,48,20,3,1,2,3,5,3,0.5647,0.2353,0.0353,0.0118,0.0235,0.0353,0.0588,0.0353,108.23
1001502,214,104,42,28,7,8,4,13,8,0.486,0.1963,0.1308,0.0327,0.0374,0.0187,0.0607,0.0374,272.47
1001600,152,76,33,19,3,6,11,2,2,0.5,0.2171,0.125,0.0197,0.0395,0.0724,0.0132,0.0132,193.53
1001800,189,81,50,21,5,3,19,5,5,0.4286,0.2646,0.1111,0.0265,0.0159,0.1005,0.0265,0.0265,240.64
1002000,9,2,1,0,0,0,0,4,2,0.2222,0.1111,0.0,0.0,0.0,0.0,0.4444,0.2222,11.46
1002100,223,98,51,30,11,4,7,2,20,0.4395,0.2287,0.1345,0.0493,0.0179,0.0314,0.009,0.0897,283.93
1002201,52,24,6,14,0,0,5,3,0,0.4615,0.1154,0.2692,0.0,0.0,0.0962,0.0577,0.0,66.21
1002202,29,14,6,5,0,0,3,0,1,0.4828,0.2069,0.1724,0.0,0.0,0.1034,0.0,0.0345,36.92
1002400,6,1,1,0,0,0,2,1,1,0.1667,0.1667,0.0,0.0,0.0,0.3333,0.1667,0.1667,7.64
1002500,3,2,0,0,0,0,1,0,0,0.6667,0.0,0.0,0.0,0.0,0.3333,0.0,0.0,3.82
1002601,16,3,4,2,1,0,2,2,2,0.1875,0.25,0.125,0.0625,0.0,0.125,0.125,0.125,20.37
1002602,29,18,6,1,1,0,0,2,1,0.6207,0.2069,0.0345,0.0345,0.0,0.0,0.069,0.0345,36.92
1002700,39,23,8,3,0,0,0,2,3,0.5897,0.2051,0.0769,0.0,0.0,0.0,0.0513,0.0769,49.66
1002800,42,20,6,7,0,0,5,1,3,0.4762,0.1429,0.1667,0.0,0.0,0.119,0.0238,0.0714,53.48
1002901,9,2,4,1,1,0,1,0,0,0.2222,0.4444,0.1111,0.1111,0.0,0.1111,0.0,0.0,11.46
1002902,250,117,55,44,1,2,2,3,26,0.468,0.22,0.176,0.004,0.008,0.008,0.012,0.104,318.31
1003001,150,82,29,13,2,5,14,3,2,0.5467,0.1933,0.0867,0.0133,0.0333,0.0933,0.02,0.0133,190.99
1003002,82,38,17,12,2,0,8,1,4,0.4634,0.2073,0.1463,0.0244,0.0,0.0976,0.0122,0.0488,104.41
1003100,119,33,42,11,4,3,17,0,9,0.2773,0.3529,0.0924,0.0336,0.0252,0.1429,0.0,0.0756,151.52
1003200,122,93,11,9,0,0,8,1,0,0.7623,0.0902,0.0738,0.0,0.0,0.0656,0.0082,0.0,155.34
1003300,70,38,7,5,2,2,12,1,3,0.5429,0.1,0.0714,0.0286,0.0286,0.1714,0.0143,0.0429,89.13
1003400,114,65,22,17,0,0,2,5,3,0.5702,0.193,0.1491,0.0,0.0,0.0175,0.0439,0.0263,145.15
1003601,72,38,14,5,0,6,9,0,0,0.5278,0.1944,0.0694,0.0,0.0833,0.125,0.0,0.0,91.67
1003602,78,44,18,9,0,0,6,0,1,0.5641,0.2308,0.1154,0.0,0.0,0.0769,0.0,0.0128,99.31
1003700,62,25,8,5,2,5,10,3,4,0.4032,0.129,0.0806,0.0323,0.0806,0.1613,0.0484,0.0645,78.94
1003800,247,147,43,35,0,1,15,3,3,0.5951,0.1741,0.1417,0.0,0.004,0.0607,0.0121,0.0121,314.49
1003900,60,33,12,8,0,0,2,1,4,0.55,0.2,0.1333,0.0,0.0,0.0333,0.0167,0.0667,76.39
1004001,189,97,46,28,1,1,4,1,11,0.5132,0.2434,0.1481,0.0053,0.0053,0.0212,0.0053,0.0582,240.64
1004002,87,62,8,12,0,1,1,1,2,0.7126,0.092,0.1379,0.0,0.0115,0.0115,0.0115,0.023,110.77
1004100,267,131,52,45,2,6,6,2,23,0.4906,0.1948,0.1685,0.0075,0.0225,0.0225,0.0075,0.0861,339.95
1004200,103,52,21,12,2,2,7,3,4,0.5049,0.2039,0.1165,0.0194,0.0194,0.068,0.0291,0.0388,131.14
1004300,231,76,110,18,4,2,11,1,9,0.329,0.4762,0.0779,0.0173,0.0087,0.0476,0.0043,0.039,294.12
1004400,2,0,1,0,0,0,1,0,0,0.0,0.5,0.0,0.0,0.0,0.5,0.0,0.0,2.55
1004500,164,45,73,31,0,4,8,1,2,0.2744,0.4451,0.189,0.0,0.0244,0.0488,0.0061,0.0122,208.81
1004700,137,40,59,6,2,5,19,0,6,0.292,0.4307,0.0438,0.0146,0.0365,0.1387,0.0,0.0438,174.43
1004800,66,26,9,18,1,1,0,4,7,0.3939,0.1364,0.2727,0.0152,0.0152,0.0,0.0606,0.1061,84.03
1004900,181,55,97,5,1,1,16,0,6,0.3039,0.5359,0.0276,0.0055,0.0055,0.0884,0.0,0.0331,230.46
1005000,93,54,10,11,4,2,6,2,4,0.5806,0.1075,0.1183,0.043,0.0215,0.0645,0.0215,0.043,118.41
1005200,133,61,48,7,8,0,3,4,2,0.4586,0.3609,0.0526,0.0602,0.0,0.0226,0.0301,0.015,169.34
1005400,116,48,29,12,5,1,5,6,10,0.4138,0.25,0.1034,0.0431,0.0086,0.0431,0.0517,0.0862,147.7
1005501,53,19,19,3,1,0,3,6,2,0.3585,0.3585,0.0566,0.0189,0.0,0.0566,0.1132,0.0377,67.48
1005502,104,52,24,9,2,2,13,0,2,0.5,0.2308,0.0865,0.0192,0.0192,0.125,0.0,0.0192,132.42
1005600,89,37,20,14,1,1,2,1,13,0.4157,0.2247,0.1573,0.0112,0.0112,0.0225,0.0112,0.1461,113.32
1005700,66,23,17,5,2,1,10,5,3,0.3485,0.2576,0.0758,0.0303,0.0152,0.1515,0.0758,0.0455,84.03
1005800,177,86,32,14,13,7,11,4,10,0.4859,0.1808,0.0791,0.0734,0.0395,0.0621,0.0226,0.0565,225.36
1005900,38,22,7,2,0,0,4,1,2,0.5789,0.1842,0.0526,0.0,0.0,0.1053,0.0263,0.0526,48.38
1006000,5,1,0,0,0,0,3,1,0,0.2,0.0,0.0,0.0,0.0,0.6,0.2,0.0,6.37
1006100,145,62,34,19,4,0,8,8,10,0.4276,0.2345,0.131,0.0276,0.0,0.0552,0.0552,0.069,184.62
1006200,6,1,2,0,0,0,0,1,2,0.1667,0.3333,0.0,0.0,0.0,0.0,0.1667,0.3333,7.64
1006300,86,37,17,11,0,2,7,6,6,0.4302,0.1977,0.1279,0.0,0.0233,0.0814,0.0698,0.0698,109.5
1006400,112,37,23,24,0,0,3,8,17,0.3304,0.2054,0.2143,0.0,0.0,0.0268,0.0714,0.1518,142.6
1006500,182,146,8,12,0,0,11,5,0,0.8022,0.044,0.0659,0.0,0.0,0.0604,0.0275,0.0,231.73
1006600,98,39,20,34,1,0,1,2,1,0.398,0.2041,0.3469,0.0102,0.0,0.0102,0.0204,0.0102,124.78
1006700,122,92,10,6,0,0,8,4,2,0.7541,0.082,0.0492,0.0,0.0,0.0656,0.0328,0.0164,155.34
1006800,128,71,13,16,10,7,6,2,3,0.5547,0.1016,0.125,0.0781,0.0547,0.0469,0.0156,0.0234,162.97
1006900,14,9,4,0,0,0,1,0,0,0.6429,0.2857,0.0,0.0,0.0,0.0714,0.0,0.0,17.83
1007001,33,15,3,6,0,0,1,2,6,0.4545,0.0909,0.1818,0.0,0.0,0.0303,0.0606,0.1818,42.02
1007002,81,39,13,15,1,0,1,1,11,0.4815,0.1605,0.1852,0.0123,0.0,0.0123,0.0123,0.1358,103.13
1007100,85,46,16,10,0,0,4,4,5,0.5412,0.1882,0.1176,0.0,0.0,0.0471,0.0471,0.0588,108.23
1007200,126,53,19,26,5,4,5,3,11,0.4206,0.1508,0.2063,0.0397,0.0317,0.0397,0.0238,0.0873,160.43
1007300,90,62,18,4,0,0,2,1,3,0.6889,0.2,0.0444,0.0,0.0,0.0222,0.0111,0.0333,114.59
1007400,159,73,29,18,10,11,7,5,6,0.4591,0.1824,0.1132,0.0629,0.0692,0.044,0.0314,0.0377,202.45
1007500,43,33,3,3,1,0,2,1,0,0.7674,0.0698,0.0698,0.0233,0.0,0.0465,0.0233,0.0,54.75
1007600,210,99,62,17,10,13,4,0,5,0.4714,0.2952,0.081,0.0476,0.0619,0.019,0.0,0.0238,267.38
1007700,53,34,9,3,0,0,4,0,3,0.6415,0.1698,0.0566,0.0,0.0,0.0755,0.0,0.0566,67.48
1007800,80,30,17,22,0,0,1,3,7,0.375,0.2125,0.275,0.0,0.0,0.0125,0.0375,0.0875,101.86
1007900,51,27,16,1,1,2,3,0,1,0.5294,0.3137,0.0196,0.0196,0.0392,0.0588,0.0,0.0196,64.94
1008000,114,51,11,27,7,5,3,2,8,0.4474,0.0965,0.2368,0.0614,0.0439,0.0263,0.0175,0.0702,145.15
1008100,51,28,10,4,0,0,5,2,2,0.549,0.1961,0.0784,0.0,0.0,0.098,0.0392,0.0392,64.94
1008200,127,52,25,12,13,10,4,3,8,0.4094,0.1969,0.0945,0.1024,0.0787,0.0315,0.0236,0.063,161.7
1008300,129,66,22,14,3,6,8,6,4,0.5116,0.1705,0.1085,0.0233,0.0465,0.062,0.0465,0.031,164.25
1008400,157,82,27,13,2,22,4,3,4,0.5223,0.172,0.0828,0.0127,0.1401,0.0255,0.0191,0.0255,199.9
1008601,9,2,4,0,0,0,0,1,2,0.2222,0.4444,0.0,0.0,0.0,0.0,0.1111,0.2222,11.46
1008602,9,3,2,2,0,1,0,1,0,0.3333,0.2222,0.2222,0.0,0.1111,0.0,0.1111,0.0,11.46
1008603,13,7,1,4,0,1,0,0,0,0.5385,0.0769,0.3077,0.0,0.0769,0.0,0.0,0.0,16.55
1008700,80,44,14,11,0,1,6,0,4,0.55,0.175,0.1375,0.0,0.0125,0.075,0.0,0.05,101.86
1008800,52,26,6,12,0,3,0,3,2,0.5,0.1154,0.2308,0.0,0.0577,0.0,0.0577,0.0385,66.21
1008900,41,20,6,2,0,2,3,6,2,0.4878,0.1463,0.0488,0.0,0.0488,0.0732,0.1463,0.0488,52.2
1009000,53,31,8,6,1,2,1,1,3,0.5849,0.1509,0.1132,0.0189,0.0377,0.0189,0.0189,0.0566,67.48
1009100,99,41,16,16,4,9,8,2,3,0.4141,0.1616,0.1616,0.0404,0.0909,0.0808,0.0202,0.0303,126.05
1009200,162,95,20,16,14,12,1,0,4,0.5864,0.1235,0.0988,0.0864,0.0741,0.0062,0.0,0.0247,206.26
1009300,30,18,5,2,0,1,2,0,2,0.6,0.1667,0.0667,0.0,0.0333,0.0667,0.0,0.0667,38.2
1009400,141,58,47,20,8,1,0,0,7,0.4113,0.3333,0.1418,0.0567,0.0071,0.0,0.0,0.0496,179.53
1009500,100,42,24,10,5,9,5,2,3,0.42,0.24,0.1,0.05,0.09,0.05,0.02,0.03,127.32
1009600,203,82,65,23,11,10,3,1,8,0.4039,0.3202,0.1133,0.0542,0.0493,0.0148,0.0049,0.0394,258.47
1009700,34,18,9,2,1,1,1,1,1,0.5294,0.2647,0.0588,0.0294,0.0294,0.0294,0.0294,0.0294,43.29
1009800,55,37,5,5,1,2,0,1,4,0.6727,0.0909,0.0909,0.0182,0.0364,0.0,0.0182,0.0727,70.03
1009901,97,12,2,3,0,2,76,1,1,0.1237,0.0206,0.0309,0.0,0.0206,0.7835,0.0103,0.0103,123.5
1009902,96,20,17,1,3,1,53,1,0,0.2083,0.1771,0.0104,0.0312,0.0104,0.5521,0.0104,0.0,122.23
1009903,29,12,4,2,3,3,4,0,1,0.4138,0.1379,0.069,0.1034,0.1034,0.1379,0.0,0.0345,36.92
1010000,70,42,3,3,3,9,1,3,6,0.6,0.0429,0.0429,0.0429,0.1286,0.0143,0.0429,0.0857,89.13
1010100,118,57,39,10,5,3,1,2,1,0.4831,0.3305,0.0847,0.0424,0.0254,0.0085,0.0169,0.0085,150.24
1010200,94,32,40,6,7,4,4,1,0,0.3404,0.4255,0.0638,0.0745,0.0426,0.0426,0.0106,0.0,119.68
1010300,73,45,9,3,6,2,3,1,4,0.6164,0.1233,0.0411,0.0822,0.0274,0.0411,0.0137,0.0548,92.95
1010400,77,36,16,8,3,7,4,1,2,0.4675,0.2078,0.1039,0.039,0.0909,0.0519,0.013,0.026,98.04
1010601,3,1,1,0,0,0,1,0,0,0.3333,0.3333,0.0,0.0,0.0,0.3333,0.0,0.0,3.82
1010602,43,23,7,7,0,0,2,0,4,0.5349,0.1628,0.1628,0.0,0.0,0.0465,0.0,0.093,54.75
1010801,38,19,4,6,0,1,5,1,2,0.5,0.1053,0.1579,0.0,0.0263,0.1316,0.0263,0.0526,48.38
1010802,47,22,13,9,0,0,0,0,3,0.4681,0.2766,0.1915,0.0,0.0,0.0,0.0,0.0638,59.84
1010803,42,15,12,9,0,0,3,2,1,0.3571,0.2857,0.2143,0.0,0.0,0.0714,0.0476,0.0238,53.48
1010900,143,66,56,8,7,3,2,0,1,0.4615,0.3916,0.0559,0.049,0.021,0.014,0.0,0.007,182.07
1011000,47,16,11,5,1,2,5,0,7,0.3404,0.234,0.1064,0.0213,0.0426,0.1064,0.0,0.1489,59.84
1011100,80,37,16,5,0,12,8,0,2,0.4625,0.2,0.0625,0.0,0.15,0.1,0.0,0.025,101.86
1011201,74,32,16,11,1,7,2,0,5,0.4324,0.2162,0.1486,0.0135,0.0946,0.027,0.0,0.0676,94.22
1011202,54,15,23,5,4,2,2,0,3,0.2778,0.4259,0.0926,0.0741,0.037,0.037,0.0,0.0556,68.75
1011203,68,23,19,9,5,3,0,1,8,0.3382,0.2794,0.1324,0.0735,0.0441,0.0,0.0147,0.1176,86.58
1011300,185,100,47,11,5,10,8,1,3,0.5405,0.2541,0.0595,0.027,0.0541,0.0432,0.0054,0.0162,235.55
1011401,38,14,13,2,0,5,1,2,1,0.3684,0.3421,0.0526,0.0,0.1316,0.0263,0.0526,0.0263,48.38
1011402,72,28,22,9,2,0,2,0,9,0.3889,0.3056,0.125,0.0278,0.0,0.0278,0.0,0.125,91.67
1011500,99,54,15,2,1,18,7,0,2,0.5455,0.1515,0.0202,0.0101,0.1818,0.0707,0.0,0.0202,126.05
1011600,15,4,1,2,0,0,1,3,4,0.2667,0.0667,0.1333,0.0,0.0,0.0667,0.2,0.2667,19.1
1011700,15,6,5,1,0,1,1,0,1,0.4,0.3333,0.0667,0.0,0.0667,0.0667,0.0,0.0667,19.1
1011800,59,26,8,14,0,0,0,6,5,0.4407,0.1356,0.2373,0.0,0.0,0.0,0.1017,0.0847,75.12
1011900,138,55,32,6,0,13,28,1,3,0.3986,0.2319,0.0435,0.0,0.0942,0.2029,0.0072,0.0217,175.71
1012000,62,18,21,13,0,0,0,6,4,0.2903,0.3387,0.2097,0.0,0.0,0.0,0.0968,0.0645,78.94
1012101,114,79,12,5,0,8,6,2,2,0.693,0.1053,0.0439,0.0,0.0702,0.0526,0.0175,0.0175,145.15
1012102,71,48,6,8,0,1,5,1,2,0.6761,0.0845,0.1127,0.0,0.0141,0.0704,0.0141,0.0282,90.4
1012200,34,6,21,0,0,1,1,3,2,0.1765,0.6176,0.0,0.0,0.0294,0.0294,0.0882,0.0588,43.29
1012400,48,21,4,8,0,1,2,0,12,0.4375,0.0833,0.1667,0.0,0.0208,0.0417,0.0,0.25,61.12
1012500,122,61,26,1,0,21,12,0,1,0.5,0.2131,0.0082,0.0,0.1721,0.0984,0.0,0.0082,155.34
1012601,70,27,8,25,1,0,0,0,9,0.3857,0.1143,0.3571,0.0143,0.0,0.0,0.0,0.1286,89.13
1012602,53,23,12,9,1,0,0,2,6,0.434,0.2264,0.1698,0.0189,0.0,0.0,0.0377,0.1132,67.48
1012700,56,36,6,4,0,2,1,4,3,0.6429,0.1071,0.0714,0.0,0.0357,0.0179,0.0714,0.0536,71.3
1012800,54,20,14,14,1,0,1,0,4,0.3704,0.2593,0.2593,0.0185,0.0,0.0185,0.0,0.0741,68.75
1012901,18,8,1,0,1,0,5,2,1,0.4444,0.0556,0.0,0.0556,0.0,0.2778,0.1111,0.0556,22.92
1012902,30,15,4,5,1,4,1,0,0,0.5,0.1333,0.1667,0.0333,0.1333,0.0333,0.0,0.0,38.2
1013000,40,9,20,0,0,2,4,1,4,0.225,0.5,0.0,0.0,0.05,0.1,0.025,0.1,50.93
1013100,133,74,15,17,3,9,12,1,2,0.5564,0.1128,0.1278,0.0226,0.0677,0.0902,0.0075,0.015,169.34
1013201,43,21,7,8,0,0,1,2,4,0.4884,0.1628,0.186,0.0,0.0,0.0233,0.0465,0.093,54.75
1013202,8,2,1,0,0,0,3,0,2,0.25,0.125,0.0,0.0,0.0,0.375,0.0,0.25,10.19
1013203,48,25,12,6,0,0,0,2,3,0.5208,0.25,0.125,0.0,0.0,0.0,0.0417,0.0625,61.12
1013300,73,50,5,7,2,1,3,3,2,0.6849,0.0685,0.0959,0.0274,0.0137,0.0411,0.0411,0.0274,92.95
1013400,97,45,19,22,1,0,4,2,4,0.4639,0.1959,0.2268,0.0103,0.0,0.0412,0.0206,0.0412,123.5
1013501,10,3,1,0,0,0,5,1,0,0.3,0.1,0.0,0.0,0.0,0.5,0.1,0.0,12.73
1013502,20,7,2,2,0,1,4,0,4,0.35,0.1,0.1,0.0,0.05,0.2,0.0,0.2,25.46
1013601,2,0,0,0,0,0,0,2,0,0.0,0.0,0.0,0.0,0.0,0.0,1.0,0.0,2.55
1013602,3,0,0,3,0,0,0,0,0,0.0,0.0,1.0,0.0,0.0,0.0,0.0,0.0,3.82
1013603,34,15,9,6,0,0,0,1,3,0.4412,0.2647,0.1765,0.0,0.0,0.0,0.0294,0.0882,43.29
1013604,9,5,1,3,0,0,0,0,0,0.5556,0.1111,0.3333,0.0,0.0,0.0,0.0,0.0,11.46
1013700,133,75,20,11,1,11,10,1,4,0.5639,0.1504,0.0827,0.0075,0.0827,0.0752,0.0075,0.0301,169.34
1013800,67,33,10,18,0,0,2,3,1,0.4925,0.1493,0.2687,0.0,0.0,0.0299,0.0448,0.0149,85.31
1013900,91,43,11,20,1,1,6,2,7,0.4725,0.1209,0.2198,0.011,0.011,0.0659,0.022,0.0769,115.86
1014000,75,38,11,17,1,0,0,1,7,0.5067,0.1467,0.2267,0.0133,0.0,0.0,0.0133,0.0933,95.49
1014200,30,15,7,2,0,2,0,4,0,0.5,0.2333,0.0667,0.0,0.0667,0.0,0.1333,0.0,38.2
1014401,10,3,3,2,0,0,1,0,1,0.3,0.3,0.2,0.0,0.0,0.1,0.0,0.1,12.73
1014402,21,6,10,2,0,0,0,2,1,0.2857,0.4762,0.0952,0.0,0.0,0.0,0.0952,0.0476,26.74
1014500,68,14,28,7,0,2,3,7,7,0.2059,0.4118,0.1029,0.0,0.0294,0.0441,0.1029,0.1029,86.58
1014601,97,46,9,27,3,0,3,0,9,0.4742,0.0928,0.2784,0.0309,0.0,0.0309,0.0,0.0928,123.5
1014602,39,24,5,6,0,0,1,2,1,0.6154,0.1282,0.1538,0.0,0.0,0.0256,0.0513,0.0256,49.66
1014700,34,12,2,1,2,0,6,8,3,0.3529,0.0588,0.0294,0.0588,0.0,0.1765,0.2353,0.0882,43.29
1014801,93,33,26,13,0,0,4,2,15,0.3548,0.2796,0.1398,0.0,0.0,0.043,0.0215,0.1613,118.41
1014802,70,35,12,18,0,1,1,0,3,0.5,0.1714,0.2571,0.0,0.0143,0.0143,0.0,0.0429,89.13
1014900,44,17,0,2,6,2,12,4,1,0.3864,0.0,0.0455,0.1364,0.0455,0.2727,0.0909,0.0227,56.02
1015001,28,5,11,1,0,0,5,4,2,0.1786,0.3929,0.0357,0.0,0.0,0.1786,0.1429,0.0714,35.65
1015002,14,6,3,0,0,0,2,1,2,0.4286,0.2143,0.0,0.0,0.0,0.1429,0.0714,0.1429,17.83
1015101,24,1,3,0,1,0,8,10,1,0.0417,0.125,0.0,0.0417,0.0,0.3333,0.4167,0.0417,30.56
1015102,13,5,4,1,0,0,1,2,0,0.3846,0.3077,0.0769,0.0,0.0,0.0769,0.1538,0.0,16.55
1015200,24,12,6,1,0,1,2,0,2,0.5,0.25,0.0417,0.0,0.0417,0.0833,0.0,0.0833,30.56
1015301,26,10,8,0,1,0,1,3,3,0.3846,0.3077,0.0,0.0385,0.0,0.0385,0.1154,0.1154,33.1
1015302,49,18,15,4,0,1,7,1,3,0.3673,0.3061,0.0816,0.0,0.0204,0.1429,0.0204,0.0612,62.39
1015401,39,17,9,11,1,0,1,0,0,0.4359,0.2308,0.2821,0.0256,0.0,0.0256,0.0,0.0,49.66
1015402,22,8,5,5,0,0,0,3,1,0.3636,0.2273,0.2273,0.0,0.0,0.0,0.1364,0.0455,28.01
1015403,32,15,8,1,1,0,4,1,2,0.4688,0.25,0.0312,0.0312,0.0,0.125,0.0312,0.0625,40.74
1015501,36,11,9,10,0,0,0,1,5,0.3056,0.25,0.2778,0.0,0.0,0.0,0.0278,0.1389,45.84
1015502,5,2,2,0,1,0,0,0,0,0.4,0.4,0.0,0.2,0.0,0.0,0.0,0.0,6.37
1015601,25,11,5,5,0,0,0,3,1,0.44,0.2,0.2,0.0,0.0,0.0,0.12,0.04,31.83
1015602,15,5,3,3,0,0,1,0,3,0.3333,0.2,0.2,0.0,0.0,0.0667,0.0,0.2,19.1
1015700,112,56,25,19,0,1,4,2,5,0.5,0.2232,0.1696,0.0,0.0089,0.0357,0.0179,0.0446,142.6
1015801,40,11,11,10,1,0,2,3,2,0.275,0.275,0.25,0.025,0.0,0.05,0.075,0.05,50.93
1015802,40,15,13,4,0,0,1,4,3,0.375,0.325,0.1,0.0,0.0,0.025,0.1,0.075,50.93
1015900,46,11,9,17,0,0,0,3,6,0.2391,0.1957,0.3696,0.0,0.0,0.0,0.0652,0.1304,58.57
1016001,28,4,8,7,0,0,2,6,1,0.1429,0.2857,0.25,0.0,0.0,0.0714,0.2143,0.0357,35.65
1016002,30,13,5,5,0,0,0,2,5,0.4333,0.1667,0.1667,0.0,0.0,0.0,0.0667,0.1667,38.2
1016100,70,38,17,11,0,0,2,2,0,0.5429,0.2429,0.1571,0.0,0.0,0.0286,0.0286,0.0,89.13
1016200,0,0,0,0,0,0,0,0,0,0.0,0.0,0.0,0.0,0.0,0.0,0.0,0.0,0.0
1016300,57,15,13,9,1,6,7,1,5,0.2632,0.2281,0.1579,0.0175,0.1053,0.1228,0.0175,0.0877,72.57
1016400,32,5,11,5,1,1,1,5,3,0.1562,0.3438,0.1562,0.0312,0.0312,0.0312,0.1562,0.0938,40.74
1016500,73,35,19,8,1,0,6,2,2,0.4795,0.2603,0.1096,0.0137,0.0,0.0822,0.0274,0.0274,92.95
1016600,81,40,28,12,1,0,0,0,0,0.4938,0.3457,0.1481,0.0123,0.0,0.0,0.0,0.0,103.13
1016700,100,40,23,24,0,3,2,2,6,0.4,0.23,0.24,0.0,0.03,0.02,0.02,0.06,127.32
1016800,18,10,0,0,0,0,2,1,5,0.5556,0.0,0.0,0.0,0.0,0.1111,0.0556,0.2778,22.92
1016900,66,33,8,12,1,0,1,8,3,0.5,0.1212,0.1818,0.0152,0.0,0.0152,0.1212,0.0455,84.03
1017000,42,11,17,7,0,0,0,2,5,0.2619,0.4048,0.1667,0.0,0.0,0.0,0.0476,0.119,53.48
1017100,73,31,18,16,1,0,2,0,5,0.4247,0.2466,0.2192,0.0137,0.0,0.0274,0.0,0.0685,92.95
1017200,59,28,13,11,1,0,1,2,3,0.4746,0.2203,0.1864,0.0169,0.0,0.0169,0.0339,0.0508,75.12
1017300,34,11,3,4,0,1,3,7,5,0.3235,0.0882,0.1176,0.0,0.0294,0.0882,0.2059,0.1471,43.29
1017401,12,4,2,2,0,0,2,1,1,0.3333,0.1667,0.1667,0.0,0.0,0.1667,0.0833,0.0833,15.28
1017402,9,3,3,1,0,0,0,2,0,0.3333,0.3333,0.1111,0.0,0.0,0.0,0.2222,0.0,11.46
1017500,40,13,5,11,0,1,1,3,6,0.325,0.125,0.275,0.0,0.025,0.025,0.075,0.15,50.93
1017700,39,10,7,7,0,0,2,9,4,0.2564,0.1795,0.1795,0.0,0.0,0.0513,0.2308,0.1026,49.66
1017800,39,15,12,8,0,0,2,2,0,0.3846,0.3077,0.2051,0.0,0.0,0.0513,0.0513,0.0,49.66
1017900,78,36,16,17,0,0,1,3,5,0.4615,0.2051,0.2179,0.0,0.0,0.0128,0.0385,0.0641,99.31
1018000,36,21,7,2,0,0,2,3,1,0.5833,0.1944,0.0556,0.0,0.0,0.0556,0.0833,0.0278,45.84
1018100,25,8,4,5,0,0,0,2,6,0.32,0.16,0.2,0.0,0.0,0.0,0.08,0.24,31.83
1018200,39,19,6,8,0,0,1,3,2,0.4872,0.1538,0.2051,0.0,0.0,0.0256,0.0769,0.0513,49.66
1018300,92,35,20,18,2,2,8,2,5,0.3804,0.2174,0.1957,0.0217,0.0217,0.087,0.0217,0.0543,117.14
1018400,13,8,2,0,0,0,0,2,1,0.6154,0.1538,0.0,0.0,0.0,0.0,0.1538,0.0769,16.55
1018500,37,8,12,6,0,0,2,5,4,0.2162,0.3243,0.1622,0.0,0.0,0.0541,0.1351,0.1081,47.11
1018600,16,7,3,0,0,0,1,3,2,0.4375,0.1875,0.0,0.0,0.0,0.0625,0.1875,0.125,20.37
1018700,67,24,16,17,0,1,3,1,5,0.3582,0.2388,0.2537,0.0,0.0149,0.0448,0.0149,0.0746,85.31
1018800,22,10,5,3,0,0,0,0,4,0.4545,0.2273,0.1364,0.0,0.0,0.0,0.0,0.1818,28.01
1018900,35,8,13,6,1,2,0,1,4,0.2286,0.3714,0.1714,0.0286,0.0571,0.0,0.0286,0.1143,44.56
1019000,26,9,7,5,0,0,0,1,4,0.3462,0.2692,0.1923,0.0,0.0,0.0,0.0385,0.1538,33.1
1019100,81,35,16,12,2,1,8,3,4,0.4321,0.1975,0.1481,0.0247,0.0123,0.0988,0.037,0.0494,103.13
1019200,14,2,6,0,0,0,2,3,1,0.1429,0.4286,0.0,0.0,0.0,0.1429,0.2143,0.0714,17.83
1019300,55,23,10,13,2,0,0,3,4,0.4182,0.1818,0.2364,0.0364,0.0,0.0,0.0545,0.0727,70.03
1019400,12,3,4,0,0,0,2,1,2,0.25,0.3333,0.0,0.0,0.0,0.1667,0.0833,0.1667,15.28
1019500,89,43,17,18,1,0,2,4,4,0.4831,0.191,0.2022,0.0112,0.0,0.0225,0.0449,0.0449,113.32
1019600,8,4,3,0,0,0,0,0,1,0.5,0.375,0.0,0.0,0.0,0.0,0.0,0.125,10.19
1019701,5,2,0,0,0,0,0,1,2,0.4,0.0,0.0,0.0,0.0,0.0,0.2,0.4,6.37
1019702,30,16,7,5,1,0,0,0,1,0.5333,0.2333,0.1667,0.0333,0.0,0.0,0.0,0.0333,38.2
1019800,29,9,8,4,1,0,2,1,4,0.3103,0.2759,0.1379,0.0345,0.0,0.069,0.0345,0.1379,36.92
1019900,72,40,14,7,0,0,1,4,6,0.5556,0.1944,0.0972,0.0,0.0,0.0139,0.0556,0.0833,91.67
1020000,35,14,7,5,0,0,3,3,3,0.4,0.2,0.1429,0.0,0.0,0.0857,0.0857,0.0857,44.56
1020101,5,5,0,0,0,0,0,0,0,1.0,0.0,0.0,0.0,0.0,0.0,0.0,0.0,6.37
1020102,29,16,6,3,1,0,1,0,2,0.5517,0.2069,0.1034,0.0345,0.0,0.0345,0.0,0.069,36.92
1020300,34,12,8,3,1,0,2,6,2,0.3529,0.2353,0.0882,0.0294,0.0,0.0588,0.1765,0.0588,43.29
1020500,22,8,4,1,0,0,2,7,0,0.3636,0.1818,0.0455,0.0,0.0,0.0909,0.3182,0.0,28.01
1020600,7,0,1,0,0,0,0,6,0,0.0,0.1429,0.0,0.0,0.0,0.0,0.8571,0.0,8.91
1020701,11,5,2,3,0,0,0,0,1,0.4545,0.1818,0.2727,0.0,0.0,0.0,0.0,0.0909,14.01
1020800,8,5,1,0,1,0,1,0,0,0.625,0.125,0.0,0.125,0.0,0.125,0.0,0.0,10.19
1020901,28,5,7,7,0,0,2,5,2,0.1786,0.25,0.25,0.0,0.0,0.0714,0.1786,0.0714,35.65
1021000,1,0,0,0,0,0,1,0,0,0.0,0.0,0.0,0.0,0.0,1.0,0.0,0.0,1.27
1021100,42,24,4,3,1,0,2,5,3,0.5714,0.0952,0.0714,0.0238,0.0,0.0476,0.119,0.0714,53.48
1021200,14,3,3,1,0,0,1,4,2,0.2143,0.2143,0.0714,0.0,0.0,0.0714,0.2857,0.1429,17.83
1021303,8,3,0,0,0,0,2,2,1,0.375,0.0,0.0,0.0,0.0,0.25,0.25,0.125,10.19
1021400,8,2,4,1,0,0,0,1,0,0.25,0.5,0.125,0.0,0.0,0.0,0.125,0.0,10.19
1021500,9,4,3,1,1,0,0,0,0,0.4444,0.3333,0.1111,0.1111,0.0,0.0,0.0,0.0,11.46
1021600,4,3,0,0,0,0,0,1,0,0.75,0.0,0.0,0.0,0.0,0.0,0.25,0.0,5.09
1021703,6,1,0,0,0,0,1,4,0,0.1667,0.0,0.0,0.0,0.0,0.1667,0.6667,0.0,7.64
1021800,28,13,6,3,0,1,0,3,2,0.4643,0.2143,0.1071,0.0,0.0357,0.0,0.1071,0.0714,35.65
1021900,22,10,1,1,0,0,4,5,1,0.4545,0.0455,0.0455,0.0,0.0,0.1818,0.2273,0.0455,28.01
1022000,12,7,0,0,0,2,0,3,0,0.5833,0.0,0.0,0.0,0.1667,0.0,0.25,0.0,15.28
1022102,11,5,0,2,0,0,1,3,0,0.4545,0.0,0.1818,0.0,0.0,0.0909,0.2727,0.0,14.01
1022200,37,8,19,3,1,1,5,0,0,0.2162,0.5135,0.0811,0.027,0.027,0.1351,0.0,0.0,47.11
1022301,11,5,2,1,1,0,0,1,1,0.4545,0.1818,0.0909,0.0909,0.0,0.0,0.0909,0.0909,14.01
1022302,5,2,0,0,0,0,1,2,0,0.4,0.0,0.0,0.0,0.0,0.2,0.4,0.0,6.37
1022400,31,12,10,2,1,0,2,1,3,0.3871,0.3226,0.0645,0.0323,0.0,0.0645,0.0323,0.0968,39.47
1022500,17,11,2,1,0,1,1,1,0,0.6471,0.1176,0.0588,0.0,0.0588,0.0588,0.0588,0.0,21.65
1022600,14,4,3,1,0,1,2,1,2,0.2857,0.2143,0.0714,0.0,0.0714,0.1429,0.0714,0.1429,17.83
1022700,13,4,1,3,0,0,1,3,1,0.3077,0.0769,0.2308,0.0,0.0,0.0769,0.2308,0.0769,16.55
1022800,10,6,0,0,1,0,2,1,0,0.6,0.0,0.0,0.1,0.0,0.2,0.1,0.0,12.73
1022900,16,5,7,1,0,1,0,1,1,0.3125,0.4375,0.0625,0.0,0.0625,0.0,0.0625,0.0625,20.37
1023000,12,6,1,2,0,0,0,2,1,0.5,0.0833,0.1667,0.0,0.0,0.0,0.1667,0.0833,15.28
1023100,16,7,3,2,0,0,0,1,3,0.4375,0.1875,0.125,0.0,0.0,0.0,0.0625,0.1875,20.37
1023200,30,11,8,7,1,0,0,2,1,0.3667,0.2667,0.2333,0.0333,0.0,0.0,0.0667,0.0333,38.2
1023300,23,21,1,0,0,0,0,1,0,0.913,0.0435,0.0,0.0,0.0,0.0,0.0435,0.0,29.28
1023400,9,3,2,2,0,0,0,2,0,0.3333,0.2222,0.2222,0.0,0.0,0.0,0.2222,0.0,11.46
1023501,8,1,3,0,0,2,2,0,0,0.125,0.375,0.0,0.0,0.25,0.25,0.0,0.0,10.19
1023502,1,1,0,0,0,0,0,0,0,1.0,0.0,0.0,0.0,0.0,0.0,0.0,0.0,1.27
1023600,5,0,1,0,0,0,0,4,0,0.0,0.2,0.0,0.0,0.0,0.0,0.8,0.0,6.37
1023700,8,6,0,0,0,0,1,1,0,0.75,0.0,0.0,0.0,0.0,0.125,0.125,0.0,10.19
1023802,4,1,1,0,0,0,1,0,1,0.25,0.25,0.0,0.0,0.0,0.25,0.0,0.25,5.09
1023803,6,1,1,0,1,0,0,3,0,0.1667,0.1667,0.0,0.1667,0.0,0.0,0.5,0.0,7.64
1023804,9,5,0,0,0,0,2,1,1,0.5556,0.0,0.0,0.0,0.0,0.2222,0.1111,0.1111,11.46
1023900,6,4,0,0,0,0,0,1,1,0.6667,0.0,0.0,0.0,0.0,0.0,0.1667,0.1667,7.64
1024000,2,0,0,0,0,0,1,1,0,0.0,0.0,0.0,0.0,0.0,0.5,0.5,0.0,2.55
1024100,19,11,0,4,0,0,2,1,1,0.5789,0.0,0.2105,0.0,0.0,0.1053,0.0526,0.0526,24.19
1024200,21,6,5,2,1,0,0,4,3,0.2857,0.2381,0.0952,0.0476,0.0,0.0,0.1905,0.1429,26.74
1024301,6,0,2,1,0,0,1,1,1,0.0,0.3333,0.1667,0.0,0.0,0.1667,0.1667,0.1667,7.64
1024302,6,0,4,0,0,1,0,0,1,0.0,0.6667,0.0,0.0,0.1667,0.0,0.0,0.1667,7.64
1024500,4,3,0,0,0,0,0,1,0,0.75,0.0,0.0,0.0,0.0,0.0,0.25,0.0,5.09
1024700,2,0,2,0,0,0,0,0,0,0.0,1.0,0.0,0.0,0.0,0.0,0.0,0.0,2.55
1024900,5,1,1,0,0,0,0,3,0,0.2,0.2,0.0,0.0,0.0,0.0,0.6,0.0,6.37
1025100,15,6,1,3,0,0,1,2,2,0.4,0.0667,0.2,0.0,0.0,0.0667,0.1333,0.1333,19.1
1025300,35,13,8,5,0,0,2,0,7,0.3714,0.2286,0.1429,0.0,0.0,0.0571,0.0,0.2,44.56
1025500,7,4,1,0,0,0,1,0,1,0.5714,0.1429,0.0,0.0,0.0,0.1429,0.0,0.1429,8.91
1025700,25,10,6,3,0,0,2,2,2,0.4,0.24,0.12,0.0,0.0,0.08,0.08,0.08,31.83
1025900,28,9,9,6,0,0,1,0,3,0.3214,0.3214,0.2143,0.0,0.0,0.0357,0.0,0.1071,35.65
1026100,11,4,0,0,1,0,2,2,2,0.3636,0.0,0.0,0.0909,0.0,0.1818,0.1818,0.1818,14.01
1026300,43,15,9,7,1,0,4,1,6,0.3488,0.2093,0.1628,0.0233,0.0,0.093,0.0233,0.1395,54.75
1026500,42,22,10,6,0,0,0,0,4,0.5238,0.2381,0.1429,0.0,0.0,0.0,0.0,0.0952,53.48
1026700,12,8,0,1,0,0,0,2,1,0.6667,0.0,0.0833,0.0,0.0,0.0,0.1667,0.0833,15.28
1026900,15,4,6,1,0,0,0,0,4,0.2667,0.4,0.0667,0.0,0.0,0.0,0.0,0.2667,19.1
1027100,32,10,14,2,0,0,0,2,4,0.3125,0.4375,0.0625,0.0,0.0,0.0,0.0625,0.125,40.74
1027300,15,8,3,3,0,0,0,0,1,0.5333,0.2,0.2,0.0,0.0,0.0,0.0,0.0667,19.1
1027500,8,5,1,2,0,0,0,0,0,0.625,0.125,0.25,0.0,0.0,0.0,0.0,0.0,10.19
1027700,12,6,2,0,0,0,0,4,0,0.5,0.1667,0.0,0.0,0.0,0.0,0.3333,0.0,15.28
1027900,6,4,1,0,0,0,0,1,0,0.6667,0.1667,0.0,0.0,0.0,0.0,0.1667,0.0,7.64
1028100,8,2,1,1,0,0,0,4,0,0.25,0.125,0.125,0.0,0.0,0.0,0.5,0.0,10.19
1028300,3,1,1,0,0,0,0,1,0,0.3333,0.3333,0.0,0.0,0.0,0.0,0.3333,0.0,3.82
1028500,11,5,1,0,0,0,0,3,2,0.4545,0.0909,0.0,0.0,0.0,0.0,0.2727,0.1818,14.01
1028700,32,16,4,7,1,0,2,0,2,0.5,0.125,0.2188,0.0312,0.0,0.0625,0.0,0.0625,40.74
1029100,13,2,3,2,0,0,3,2,1,0.1538,0.2308,0.1538,0.0,0.0,0.2308,0.1538,0.0769,16.55
1029300,12,5,3,1,0,0,0,3,0,0.4167,0.25,0.0833,0.0,0.0,0.0,0.25,0.0,15.28
1029500,9,2,2,1,0,0,1,2,1,0.2222,0.2222,0.1111,0.0,0.0,0.1111,0.2222,0.1111,11.46
1029700,1,1,0,0,0,0,0,0,0,1.0,0.0,0.0,0.0,0.0,0.0,0.0,0.0,1.27
1029900,1,1,0,0,0,0,0,0,0,1.0,0.0,0.0,0.0,0.0,0.0,0.0,0.0,1.27
1030300,13,7,3,0,1,0,0,2,0,0.5385,0.2308,0.0,0.0769,0.0,0.0,0.1538,0.0,16.55
1030700,7,2,3,1,0,0,1,0,0,0.2857,0.4286,0.1429,0.0,0.0,0.1429,0.0,0.0,8.91
1030900,27,9,7,1,0,0,3,4,3,0.3333,0.2593,0.037,0.0,0.0,0.1111,0.1481,0.1111,34.38
1031100,30,9,10,3,2,2,0,0,4,0.3,0.3333,0.1,0.0667,0.0667,0.0,0.0,0.1333,38.2
1031703,45,29,3,0,4,1,3,2,3,0.6444,0.0667,0.0,0.0889,0.0222,0.0667,0.0444,0.0667,57.3
1031704,25,11,6,2,0,1,3,1,1,0.44,0.24,0.08,0.0,0.04,0.12,0.04,0.04,31.83
1031900,22,13,4,2,1,1,1,0,0,0.5909,0.1818,0.0909,0.0455,0.0455,0.0455,0.0,0.0,28.01
