tract_id,dist_subway_mean,dist_bus_mean,transit_stop_count,intersection_density
1000100,,,0,194.8
1000201,493.5,469.2,66,1147.2
1000202,697.9,426.7,47,920.6
1000500,,,0,6201.9
1000600,470.9,488.6,87,1791.4
1000700,484.6,529.6,205,2869.9
1000800,669.6,432.2,84,2527.4
1000900,490.1,439.1,161,3228.9
1001001,,543.9,25,546.2
1001002,,572.9,29,569.1
1001200,567.3,532.0,68,981.7
1001300,420.5,499.1,228,7589.8
1001401,452.0,485.4,82,1161.2
1001402,505.2,550.1,98,1096.3
1001501,565.0,554.2,196,2597.4
1001502,461.6,515.1,230,2734.9
1001600,533.2,447.6,103,1944.2
1001800,552.2,524.7,120,1264.3
1002000,,527.3,30,557.7
1002100,422.3,411.5,193,3984.0
1002201,471.9,549.1,72,812.3
1002202,662.4,551.2,72,671.0
1002400,,529.6,33,392.2
1002500,716.4,553.1,69,1373.8
1002601,777.4,513.9,61,623.9
1002602,716.8,465.7,63,604.8
1002700,661.9,519.4,121,3134.7
1002800,558.7,457.3,67,607.3
1002901,601.7,543.2,195,2635.6
1002902,575.0,525.1,131,2764.2
1003001,456.2,531.4,89,998.2
1003002,524.2,536.3,90,797.0
1003100,510.7,572.7,169,1915.0
1003200,635.9,544.2,105,593.3
1003300,490.5,538.2,149,2331.3
1003400,373.2,492.9,89,707.9
1003601,463.4,502.8,108,1089.9
1003602,579.1,520.4,131,989.3
1003700,497.2,527.3,77,1401.8
1003800,606.5,531.9,138,863.3
1003900,566.4,598.3,97,2535.0
1004001,538.1,515.2,124,723.2
1004002,451.5,499.9,125,811.1
1004100,551.2,598.7,150,1594.1
1004200,411.5,479.4,119,953.7
1004300,496.4,543.8,128,968.9
1004400,644.0,565.2,45,566.6
1004500,485.6,587.5,135,1058.1
1004700,498.7,536.5,119,1819.5
1004800,547.8,558.2,129,816.1
1004900,546.0,524.3,125,886.2
1005000,503.9,539.1,140,989.3
1005200,515.7,549.7,160,1096.3
1005400,520.9,581.0,169,790.7
1005501,512.6,539.9,128,986.8
1005502,380.0,521.5,114,1055.5
1005600,500.3,503.7,161,1054.2
1005700,542.5,519.5,142,1143.4
1005800,531.4,544.1,183,906.5
1005900,570.1,543.4,159,1049.1
1006000,719.2,612.1,44,781.8
1006100,478.7,489.4,133,952.4
1006200,,548.0,39,786.9
1006300,528.1,531.6,153,1019.9
1006400,673.9,519.6,125,828.9
1006500,551.6,560.2,129,1019.9
1006600,591.4,499.7,112,846.7
1006700,394.8,506.5,87,925.6
1006800,467.3,496.2,135,1030.1
1006900,524.9,503.7,67,1170.1
1007001,670.8,537.7,77,1028.8
1007002,555.5,553.3,105,1047.9
1007100,480.9,482.5,134,1073.3
1007200,534.9,549.6,142,1027.5
1007300,552.9,468.5,119,1252.9
1007400,545.5,529.5,174,1022.4
1007500,646.9,500.2,84,1240.1
1007600,547.3,511.7,199,1032.6
1007700,479.2,476.0,120,1215.9
1007800,623.5,510.0,101,1311.4
1007900,564.4,516.0,74,1386.6
1008000,540.0,528.3,145,1498.6
1008100,462.4,563.2,148,735.9
1008200,553.5,520.0,196,2542.7
1008300,553.6,501.6,103,1300.0
1008400,557.9,533.4,230,2442.1
1008601,749.7,552.9,45,1008.4
1008602,770.1,586.3,46,1004.6
1008603,668.9,593.8,66,746.1
1008700,476.3,574.7,144,417.6
1008800,558.9,522.9,101,1505.0
1008900,542.0,518.0,93,674.8
1009000,567.6,513.6,119,1345.8
1009100,520.3,571.7,152,445.6
1009200,431.3,490.9,149,1485.9
1009300,604.6,493.9,83,672.3
1009400,537.1,491.1,214,1856.4
1009500,487.7,552.7,173,1031.3
1009600,548.0,521.2,231,2438.3
1009700,540.4,556.5,120,1306.3
1009800,564.1,557.1,119,918.0
1009901,700.0,429.9,39,1123.0
1009902,697.0,539.8,53,1643.8
1009903,600.5,505.7,48,2475.2
1010000,454.6,485.9,150,806.0
1010100,478.5,528.6,180,1154.8
1010200,552.8,521.6,197,844.2
1010300,548.6,554.3,120,1600.5
1010400,552.9,522.3,196,873.4
1010601,718.8,564.1,75,723.2
1010602,651.2,563.8,94,730.8
1010801,550.2,496.2,108,812.3
1010802,587.9,524.2,110,844.2
1010803,487.6,491.0,127,812.3
1010900,423.2,536.7,185,1297.4
1011000,488.5,514.3,117,836.5
1011100,549.9,518.7,123,1801.6
1011201,574.3,534.9,182,849.3
1011202,539.5,523.1,175,898.9
1011203,478.3,474.8,151,897.6
1011300,463.2,541.8,198,1729.1
1011401,491.7,521.9,130,834.0
1011402,423.4,493.7,130,891.3
1011500,577.4,511.6,136,1331.8
1011600,664.5,542.7,84,623.9
1011700,674.0,567.4,60,1880.6
1011800,534.9,492.3,102,641.7
1011900,456.4,540.5,186,1510.1
1012000,424.2,518.4,113,704.1
1012101,561.2,507.9,142,783.0
1012102,649.7,508.8,107,962.6
1012200,545.0,530.1,96,590.8
1012400,446.8,509.3,66,500.4
1012500,491.4,574.6,196,700.3
1012601,552.3,467.6,88,573.0
1012602,493.7,507.9,102,550.0
1012700,580.4,537.4,114,449.5
1012800,473.4,509.5,90,504.2
1012901,754.3,478.2,50,1352.2
1012902,745.5,489.0,55,665.9
1013000,535.9,547.5,72,788.1
1013100,452.5,531.8,167,779.2
1013201,681.8,531.7,73,471.1
1013202,750.8,553.2,52,446.9
1013203,694.4,524.6,76,486.4
1013300,582.9,558.8,129,464.7
1013400,508.5,542.6,91,454.5
1013501,,519.2,39,733.4
1013502,770.8,532.9,53,813.6
1013601,749.8,567.1,39,501.7
1013602,654.3,552.8,52,474.9
1013603,689.1,517.9,71,439.3
1013604,459.6,491.2,51,438.0
1013700,449.9,525.4,168,951.1
1013800,491.2,485.4,80,516.9
1013900,551.6,523.2,127,1013.5
1014000,445.8,514.4,83,532.2
1014200,507.6,505.8,65,723.2
1014401,580.6,471.8,52,474.9
1014402,533.5,480.5,46,482.6
1014500,443.6,484.6,112,1409.5
1014601,491.2,491.5,82,508.0
1014602,478.8,531.9,86,537.3
1014700,670.0,518.7,81,1007.1
1014801,401.4,503.8,75,557.7
1014802,431.3,560.0,84,570.4
1014900,496.9,501.0,120,1413.3
1015001,580.0,543.4,70,588.2
1015002,551.3,550.0,63,500.4
1015101,619.6,527.2,85,1187.9
1015102,699.5,602.8,53,760.1
1015200,523.7,504.8,55,620.1
1015301,475.1,487.9,92,1000.8
1015302,452.0,449.9,92,1016.0
1015401,489.9,505.7,81,649.4
1015402,545.6,488.6,76,785.6
1015403,472.4,524.3,87,724.5
1015501,443.9,473.4,80,870.9
1015502,655.1,542.2,50,552.6
1015601,493.3,486.2,74,767.8
1015602,322.3,514.6,75,827.6
1015700,505.6,519.5,99,728.3
1015801,522.0,516.5,85,629.0
1015802,311.3,491.1,73,716.8
1015900,578.3,495.0,78,669.7
1016001,605.6,536.0,67,518.2
1016002,514.6,495.5,62,635.3
1016100,510.4,527.7,91,629.0
1016200,735.6,530.5,40,468.6
1016300,342.6,470.7,55,537.3
1016400,629.9,493.6,74,714.3
1016500,556.5,504.2,97,532.2
1016600,517.0,511.9,87,700.3
1016700,505.8,488.2,75,581.9
1016800,628.7,533.3,71,688.8
1016900,449.6,490.0,83,567.9
1017000,502.2,465.9,61,648.1
1017100,462.1,471.1,59,473.6
1017200,414.5,531.6,83,635.3
1017300,548.9,522.9,93,478.7
1017401,588.1,545.7,81,897.6
1017402,524.9,543.3,85,788.1
1017500,492.2,539.7,66,455.8
1017700,509.3,496.6,84,553.9
1017800,681.6,508.7,41,495.3
1017900,328.1,496.6,62,547.5
1018000,503.1,497.1,72,565.3
1018100,554.4,499.0,82,658.3
1018200,482.4,543.4,88,658.3
1018300,458.7,462.6,68,654.4
1018400,600.8,554.5,99,770.3
1018500,475.6,498.9,85,679.9
1018600,583.8,561.5,85,976.6
1018700,485.1,506.0,77,654.4
1018800,594.7,509.2,76,570.4
1018900,538.5,532.4,94,841.6
1019000,551.6,537.9,95,767.8
1019100,423.0,505.9,81,578.1
1019200,628.5,543.5,42,620.1
1019300,541.1,503.0,106,877.3
1019400,483.8,464.6,66,776.7
1019500,506.3,469.3,87,779.2
1019600,389.9,502.0,78,1005.9
1019701,479.1,529.3,109,692.6
1019702,556.6,488.8,104,827.6
1019800,536.1,538.4,95,932.0
1019900,525.4,510.5,93,777.9
1020000,512.7,531.5,96,748.7
1020101,492.7,542.6,103,657.0
1020102,586.4,535.0,118,674.8
1020300,586.0,543.2,92,606.1
1020500,291.0,456.9,50,550.0
1020600,555.7,565.4,83,707.9
1020701,579.1,546.0,104,618.8
1020800,528.0,538.2,91,686.3
1020901,406.9,518.3,98,613.7
1021000,577.9,611.8,56,827.6
1021100,574.6,487.2,67,644.3
1021200,491.4,562.2,62,755.0
1021303,455.1,532.9,102,655.7
1021400,595.1,581.9,67,662.1
1021500,583.3,489.4,117,604.8
1021600,422.0,506.6,88,963.8
1021703,552.0,568.4,109,617.5
1021800,514.4,543.2,109,603.5
1021900,572.4,512.6,70,804.7
1022000,513.8,518.0,108,595.9
1022102,556.2,537.6,101,655.7
1022200,489.7,498.9,108,627.7
1022301,552.7,545.5,82,648.1
1022302,477.1,495.6,47,530.9
1022400,541.3,506.0,112,509.3
1022500,540.7,489.8,86,552.6
1022600,550.9,504.2,107,552.6
1022700,495.1,533.8,102,483.8
1022800,448.2,508.0,84,630.3
1022900,445.2,467.5,78,570.4
1023000,556.3,522.2,91,668.5
1023100,448.7,506.0,89,487.7
1023200,570.3,497.7,75,634.1
1023300,551.5,516.8,85,560.2
1023400,482.0,494.3,72,623.9
1023501,518.6,534.9,87,639.2
1023502,480.1,523.4,64,780.5
1023600,602.4,525.4,66,752.5
1023700,535.4,532.6,78,690.1
1023802,,614.3,31,459.6
1023803,458.8,564.5,52,678.6
1023804,143.1,536.6,43,448.2
1023900,307.4,498.3,59,790.7
1024000,,491.5,13,841.6
1024100,361.8,461.4,55,770.3
1024200,270.4,430.3,46,767.8
1024301,516.2,527.7,62,755.0
1024302,522.7,487.9,39,844.2
1024500,496.8,455.6,61,839.1
1024700,612.8,466.6,51,672.3
1024900,375.2,496.0,35,753.8
1025100,323.4,484.6,38,821.2
1025300,427.8,564.2,55,828.9
1025500,480.7,607.3,54,706.6
1025700,532.5,523.9,108,654.4
1025900,504.8,487.1,83,527.1
1026100,584.5,432.6,68,615.0
1026300,480.1,387.7,72,806.0
1026500,281.8,459.1,63,996.9
1026700,628.6,552.6,57,589.5
1026900,577.0,479.7,70,775.4
1027100,495.6,445.8,78,900.2
1027300,512.0,525.0,69,749.9
1027500,604.5,610.5,57,587.0
1027700,595.1,538.2,49,601.0
1027900,548.7,504.0,57,864.5
1028100,506.6,511.2,48,716.8
1028300,542.2,505.2,40,807.2
1028500,530.1,522.5,34,788.1
1028700,468.9,388.2,26,1004.6
1029100,396.5,507.7,30,627.7
1029300,434.0,408.1,33,578.1
1029500,435.2,636.6,32,411.3
1029700,529.8,548.4,19,318.3
1029900,403.6,512.1,27,552.6
1030300,336.1,348.4,22,490.2
1030700,487.8,537.9,24,505.5
1030900,465.5,591.3,23,971.5
1031100,681.9,527.9,67,525.8
1031703,637.6,596.8,111,3002.3
1031704,573.1,484.6,153,6140.8
1031900,519.2,457.1,101,2425.5
