tract_id,borough,tract_lat,tract_lon,zone_type,tract_lot_count,amenity_count_total,amenity_count_food_drink,amenity_count_retail,amenity_count_services,amenity_count_office,amenity_count_hotel,amenity_count_entertainment,amenity_count_education,amenity_count_healthcare,amenity_ratio_food_drink,amenity_ratio_retail,amenity_ratio_services,amenity_ratio_office,amenity_ratio_hotel,amenity_ratio_entertainment,amenity_ratio_education,amenity_ratio_healthcare,amenity_density,avg_floors,avg_yearbuilt,lot_area_mean,total_bldg_area,building_count,landuse_entropy,landuse_hhi,dist_subway_mean,dist_bus_mean,transit_stop_count,intersection_density,hotel_count,tourism_poi_count,tourism_density,tourism_ratio,pedestrian_rank_mean,pedestrian_rank_max,pct_high_traffic_segments,shop_count,shop_density_km2,shop_type_entropy,brand_ratio
1000100,MN,40.694054,-74.043333,Mixed-Use,2,4,2,0,0,0,0,2,0,0,0.5,0.0,0.0,0.0,0.0,0.5,0.0,0.0,5.09,,1900,1653038.0,1145016.0,23,0.4276,0.0269,,,0,194.8,0,11,14.01,2.75,5,5,0.0,0,0.0,0.0,0.0
1000201,MN,40.7135133,-73.9859895,Mixed-Use,43,11,1,3,2,0,0,1,2,2,0.0909,0.2727,0.1818,0.0,0.0,0.0909,0.1818,0.1818,14.01,5.4,1912,26085.0,1593392.0,43,2.0937,0.3196,493.5,469.2,66,1147.2,0,0,0.0,0.0,4,2,3.4,5,6.37,1.9219,0.0
1000202,MN,40.7133794,-73.982513,Residential,51,21,9,6,3,0,0,0,2,1,0.4286,0.2857,0.1429,0.0,0.0,0.0,0.0952,0.0476,26.74,5.8,1923,48481.0,3707226.0,78,1.8345,0.3339,697.9,426.7,47,920.6,0,0,0.0,0.0,3,3,0.0,10,12.73,2.4464,0.0
1000500,MN,40.6905564,-74.01756,Institutional,4,24,9,0,4,0,0,9,2,0,0.375,0.0,0.1667,0.0,0.0,0.375,0.0833,0.0,30.56,3.2,1900,1934173.0,2636571.0,136,-0.0,1.0,,,0,6201.9,0,15,19.1,0.625,5,5,0.0,0,0.0,0.0,0.0
1000600,MN,40.7133614,-73.9900428,Mixed-Use,162,71,37,18,6,3,0,2,2,3,0.5211,0.2535,0.0845,0.0423,0.0,0.0282,0.0282,0.0423,90.4,6.1,1927,11591.0,5890839.0,181,2.1382,0.3304,470.9,488.6,87,1791.4,0,4,5.09,0.0563,3,2,29.3,32,40.74,4.1136,0.0312
1000700,MN,40.7059488,-74.0084402,Commercial,68,144,73,27,12,6,12,7,1,6,0.5069,0.1875,0.0833,0.0417,0.0833,0.0486,0.0069,0.0417,183.35,24.8,1933,28674.0,29583962.0,71,1.8604,0.3032,484.6,529.6,205,2869.9,12,37,47.11,0.2569,2,1,75.5,40,50.93,3.8939,0.175
1000800,MN,40.7127927,-73.9951989,Mixed-Use,249,90,39,30,6,0,4,3,4,4,0.4333,0.3333,0.0667,0.0,0.0444,0.0333,0.0444,0.0444,114.59,5.3,1919,5723.0,4382535.0,259,2.3294,0.2717,669.6,432.2,84,2527.4,4,10,12.73,0.1111,3,2,17.7,45,57.3,4.2734,0.0222
1000900,MN,40.7039835,-74.0113918,Commercial,99,135,74,15,15,10,5,5,5,6,0.5481,0.1111,0.1111,0.0741,0.037,0.037,0.037,0.0444,171.89,14.8,1914,27234.0,22902593.0,101,1.8318,0.358,490.1,439.1,161,3228.9,5,28,35.65,0.2074,2,1,65.4,32,40.74,3.9764,0.1562
1001001,MN,40.7159214,-73.9770387,Open Space,5,0,0,0,0,0,0,0,0,0,0.0,0.0,0.0,0.0,0.0,0.0,0.0,0.0,0.0,6.0,1932,516784.0,1279058.0,8,0.6568,0.7603,,543.9,25,546.2,0,0,0.0,0.0,3,3,0.0,0,0.0,0.0,0.0
1001002,MN,40.7178138,-73.9769249,Residential,7,1,0,0,0,0,0,0,1,0,0.0,0.0,0.0,0.0,0.0,0.0,1.0,0.0,1.27,5.9,1933,183780.0,3156180.0,24,0.4325,0.8815,,572.9,29,569.1,0,0,0.0,0.0,3,3,0.0,1,1.27,-0.0,0.0
1001200,MN,40.7165079,-73.9827525,Residential,37,9,4,1,1,0,0,2,0,1,0.4444,0.1111,0.1111,0.0,0.0,0.2222,0.0,0.1111,11.46,6.8,1945,24664.0,2399316.0,37,2.5428,0.2352,567.3,532.0,68,981.7,0,0,0.0,0.0,3,3,0.0,4,5.09,2.0,0.25
1001300,MN,40.7085837,-74.0130159,Commercial,85,140,57,44,9,9,9,4,3,5,0.4071,0.3143,0.0643,0.0643,0.0643,0.0286,0.0214,0.0357,178.25,20.4,1939,27150.0,26128932.0,95,1.8315,0.4106,420.5,499.1,228,7589.8,9,32,40.74,0.2286,2,1,70.4,49,62.39,3.7232,0.3673
1001401,MN,40.7149207,-73.9871077,Residential,9,35,17,8,3,1,0,2,2,2,0.4857,0.2286,0.0857,0.0286,0.0,0.0571,0.0571,0.0571,44.56,8.7,1951,82155.0,2208447.0,12,1.1985,0.5351,452.0,485.4,82,1161.2,0,1,1.27,0.0286,3,2,43.8,9,11.46,2.4194,0.3333
1001402,MN,40.7182138,-73.9858289,Mixed-Use,89,109,59,27,10,0,1,7,2,3,0.5413,0.2477,0.0917,0.0,0.0092,0.0642,0.0183,0.0275,138.78,6.6,1935,9175.0,3268028.0,90,2.339,0.2784,505.2,550.1,98,1096.3,1,2,2.55,0.0183,3,2,19.0,53,67.48,4.6217,0.0943
1001501,MN,40.7089531,-74.0037251,Mixed-Use,143,85,48,20,3,1,2,3,5,3,0.5647,0.2353,0.0353,0.0118,0.0235,0.0353,0.0588,0.0353,108.23,9.1,1911,16143.0,10703228.0,169,2.5257,0.1919,565.0,554.2,196,2597.4,2,20,25.46,0.2353,3,1,46.5,24,30.56,3.6887,0.125
1001502,MN,40.7084645,-74.0070197,Mixed-Use,133,214,104,42,28,7,8,4,13,8,0.486,0.1963,0.1308,0.0327,0.0374,0.0187,0.0607,0.0374,272.47,15.1,1935,11231.0,15884776.0,147,2.2725,0.2537,461.6,515.1,230,2734.9,8,21,26.74,0.0981,2,1,97.8,77,98.04,4.4659,0.2078
1001600,MN,40.716121,-73.9923225,Mixed-Use,312,152,76,33,19,3,6,11,2,2,0.5,0.2171,0.125,0.0197,0.0395,0.0724,0.0132,0.0132,193.53,5.2,1916,4477.0,3858375.0,338,2.4762,0.2348,533.2,447.6,103,1944.2,6,13,16.55,0.0855,3,2,23.3,77,98.04,4.8751,0.0
1001800,MN,40.7190903,-73.9910107,Mixed-Use,311,189,81,50,21,5,3,19,5,5,0.4286,0.2646,0.1111,0.0265,0.0159,0.1005,0.0265,0.0265,240.64,5.6,1921,4535.0,5322404.0,334,2.3456,0.2745,552.2,524.7,120,1264.3,3,15,19.1,0.0794,3,2,34.8,93,118.41,4.6859,0.0215
1002000,MN,40.720082,-73.9768781,Residential,3,9,2,1,0,0,0,0,4,2,0.2222,0.1111,0.0,0.0,0.0,0.0,0.4444,0.2222,11.46,9.5,1927,252429.0,1797649.0,19,0.4958,0.8434,,527.3,30,557.7,0,0,0.0,0.0,4,3,0.0,1,1.27,-0.0,0.0
1002100,MN,40.7146108,-74.0091137,Mixed-Use,178,223,98,51,30,11,4,7,2,20,0.4395,0.2287,0.1345,0.0493,0.0179,0.0314,0.009,0.0897,283.93,10.0,1917,11168.0,17959547.0,185,1.9868,0.2884,422.3,411.5,193,3984.0,4,26,33.1,0.1166,2,1,90.8,88,112.05,4.7183,0.1477
1002201,MN,40.7199307,-73.9833189,Residential,103,52,24,6,14,0,0,5,3,0,0.4615,0.1154,0.2692,0.0,0.0,0.0962,0.0577,0.0,66.21,5.3,1935,12661.0,3407448.0,110,2.1768,0.2569,471.9,549.1,72,812.3,0,5,6.37,0.0962,3,2,11.4,26,33.1,3.2712,0.0
1002202,MN,40.7213613,-73.9812291,Residential,97,29,14,6,5,0,0,3,0,1,0.4828,0.2069,0.1724,0.0,0.0,0.1034,0.0,0.0345,36.92,5.6,1941,3596.0,1454509.0,98,2.2848,0.249,662.4,551.2,72,671.0,0,0,0.0,0.0,3,3,0.0,14,17.83,3.4677,0.0714
1002400,MN,40.7253337,-73.9734155,Residential,7,6,1,1,0,0,0,2,1,1,0.1667,0.1667,0.0,0.0,0.0,0.3333,0.1667,0.1667,7.64,11.3,1949,132306.0,1450209.0,28,1.5073,0.4053,,529.6,33,392.2,0,0,0.0,0.0,3,2,1.9,3,3.82,1.585,0.0
1002500,MN,40.7091548,-73.9977792,Mixed-Use,7,3,2,0,0,0,0,1,0,0,0.6667,0.0,0.0,0.0,0.0,0.3333,0.0,0.0,3.82,6.5,1941,289781.0,1515392.0,18,1.605,0.3755,716.4,553.1,69,1373.8,0,2,2.55,0.6667,4,3,0.0,1,1.27,-0.0,0.0
1002601,MN,40.7223844,-73.9797719,Residential,145,16,3,4,2,1,0,2,2,2,0.1875,0.25,0.125,0.0625,0.0,0.125,0.125,0.125,20.37,4.9,1930,5476.0,1866820.0,118,2.4944,0.2106,777.4,513.9,61,623.9,0,1,1.27,0.0625,4,3,0.0,6,7.64,1.9183,0.0
1002602,MN,40.7243404,-73.9787519,Residential,200,29,18,6,1,1,0,0,2,1,0.6207,0.2069,0.0345,0.0345,0.0,0.0,0.069,0.0345,36.92,5.0,1924,3799.0,2404674.0,195,2.388,0.2311,716.8,465.7,63,604.8,0,0,0.0,0.0,3,3,0.0,12,15.28,2.7516,0.0
1002700,MN,40.7126638,-73.9982039,Residential,50,39,23,8,3,0,0,0,2,3,0.5897,0.2051,0.0769,0.0,0.0,0.0,0.0513,0.0769,49.66,4.9,1907,7172.0,964791.0,55,2.0603,0.3259,661.9,519.4,121,3134.7,0,6,7.64,0.1538,3,2,18.3,16,20.37,3.4528,0.0625
1002800,MN,40.7265929,-73.977871,Residential,160,42,20,6,7,0,0,5,1,3,0.4762,0.1429,0.1667,0.0,0.0,0.119,0.0238,0.0714,53.48,5.8,1930,8844.0,4117809.0,181,2.5109,0.2138,558.7,457.3,67,607.3,0,2,2.55,0.0476,3,2,6.4,16,20.37,3.25,0.125
1002901,MN,40.7142862,-74.0014303,Institutional,17,9,2,4,1,1,0,1,0,0,0.2222,0.4444,0.1111,0.1111,0.0,0.1111,0.0,0.0,11.46,12.9,1945,50274.0,6682831.0,25,1.1114,0.4927,601.7,543.2,195,2635.6,0,28,35.65,3.1111,3,2,53.6,6,7.64,1.7925,0.0
1002902,MN,40.7153588,-73.998435,Mixed-Use,206,250,117,55,44,1,2,2,3,26,0.468,0.22,0.176,0.004,0.008,0.008,0.012,0.104,318.31,5.3,1918,4143.0,3972774.0,248,2.1661,0.2874,575.0,525.1,131,2764.2,2,17,21.65,0.068,2,1,70.6,112,142.6,4.2669,0.0179
1003001,MN,40.7209077,-73.986922,Mixed-Use,218,150,82,29,13,2,5,14,3,2,0.5467,0.1933,0.0867,0.0133,0.0333,0.0933,0.02,0.0133,190.99,5.3,1921,3804.0,3398908.0,252,2.3101,0.2399,456.2,531.4,89,998.2,5,16,20.37,0.1067,3,2,34.6,51,64.94,3.8533,0.0392
1003002,MN,40.7228048,-73.98548,Mixed-Use,86,82,38,17,12,2,0,8,1,4,0.4634,0.2073,0.1463,0.0244,0.0,0.0976,0.0122,0.0488,104.41,5.4,1921,6257.0,1777551.0,104,1.9113,0.3592,524.2,536.3,90,797.0,0,4,5.09,0.0488,3,2,19.7,39,49.66,4.1661,0.0769
1003100,MN,40.717268,-74.0023522,Commercial,84,119,33,42,11,4,3,17,0,9,0.2773,0.3529,0.0924,0.0336,0.0252,0.1429,0.0,0.0756,151.52,8.9,1913,16416.0,9379535.0,81,1.589,0.5072,510.7,572.7,169,1915.0,3,27,34.38,0.2269,2,1,78.9,55,70.03,4.2175,0.0727
1003200,MN,40.7255523,-73.9837863,Mixed-Use,291,122,93,11,9,0,0,8,1,0,0.7623,0.0902,0.0738,0.0,0.0,0.0656,0.0082,0.0,155.34,5.2,1906,5802.0,4153942.0,304,2.3226,0.2248,635.9,544.2,105,593.3,0,5,6.37,0.041,3,1,34.8,30,38.2,4.0281,0.0
1003300,MN,40.7185408,-74.005831,Mixed-Use,368,70,38,7,5,2,2,12,1,3,0.5429,0.1,0.0714,0.0286,0.0286,0.1714,0.0143,0.0429,89.13,6.4,1896,5845.0,13883793.0,375,2.4512,0.236,490.5,538.2,149,2331.3,2,15,19.1,0.2143,2,2,66.2,17,21.65,3.2928,0.2353
1003400,MN,40.7287606,-73.9814696,Mixed-Use,334,114,65,22,17,0,0,2,5,3,0.5702,0.193,0.1491,0.0,0.0,0.0175,0.0439,0.0263,145.15,5.0,1911,3443.0,3906521.0,381,2.0784,0.3127,373.2,492.9,89,707.9,0,0,0.0,0.0,3,2,28.9,50,63.66,4.1464,0.08
1003601,MN,40.722156,-73.9912288,Residential,95,72,38,14,5,0,6,9,0,0,0.5278,0.1944,0.0694,0.0,0.0833,0.125,0.0,0.0,91.67,6.0,1930,5920.0,2583787.0,97,2.2523,0.2481,463.4,502.8,108,1089.9,6,15,19.1,0.2083,3,2,21.3,22,28.01,3.8231,0.0909
1003602,MN,40.7245936,-73.9898677,Mixed-Use,128,78,44,18,9,0,0,6,0,1,0.5641,0.2308,0.1154,0.0,0.0,0.0769,0.0,0.0128,99.31,5.1,1908,4539.0,2070383.0,128,2.7109,0.1782,579.1,520.4,131,989.3,0,6,7.64,0.0769,3,2,41.8,38,48.38,4.3065,0.0263
1003700,MN,40.7263009,-74.0062355,Mixed-Use,224,62,25,8,5,2,5,10,3,4,0.4032,0.129,0.0806,0.0323,0.0806,0.1613,0.0484,0.0645,78.94,7.0,1906,15070.0,16405835.0,220,2.5867,0.209,497.2,527.3,77,1401.8,5,15,19.1,0.2419,3,2,47.5,14,17.83,3.4677,0.1429
1003800,MN,40.7273414,-73.9882199,Mixed-Use,452,247,147,43,35,0,1,15,3,3,0.5951,0.1741,0.1417,0.0,0.004,0.0607,0.0121,0.0121,314.49,5.1,1897,3114.0,5447507.0,485,2.2023,0.2974,606.5,531.9,138,863.3,1,5,6.37,0.0202,3,1,44.8,92,117.14,4.6738,0.0217
1003900,MN,40.7204835,-74.0098837,Mixed-Use,226,60,33,12,8,0,0,2,1,4,0.55,0.2,0.1333,0.0,0.0,0.0333,0.0167,0.0667,76.39,6.4,1905,8670.0,11000832.0,245,2.2988,0.2437,566.4,598.3,97,2535.0,0,8,10.19,0.1333,3,2,25.5,23,29.28,3.3275,0.0
1004001,MN,40.7300311,-73.9849228,Mixed-Use,156,189,97,46,28,1,1,4,1,11,0.5132,0.2434,0.1481,0.0053,0.0053,0.0212,0.0053,0.0582,240.64,5.2,1910,4159.0,2214744.0,173,2.419,0.2235,538.1,515.2,124,723.2,1,4,5.09,0.0212,2,1,56.0,94,119.68,4.5393,0.0638
1004002,MN,40.73114,-73.9872482,Mixed-Use,145,87,62,8,12,0,1,1,1,2,0.7126,0.092,0.1379,0.0,0.0115,0.0115,0.0115,0.023,110.77,5.3,1903,4021.0,2513865.0,160,2.1062,0.2725,451.5,499.9,125,811.1,1,3,3.82,0.0345,3,1,32.0,29,36.92,3.9783,0.0345
1004100,MN,40.7191565,-73.9966983,Mixed-Use,363,267,131,52,45,2,6,6,2,23,0.4906,0.1948,0.1685,0.0075,0.0225,0.0225,0.0075,0.0861,339.95,5.2,1914,3561.0,5491103.0,388,1.7822,0.4194,551.2,598.7,150,1594.1,6,11,14.01,0.0412,2,2,86.4,170,216.45,5.11,0.0235
1004200,MN,40.7319748,-73.9891366,Mixed-Use,77,103,52,21,12,2,2,7,3,4,0.5049,0.2039,0.1165,0.0194,0.0194,0.068,0.0291,0.0388,131.14,7.3,1928,6972.0,3830205.0,73,2.3678,0.2139,411.5,479.4,119,953.7,2,3,3.82,0.0291,2,1,60.0,29,36.92,4.0178,0.069
1004300,MN,40.7230514,-73.9951346,Mixed-Use,236,231,76,110,18,4,2,11,1,9,0.329,0.4762,0.0779,0.0173,0.0087,0.0476,0.0043,0.039,294.12,5.4,1913,4372.0,5259792.0,254,1.9219,0.3617,496.4,543.8,128,968.9,2,7,8.91,0.0303,2,1,95.0,160,203.72,3.9329,0.1375
1004400,MN,40.7303069,-73.973764,Mixed-Use,7,2,0,1,0,0,0,1,0,0,0.0,0.5,0.0,0.0,0.0,0.5,0.0,0.0,2.55,7.0,1932,529102.0,8942926.0,55,0.9449,0.5911,644.0,565.2,45,566.6,0,1,1.27,0.5,3,2,63.3,1,1.27,-0.0,0.0
1004500,MN,40.7206468,-73.9993936,Commercial,140,164,45,73,31,0,4,8,1,2,0.2744,0.4451,0.189,0.0,0.0244,0.0488,0.0061,0.0122,208.81,5.9,1891,4832.0,3733405.0,139,1.8474,0.3608,485.6,587.5,135,1058.1,4,13,16.55,0.0793,2,1,100.0,117,148.97,4.1855,0.1111
1004700,MN,40.7225208,-74.002872,Mixed-Use,271,137,40,59,6,2,5,19,0,6,0.292,0.4307,0.0438,0.0146,0.0365,0.1387,0.0,0.0438,174.43,5.2,1895,4132.0,5347181.0,300,1.947,0.3274,498.7,536.5,119,1819.5,5,19,24.19,0.1387,2,1,67.1,86,109.5,3.8262,0.1279
1004800,MN,40.7340557,-73.9834929,Mixed-Use,239,66,26,9,18,1,1,0,4,7,0.3939,0.1364,0.2727,0.0152,0.0152,0.0,0.0606,0.1061,84.03,5.4,1910,5067.0,5469388.0,254,2.609,0.1785,547.8,558.2,129,816.1,1,2,2.55,0.0303,3,1,19.0,34,43.29,3.8337,0.0882
1004900,MN,40.7251279,-74.0007095,Mixed-Use,349,181,55,97,5,1,1,16,0,6,0.3039,0.5359,0.0276,0.0055,0.0055,0.0884,0.0,0.0331,230.46,5.3,1892,4297.0,7649656.0,368,2.1736,0.2642,546.0,524.3,125,886.2,1,16,20.37,0.0884,2,1,65.8,122,155.34,3.3451,0.418
1005000,MN,40.7364123,-73.9868022,Mixed-Use,188,93,54,10,11,4,2,6,2,4,0.5806,0.1075,0.1183,0.043,0.0215,0.0645,0.0215,0.043,118.41,6.5,1899,5925.0,7233052.0,191,2.8997,0.1542,503.9,539.1,140,989.3,2,2,2.55,0.0215,3,1,15.6,30,38.2,3.9899,0.1667
1005200,MN,40.7379888,-73.9902792,Commercial,156,133,61,48,7,8,0,3,4,2,0.4586,0.3609,0.0526,0.0602,0.0,0.0226,0.0301,0.015,169.34,8.0,1893,6640.0,8011683.0,166,2.1706,0.2761,515.7,549.7,160,1096.3,0,3,3.82,0.0226,2,1,95.2,63,80.21,3.6154,0.5873
1005400,MN,40.7389517,-73.993595,Commercial,185,116,48,29,12,5,1,5,6,10,0.4138,0.25,0.1034,0.0431,0.0086,0.0431,0.0517,0.0862,147.7,8.5,1908,6636.0,10066462.0,199,1.9709,0.3293,520.9,581.0,169,790.7,1,3,3.82,0.0259,2,1,75.0,59,75.12,4.6277,0.4407
1005501,MN,40.7274543,-73.9966103,Institutional,26,53,19,19,3,1,0,3,6,2,0.3585,0.3585,0.0566,0.0189,0.0,0.0566,0.1132,0.0377,67.48,10.5,1930,35576.0,5440839.0,37,1.5798,0.4712,512.6,539.9,128,986.8,0,2,2.55,0.0377,2,1,54.8,25,31.83,3.6676,0.4
1005502,MN,40.7262146,-73.9935345,Mixed-Use,164,104,52,24,9,2,2,13,0,2,0.5,0.2308,0.0865,0.0192,0.0192,0.125,0.0,0.0192,132.42,5.9,1897,4323.0,4073191.0,166,2.0876,0.2728,380.0,521.5,114,1055.5,2,8,10.19,0.0769,2,2,76.5,46,58.57,3.9232,0.0217
1005600,MN,40.7411869,-73.9876587,Commercial,90,89,37,20,14,1,1,2,1,13,0.4157,0.2247,0.1573,0.0112,0.0112,0.0225,0.0112,0.1461,113.32,13.0,1917,13417.0,11833797.0,93,1.9466,0.3131,500.3,503.7,161,1054.2,1,30,38.2,0.3371,2,1,68.6,36,45.84,4.2919,0.3889
1005700,MN,40.7289167,-73.9926597,Commercial,55,66,23,17,5,2,1,10,5,3,0.3485,0.2576,0.0758,0.0303,0.0152,0.1515,0.0758,0.0455,84.03,9.0,1904,12770.0,6166738.0,68,2.1392,0.2726,542.5,519.5,142,1143.4,1,6,7.64,0.0909,2,1,54.4,27,34.38,3.9121,0.3333
1005800,MN,40.7432605,-73.9903977,Commercial,187,177,86,32,14,13,7,11,4,10,0.4859,0.1808,0.0791,0.0734,0.0395,0.0621,0.0226,0.0565,225.36,8.7,1904,6449.0,11234646.0,196,1.6673,0.4203,531.4,544.1,183,906.5,7,12,15.28,0.0678,1,1,91.9,60,76.39,5.0106,0.3667
1005900,MN,40.731498,-73.9948493,Mixed-Use,87,38,22,7,2,0,0,4,1,2,0.5789,0.1842,0.0526,0.0,0.0,0.1053,0.0263,0.0526,48.38,7.5,1896,9313.0,5206813.0,117,2.0757,0.2682,570.1,543.4,159,1049.1,0,5,6.37,0.1316,3,1,51.4,16,20.37,3.625,0.0625
1006000,MN,40.7341711,-73.9740798,Mixed-Use,4,5,1,0,0,0,0,3,1,0,0.2,0.0,0.0,0.0,0.0,0.6,0.2,0.0,6.37,9.0,1960,387062.0,3297165.0,24,0.9964,0.5025,719.2,612.1,44,781.8,0,1,1.27,0.2,3,2,27.5,0,0.0,0.0,0.0
1006100,MN,40.7336651,-73.9926858,Mixed-Use,159,145,62,34,19,4,0,8,8,10,0.4276,0.2345,0.131,0.0276,0.0,0.0552,0.0552,0.069,184.62,7.4,1914,6046.0,6672838.0,173,2.3305,0.2242,478.7,489.4,133,952.4,0,7,8.91,0.0483,2,1,71.1,63,80.21,4.7285,0.3175
1006200,MN,40.7395014,-73.9740003,Institutional,19,6,1,2,0,0,0,0,1,2,0.1667,0.3333,0.0,0.0,0.0,0.0,0.1667,0.3333,7.64,15.1,1953,122588.0,10239448.0,42,1.4053,0.5569,,548.0,39,786.9,0,1,1.27,0.1667,3,3,0.0,2,2.55,1.0,0.0
1006300,MN,40.73423,-73.9971521,Residential,315,86,37,17,11,0,2,7,6,6,0.4302,0.1977,0.1279,0.0,0.0233,0.0814,0.0698,0.0698,109.5,5.2,1876,4140.0,7029244.0,349,2.5736,0.1881,528.1,531.6,153,1019.9,2,5,6.37,0.0581,3,2,52.0,40,50.93,4.2726,0.175
1006400,MN,40.7367664,-73.9814693,Mixed-Use,156,112,37,23,24,0,0,3,8,17,0.3304,0.2054,0.2143,0.0,0.0,0.0268,0.0714,0.1518,142.6,7.0,1935,7804.0,7302631.0,180,2.2612,0.2457,673.9,519.6,125,828.9,0,1,1.27,0.0089,3,2,41.7,59,75.12,4.2837,0.0508
1006500,MN,40.7295595,-74.0002777,Mixed-Use,282,182,146,8,12,0,0,11,5,0,0.8022,0.044,0.0659,0.0,0.0,0.0604,0.0275,0.0,231.73,5.0,1887,5423.0,4865775.0,321,2.4218,0.2271,551.6,560.2,129,1019.9,0,3,3.82,0.0165,3,2,49.5,36,45.84,4.4058,0.0278
1006600,MN,40.7403384,-73.9801306,Residential,155,98,39,20,34,1,0,1,2,1,0.398,0.2041,0.3469,0.0102,0.0,0.0102,0.0204,0.0102,124.78,7.2,1931,7968.0,7102530.0,182,2.1167,0.2767,591.4,499.7,112,846.7,0,7,8.91,0.0714,3,2,15.2,66,84.03,4.0515,0.0909
1006700,MN,40.7307193,-74.0038953,Residential,383,122,92,10,6,0,0,8,4,2,0.7541,0.082,0.0492,0.0,0.0,0.0656,0.0328,0.0164,155.34,4.1,1877,2998.0,3758766.0,420,2.704,0.1884,394.8,506.5,87,925.6,0,2,2.55,0.0164,3,2,5.9,32,40.74,4.1167,0.0625
1006800,MN,40.7407097,-73.9836895,Mixed-Use,193,128,71,13,16,10,7,6,2,3,0.5547,0.1016,0.125,0.0781,0.0547,0.0469,0.0156,0.0234,162.97,8.0,1929,6106.0,9581928.0,199,2.2617,0.2291,467.3,496.2,135,1030.1,7,16,20.37,0.125,3,2,37.5,34,43.29,3.9957,0.0294
1006900,MN,40.7310863,-74.0082028,Mixed-Use,69,14,9,4,0,0,0,1,0,0,0.6429,0.2857,0.0,0.0,0.0,0.0714,0.0,0.0,17.83,6.1,1919,38931.0,5352447.0,93,1.6801,0.5131,524.9,503.7,67,1170.1,0,8,10.19,0.5714,3,2,7.0,5,6.37,1.9219,0.0
1007001,MN,40.7426992,-73.9758748,Mixed-Use,55,33,15,3,6,0,0,1,2,6,0.4545,0.0909,0.1818,0.0,0.0,0.0303,0.0606,0.1818,42.02,6.7,1933,12144.0,2780842.0,55,1.494,0.532,670.8,537.7,77,1028.8,0,2,2.55,0.0606,3,3,0.0,13,16.55,3.0851,0.0769
1007002,MN,40.7435664,-73.9781317,Residential,174,81,39,13,15,1,0,1,1,11,0.4815,0.1605,0.1852,0.0123,0.0,0.0123,0.0123,0.1358,103.13,5.2,1916,3532.0,3287086.0,189,2.4321,0.2216,555.5,553.3,105,1047.9,0,2,2.55,0.0247,3,2,25.0,36,45.84,3.6513,0.1944
1007100,MN,40.735143,-74.0000725,Residential,321,85,46,16,10,0,0,4,4,5,0.5412,0.1882,0.1176,0.0,0.0,0.0471,0.0471,0.0588,108.23,4.4,1871,3475.0,4855894.0,360,2.5587,0.2074,480.9,482.5,134,1073.3,0,2,2.55,0.0235,3,2,32.7,29,36.92,4.0994,0.1034
1007200,MN,40.7444833,-73.9810919,Mixed-Use,242,126,53,19,26,5,4,5,3,11,0.4206,0.1508,0.2063,0.0397,0.0317,0.0397,0.0238,0.0873,160.43,7.7,1925,4788.0,9998393.0,245,2.5205,0.2155,534.9,549.6,142,1027.5,4,8,10.19,0.0635,3,2,18.2,53,67.48,4.2113,0.0377
1007300,MN,40.734206,-74.0041342,Residential,440,90,62,18,4,0,0,2,1,3,0.6889,0.2,0.0444,0.0,0.0,0.0222,0.0111,0.0333,114.59,4.0,1874,2598.0,3916429.0,502,2.3276,0.2336,552.9,468.5,119,1252.9,0,3,3.82,0.0333,3,2,19.7,32,40.74,3.6258,0.1562
1007400,MN,40.7460221,-73.9841557,Commercial,164,159,73,29,18,10,11,7,5,6,0.4591,0.1824,0.1132,0.0629,0.0692,0.044,0.0314,0.0377,202.45,13.5,1931,7094.0,14431232.0,170,1.5768,0.4416,545.5,529.5,174,1022.4,11,19,24.19,0.1195,2,1,92.3,54,68.75,4.1178,0.1481
1007500,MN,40.7345815,-74.0078343,Mixed-Use,209,43,33,3,3,1,0,2,1,0,0.7674,0.0698,0.0698,0.0233,0.0,0.0465,0.0233,0.0,54.75,4.5,1902,8982.0,3610839.0,263,2.5205,0.2252,646.9,500.2,84,1240.1,0,1,1.27,0.0233,3,2,10.0,8,10.19,3.0,0.0
1007600,MN,40.7471819,-73.9876496,Commercial,177,210,99,62,17,10,13,4,0,5,0.4714,0.2952,0.081,0.0476,0.0619,0.019,0.0,0.0238,267.38,10.7,1923,6755.0,13531294.0,182,1.4754,0.5353,547.3,511.7,199,1032.6,13,26,33.1,0.1238,1,1,100.0,97,123.5,4.9146,0.0928
1007700,MN,40.7377951,-74.0032839,Residential,361,53,34,9,3,0,0,4,0,3,0.6415,0.1698,0.0566,0.0,0.0,0.0755,0.0,0.0566,67.48,4.4,1876,3160.0,4498360.0,396,2.6368,0.1893,479.2,476.0,120,1215.9,0,4,5.09,0.0755,3,1,9.4,19,24.19,3.5111,0.0526
1007800,MN,40.7464719,-73.9754386,Mixed-Use,157,80,30,17,22,0,0,1,3,7,0.375,0.2125,0.275,0.0,0.0,0.0125,0.0375,0.0875,101.86,8.7,1932,7971.0,7223552.0,149,2.7044,0.1864,623.5,510.0,101,1311.4,0,0,0.0,0.0,3,2,11.8,44,56.02,3.5704,0.0909
1007900,MN,40.7384809,-74.0072621,Mixed-Use,248,51,27,16,1,1,2,3,0,1,0.5294,0.3137,0.0196,0.0196,0.0392,0.0588,0.0,0.0196,64.94,4.4,1892,12094.0,6265450.0,276,2.8522,0.1634,564.4,516.0,74,1386.6,2,15,19.1,0.2941,3,1,24.1,23,29.28,3.969,0.5217
1008000,MN,40.7485897,-73.9780975,Commercial,260,114,51,11,27,7,5,3,2,8,0.4474,0.0965,0.2368,0.0614,0.0439,0.0263,0.0175,0.0702,145.15,7.8,1905,4482.0,12501640.0,266,2.2617,0.2519,540.0,528.3,145,1498.6,5,16,20.37,0.1404,3,2,22.9,39,49.66,3.4583,0.1026
1008100,MN,40.7398025,-73.9989138,Mixed-Use,261,51,28,10,4,0,0,5,2,2,0.549,0.1961,0.0784,0.0,0.0,0.098,0.0392,0.0392,64.94,5.8,1919,4813.0,6979217.0,299,2.0781,0.3015,462.4,563.2,148,735.9,0,3,3.82,0.0588,2,1,100.0,15,19.1,3.5899,0.2
1008200,MN,40.7504896,-73.9810622,Commercial,139,127,52,25,12,13,10,4,3,8,0.4094,0.1969,0.0945,0.1024,0.0787,0.0315,0.0236,0.063,161.7,13.6,1932,8435.0,15657447.0,142,1.6429,0.4471,553.5,520.0,196,2542.7,10,18,22.92,0.1417,2,1,75.0,35,44.56,4.5007,0.2286
1008300,MN,40.7418729,-74.0037554,Commercial,122,129,66,22,14,3,6,8,6,4,0.5116,0.1705,0.1085,0.0233,0.0465,0.062,0.0465,0.031,164.25,5.3,1917,10240.0,7256061.0,134,2.254,0.2919,553.6,501.6,103,1300.0,6,15,19.1,0.1163,2,1,95.5,31,39.47,3.8331,0.4516
1008400,MN,40.7513443,-73.9847557,Commercial,161,157,82,27,13,2,22,4,3,4,0.5223,0.172,0.0828,0.0127,0.1401,0.0255,0.0191,0.0255,199.9,11.9,1935,8313.0,11103413.0,171,1.9392,0.3469,557.9,533.4,230,2442.1,22,31,39.47,0.1975,1,1,100.0,52,66.21,4.2287,0.4038
1008601,MN,40.7457568,-73.970481,Mixed-Use,21,9,2,4,0,0,0,0,1,2,0.2222,0.4444,0.0,0.0,0.0,0.0,0.1111,0.2222,11.46,16.2,1967,38233.0,3077755.0,20,2.4704,0.2235,749.7,552.9,45,1008.4,0,1,1.27,0.1111,3,2,6.2,5,6.37,1.371,0.0
1008602,MN,40.7500696,-73.966839,Institutional,2,9,3,2,2,0,1,0,1,0,0.3333,0.2222,0.2222,0.0,0.1111,0.0,0.1111,0.0,11.46,39.0,1952,399888.0,2400000.0,8,0.6702,0.7105,770.1,586.3,46,1004.6,1,29,36.92,3.2222,2,2,93.8,2,2.55,1.0,0.0
1008603,MN,40.753992,-73.9646395,Residential,91,13,7,1,4,0,1,0,0,0,0.5385,0.0769,0.3077,0.0,0.0769,0.0,0.0,0.0,16.55,9.5,1927,8656.0,5324570.0,89,2.4838,0.2536,668.9,593.8,66,746.1,1,5,6.37,0.3846,3,2,35.7,5,6.37,2.3219,0.0
1008700,MN,40.742625,-73.9976704,Mixed-Use,256,80,44,14,11,0,1,6,0,4,0.55,0.175,0.1375,0.0,0.0125,0.075,0.0,0.05,101.86,5.9,1921,4699.0,6468466.0,287,2.4898,0.2132,476.3,574.7,144,417.6,1,6,7.64,0.075,3,2,36.7,37,47.11,4.1753,0.1351
1008800,MN,40.7495761,-73.9721118,Mixed-Use,84,52,26,6,12,0,3,0,3,2,0.5,0.1154,0.2308,0.0,0.0577,0.0,0.0577,0.0385,66.21,16.6,1942,14598.0,14616919.0,83,2.3014,0.2472,558.9,522.9,101,1505.0,3,7,8.91,0.1346,2,1,64.4,13,16.55,3.3927,0.2308
1008900,MN,40.7446339,-74.0023638,Residential,319,41,20,6,2,0,2,3,6,2,0.4878,0.1463,0.0488,0.0,0.0488,0.0732,0.1463,0.0488,52.2,4.4,1887,3763.0,4153219.0,349,2.5515,0.1914,542.0,518.0,93,674.8,2,3,3.82,0.0732,2,2,51.4,13,16.55,3.3347,0.0
1009000,MN,40.7529759,-73.9701892,Mixed-Use,164,53,31,8,6,1,2,1,1,3,0.5849,0.1509,0.1132,0.0189,0.0377,0.0189,0.0189,0.0566,67.48,12.1,1934,7541.0,14151087.0,171,2.3463,0.2458,567.6,513.6,119,1345.8,2,4,5.09,0.0755,2,1,82.6,17,21.65,3.2928,0.1765
1009100,MN,40.7446796,-73.995374,Mixed-Use,215,99,41,16,16,4,9,8,2,3,0.4141,0.1616,0.1616,0.0404,0.0909,0.0808,0.0202,0.0303,126.05,7.9,1925,5923.0,9765969.0,226,2.1931,0.2539,520.3,571.7,152,445.6,9,11,14.01,0.1111,2,1,89.5,44,56.02,4.5077,0.1818
1009200,MN,40.7534312,-73.9739689,Commercial,77,162,95,20,16,14,12,1,0,4,0.5864,0.1235,0.0988,0.0864,0.0741,0.0062,0.0,0.0247,206.26,16.6,1942,20993.0,18274971.0,78,1.3522,0.4995,431.3,490.9,149,1485.9,12,19,24.19,0.1173,2,1,81.8,37,47.11,3.8482,0.3243
1009300,MN,40.7469351,-74.0018847,Residential,176,30,18,5,2,0,1,2,0,2,0.6,0.1667,0.0667,0.0,0.0333,0.0667,0.0,0.0667,38.2,5.5,1890,7067.0,6232635.0,208,1.7609,0.4124,604.6,493.9,83,672.3,1,2,2.55,0.0667,2,2,60.7,12,15.28,3.585,0.0
1009400,MN,40.7556338,-73.9779282,Commercial,92,141,58,47,20,8,1,0,0,7,0.4113,0.3333,0.1418,0.0567,0.0071,0.0,0.0,0.0496,179.53,16.6,1940,11105.0,17641535.0,87,0.7296,0.791,537.1,491.1,214,1856.4,1,3,3.82,0.0213,2,1,97.1,61,77.67,3.2736,0.6393
1009500,MN,40.7471591,-73.9930536,Commercial,205,100,42,24,10,5,9,5,2,3,0.42,0.24,0.1,0.05,0.09,0.05,0.02,0.03,127.32,9.7,1930,6164.0,11880103.0,219,2.0129,0.3093,487.7,552.7,173,1031.3,9,11,14.01,0.11,2,1,92.6,48,61.12,4.2764,0.0417
1009600,MN,40.7565918,-73.9806039,Commercial,156,203,82,65,23,11,10,3,1,8,0.4039,0.3202,0.1133,0.0542,0.0493,0.0148,0.0049,0.0394,258.47,12.9,1932,8307.0,17422227.0,143,0.8977,0.7082,548.0,521.2,231,2438.3,10,25,31.83,0.1232,1,1,100.0,78,99.31,3.9857,0.2436
1009700,MN,40.7498565,-73.9976084,Residential,62,34,18,9,2,1,1,1,1,1,0.5294,0.2647,0.0588,0.0294,0.0294,0.0294,0.0294,0.0294,43.29,6.0,1910,21457.0,5632419.0,73,1.9378,0.312,540.4,556.5,120,1306.3,1,11,14.01,0.3235,2,1,54.2,14,17.83,2.9502,0.1429
1009800,MN,40.7556701,-73.9676874,Mixed-Use,306,55,37,5,5,1,2,0,1,4,0.6727,0.0909,0.0909,0.0182,0.0364,0.0,0.0182,0.0727,70.03,6.8,1922,4138.0,9196873.0,324,2.2731,0.2554,564.1,557.1,119,918.0,2,2,2.55,0.0364,2,1,52.6,14,17.83,2.9852,0.1429
1009901,MN,40.7480345,-74.0057753,Mixed-Use,145,97,12,2,3,0,2,76,1,1,0.1237,0.0206,0.0309,0.0,0.0206,0.7835,0.0103,0.0103,123.5,6.5,1952,33864.0,10840412.0,141,2.0676,0.3581,700.0,429.9,39,1123.0,2,80,101.86,0.8247,3,2,35.5,4,5.09,1.5,0.25
1009902,MN,40.7514862,-74.0036568,Mixed-Use,70,96,20,17,1,3,1,53,1,0,0.2083,0.1771,0.0104,0.0312,0.0104,0.5521,0.0104,0.0,122.23,9.8,1954,25683.0,8209488.0,73,2.6135,0.1789,697.0,539.8,53,1643.8,1,52,66.21,0.5417,3,2,15.9,22,28.01,3.4753,0.4545
1009903,MN,40.7564402,-74.0009113,Mixed-Use,60,29,12,4,2,3,3,4,0,1,0.4138,0.1379,0.069,0.1034,0.1034,0.1379,0.0,0.0345,36.92,21.9,1970,73682.0,21010172.0,55,2.5234,0.2051,600.5,505.7,48,2475.2,3,12,15.28,0.4138,3,2,46.5,8,10.19,2.75,0.25
1010000,MN,40.7585779,-73.970487,Commercial,88,70,42,3,3,3,9,1,3,6,0.6,0.0429,0.0429,0.0429,0.1286,0.0143,0.0429,0.0857,89.13,17.3,1945,13129.0,17249657.0,84,1.354,0.516,454.6,485.9,150,806.0,9,12,15.28,0.1714,2,1,51.6,10,12.73,3.1219,0.2
1010100,MN,40.7494818,-73.9914794,Commercial,86,118,57,39,10,5,3,1,2,1,0.4831,0.3305,0.0847,0.0424,0.0254,0.0085,0.0169,0.0085,150.24,10.1,1935,18049.0,12172176.0,89,2.0448,0.2961,478.5,528.6,180,1154.8,3,10,12.73,0.0847,2,1,100.0,51,64.94,3.9641,0.5686
1010200,MN,40.7597953,-73.9743752,Commercial,101,94,32,40,6,7,4,4,1,0,0.3404,0.4255,0.0638,0.0745,0.0426,0.0426,0.0106,0.0,119.68,16.7,1941,11496.0,17648277.0,103,0.93,0.6905,552.8,521.6,197,844.2,4,10,12.73,0.1064,2,1,84.7,51,64.94,4.0991,0.6078
1010300,MN,40.7516543,-73.9970597,Commercial,71,73,45,9,3,6,2,3,1,4,0.6164,0.1233,0.0411,0.0822,0.0274,0.0411,0.0137,0.0548,92.95,11.4,1939,24178.0,13342774.0,65,2.1984,0.3048,548.6,554.3,120,1600.5,2,6,7.64,0.0822,3,1,62.8,13,16.55,3.3927,0.1538
1010400,MN,40.7618233,-73.9769692,Commercial,99,77,36,16,8,3,7,4,1,2,0.4675,0.2078,0.1039,0.039,0.0909,0.0519,0.013,0.026,98.04,13.8,1937,13085.0,17852582.0,110,1.3989,0.5191,552.9,522.3,196,873.4,7,16,20.37,0.2078,2,1,100.0,21,26.74,3.1776,0.381
1010601,MN,40.7577645,-73.9609689,Residential,106,3,1,1,0,0,0,1,0,0,0.3333,0.3333,0.0,0.0,0.0,0.3333,0.0,0.0,3.82,11.8,1929,7897.0,8752181.0,96,1.7588,0.4649,718.8,564.1,75,723.2,0,2,2.55,0.6667,3,2,10.0,1,1.27,-0.0,1.0
1010602,MN,40.7610942,-73.9595586,Mixed-Use,55,43,23,7,7,0,0,2,0,4,0.5349,0.1628,0.1628,0.0,0.0,0.0465,0.0,0.093,54.75,9.5,1935,13897.0,4479564.0,65,2.4445,0.2157,651.2,563.8,94,730.8,0,1,1.27,0.0233,3,2,35.7,23,29.28,3.7081,0.1304
1010801,MN,40.7576184,-73.9657218,Mixed-Use,60,38,19,4,6,0,1,5,1,2,0.5,0.1053,0.1579,0.0,0.0263,0.1316,0.0263,0.0526,48.38,9.2,1932,8442.0,5465057.0,70,2.3624,0.2265,550.2,496.2,108,812.3,1,2,2.55,0.0526,3,2,40.0,18,22.92,3.6835,0.1667
1010802,MN,40.7592309,-73.9636534,Residential,77,47,22,13,9,0,0,0,0,3,0.4681,0.2766,0.1915,0.0,0.0,0.0,0.0,0.0638,59.84,8.1,1919,5082.0,3139699.0,77,1.9799,0.3232,587.9,524.2,110,844.2,0,0,0.0,0.0,2,2,89.5,24,30.56,4.0016,0.1667
1010803,MN,40.7602094,-73.9658576,Mixed-Use,58,42,15,12,9,0,0,3,2,1,0.3571,0.2857,0.2143,0.0,0.0,0.0714,0.0476,0.0238,53.48,9.6,1931,6372.0,3783121.0,61,1.89,0.3348,487.6,491.0,127,812.3,0,1,1.27,0.0238,2,1,77.8,30,38.2,4.1647,0.1667
1010900,MN,40.7524431,-73.9900212,Commercial,128,143,66,56,8,7,3,2,0,1,0.4615,0.3916,0.0559,0.049,0.021,0.014,0.0,0.007,182.07,13.7,1927,9566.0,18534742.0,124,0.9212,0.7454,423.2,536.7,185,1297.4,3,7,8.91,0.049,1,1,100.0,74,94.22,4.2366,0.2162
1011000,MN,40.7621314,-73.9635182,Mixed-Use,255,47,16,11,5,1,2,5,0,7,0.3404,0.234,0.1064,0.0213,0.0426,0.1064,0.0,0.1489,59.84,6.5,1913,4905.0,6817484.0,265,2.5979,0.2038,488.5,514.3,117,836.5,2,3,3.82,0.0638,2,2,65.2,21,26.74,4.2971,0.1429
1011100,MN,40.7547956,-73.9953654,Mixed-Use,155,80,37,16,5,0,12,8,0,2,0.4625,0.2,0.0625,0.0,0.15,0.1,0.0,0.025,101.86,10.3,1938,8192.0,10428090.0,159,2.714,0.1804,549.9,518.7,123,1801.6,12,14,17.83,0.175,3,2,57.4,26,33.1,3.3927,0.0385
1011201,MN,40.7638203,-73.9756509,Commercial,55,74,32,16,11,1,7,2,0,5,0.4324,0.2162,0.1486,0.0135,0.0946,0.027,0.0,0.0676,94.22,16.1,1938,9992.0,6649504.0,44,1.5309,0.3381,574.3,534.9,182,849.3,7,13,16.55,0.1757,2,1,84.2,25,31.83,3.7835,0.16
1011202,MN,40.7625281,-73.9722784,Commercial,39,54,15,23,5,4,2,2,0,3,0.2778,0.4259,0.0926,0.0741,0.037,0.037,0.0,0.0556,68.75,20.3,1954,12792.0,8274566.0,42,1.3915,0.4889,539.5,523.1,175,898.9,2,9,11.46,0.1667,2,1,100.0,26,33.1,2.5843,0.6154
1011203,MN,40.7610931,-73.9690299,Commercial,59,68,23,19,9,5,3,0,1,8,0.3382,0.2794,0.1324,0.0735,0.0441,0.0,0.0147,0.1176,86.58,13.2,1943,8419.0,6881843.0,58,1.7197,0.3576,478.3,474.8,151,897.6,3,5,6.37,0.0735,2,1,75.0,29,36.92,3.8799,0.3448
1011300,MN,40.7547335,-73.9883964,Commercial,103,185,100,47,11,5,10,8,1,3,0.5405,0.2541,0.0595,0.027,0.0541,0.0432,0.0054,0.0162,235.55,16.5,1937,11698.0,19728068.0,110,0.7263,0.7673,463.2,541.8,198,1729.1,10,21,26.74,0.1135,1,1,100.0,71,90.4,4.0817,0.1972
1011401,MN,40.7650927,-73.9702914,Commercial,98,38,14,13,2,0,5,1,2,1,0.3684,0.3421,0.0526,0.0,0.1316,0.0263,0.0526,0.0263,48.38,10.5,1914,6726.0,7106524.0,102,1.9432,0.3136,491.7,521.9,130,834.0,5,15,19.1,0.3947,2,2,76.7,15,19.1,2.8662,0.3333
1011402,MN,40.7637515,-73.9672092,Mixed-Use,165,72,28,22,9,2,0,2,0,9,0.3889,0.3056,0.125,0.0278,0.0,0.0278,0.0,0.125,91.67,6.8,1911,4036.0,5414515.0,167,2.4275,0.2164,423.4,493.7,130,891.3,0,1,1.27,0.0139,3,2,58.3,44,56.02,4.5443,0.2727
1011500,MN,40.7567846,-73.9933928,Mixed-Use,122,99,54,15,2,1,18,7,0,2,0.5455,0.1515,0.0202,0.0101,0.1818,0.0707,0.0,0.0202,126.05,12.3,1945,10612.0,8873133.0,123,1.9696,0.3273,577.4,511.6,136,1331.8,18,20,25.46,0.202,4,2,23.1,28,35.65,3.8927,0.0714
1011600,MN,40.7634647,-73.956758,Institutional,53,15,4,1,2,0,0,1,3,4,0.2667,0.0667,0.1333,0.0,0.0,0.0667,0.2,0.2667,19.1,9.0,1932,24974.0,7748788.0,88,1.2078,0.6085,664.5,542.7,84,623.9,0,0,0.0,0.0,3,2,5.0,2,2.55,1.0,0.0
1011700,MN,40.7594067,-73.9987192,Mixed-Use,39,15,6,5,1,0,1,1,0,1,0.4,0.3333,0.0667,0.0,0.0667,0.0667,0.0,0.0667,19.1,14.0,1974,47679.0,5471330.0,36,2.217,0.3347,674.0,567.4,60,1880.6,1,2,2.55,0.1333,3,2,12.1,7,8.91,2.1281,0.2857
1011800,MN,40.7652642,-73.9601198,Mixed-Use,142,59,26,8,14,0,0,0,6,5,0.4407,0.1356,0.2373,0.0,0.0,0.0,0.1017,0.0847,75.12,7.6,1922,8735.0,8739159.0,172,2.0823,0.3302,534.9,492.3,102,641.7,0,1,1.27,0.0169,3,2,28.1,28,35.65,3.8658,0.0714
1011900,MN,40.7575158,-73.9858426,Commercial,85,138,55,32,6,0,13,28,1,3,0.3986,0.2319,0.0435,0.0,0.0942,0.2029,0.0072,0.0217,175.71,14.6,1937,14360.0,19986712.0,89,0.6808,0.802,456.4,540.5,186,1510.1,13,20,25.46,0.1449,2,1,100.0,37,47.11,3.7496,0.5676
1012000,MN,40.7664862,-73.9649812,Residential,238,62,18,21,13,0,0,0,6,4,0.2903,0.3387,0.2097,0.0,0.0,0.0,0.0968,0.0645,78.94,6.2,1902,4816.0,7265567.0,248,2.2431,0.2356,424.2,518.4,113,704.1,0,3,3.82,0.0484,3,2,28.9,34,43.29,4.0533,0.2941
1012101,MN,40.7593778,-73.9903545,Mixed-Use,118,114,79,12,5,0,8,6,2,2,0.693,0.1053,0.0439,0.0,0.0702,0.0526,0.0175,0.0175,145.15,5.9,1931,5455.0,3677761.0,137,2.3861,0.2314,561.2,507.9,142,783.0,8,10,12.73,0.0877,2,1,77.8,27,34.38,3.8805,0.2222
1012102,MN,40.7605707,-73.9928428,Mixed-Use,150,71,48,6,8,0,1,5,1,2,0.6761,0.0845,0.1127,0.0,0.0141,0.0704,0.0141,0.0282,90.4,4.9,1914,4283.0,3688986.0,175,2.2267,0.2876,649.7,508.8,107,962.6,1,1,1.27,0.0141,3,2,13.6,17,21.65,3.7345,0.2353
1012200,MN,40.768156,-73.9679217,Open Space,295,34,6,21,0,0,1,1,3,2,0.1765,0.6176,0.0,0.0,0.0294,0.0294,0.0882,0.0588,43.29,6.5,1900,127971.0,8015630.0,366,0.2694,0.9396,545.0,530.1,96,590.8,1,25,31.83,0.7353,3,2,46.9,23,29.28,1.8582,0.3913
1012400,MN,40.7671011,-73.9538488,Mixed-Use,141,48,21,4,8,0,1,2,0,12,0.4375,0.0833,0.1667,0.0,0.0208,0.0417,0.0,0.25,61.12,9.2,1929,8198.0,10292977.0,134,2.407,0.2135,446.8,509.3,66,500.4,1,4,5.09,0.0833,3,2,9.5,17,21.65,3.6169,0.0
1012500,MN,40.7599859,-73.9848298,Commercial,103,122,61,26,1,0,21,12,0,1,0.5,0.2131,0.0082,0.0,0.1721,0.0984,0.0,0.0082,155.34,14.5,1944,11693.0,19247642.0,104,0.9921,0.6618,491.4,574.6,196,700.3,21,35,44.56,0.2869,2,1,96.7,36,45.84,3.4563,0.2778
1012601,MN,40.7680995,-73.9572461,Residential,107,70,27,8,25,1,0,0,0,9,0.3857,0.1143,0.3571,0.0143,0.0,0.0,0.0,0.1286,89.13,8.4,1929,6345.0,5143718.0,113,1.6736,0.3758,552.3,467.6,88,573.0,0,0,0.0,0.0,3,2,40.0,38,48.38,3.704,0.0526
1012602,MN,40.7691329,-73.9593836,Residential,120,53,23,12,9,1,0,0,2,6,0.434,0.2264,0.1698,0.0189,0.0,0.0,0.0377,0.1132,67.48,7.4,1927,5172.0,4765018.0,127,2.2132,0.2643,493.7,507.9,102,550.0,0,0,0.0,0.0,2,2,55.6,24,30.56,4.1368,0.3333
1012700,MN,40.7621682,-73.9902021,Mixed-Use,332,56,36,6,4,0,2,1,4,3,0.6429,0.1071,0.0714,0.0,0.0357,0.0179,0.0714,0.0536,71.3,5.2,1920,3884.0,6849786.0,399,2.3968,0.2303,580.4,537.4,114,449.5,2,3,3.82,0.0536,3,2,29.4,14,17.83,3.182,0.0714
1012800,MN,40.7709363,-73.9617484,Residential,261,54,20,14,14,1,0,1,0,4,0.3704,0.2593,0.2593,0.0185,0.0,0.0185,0.0,0.0741,68.75,6.9,1905,4502.0,8779011.0,276,2.1709,0.2656,473.4,509.5,90,504.2,0,1,1.27,0.0185,3,2,30.8,31,39.47,3.8213,0.129
1012901,MN,40.7620163,-73.9964942,Mixed-Use,80,18,8,1,0,1,0,5,2,1,0.4444,0.0556,0.0,0.0556,0.0,0.2778,0.1111,0.0556,22.92,9.3,1944,29853.0,7309765.0,100,2.0992,0.3398,754.3,478.2,50,1352.2,0,5,6.37,0.2778,3,3,0.0,4,5.09,2.0,0.5
1012902,MN,40.7641584,-73.9946641,Mixed-Use,124,30,15,4,5,1,4,1,0,0,0.5,0.1333,0.1667,0.0333,0.1333,0.0333,0.0,0.0,38.2,5.1,1937,17429.0,4302919.0,139,2.0464,0.384,745.5,489.0,55,665.9,4,4,5.09,0.1333,3,3,0.0,13,16.55,3.1808,0.2308
1013000,MN,40.7729449,-73.9646362,Residential,242,40,9,20,0,0,2,4,1,4,0.225,0.5,0.0,0.0,0.05,0.1,0.025,0.1,50.93,7.4,1904,4806.0,8724990.0,248,2.2523,0.2559,535.9,547.5,72,788.1,2,17,21.65,0.425,3,2,40.3,22,28.01,2.5479,0.1818
1013100,MN,40.7628441,-73.9832801,Commercial,56,133,74,15,17,3,9,12,1,2,0.5564,0.1128,0.1278,0.0226,0.0677,0.0902,0.0075,0.015,169.34,19.1,1944,21614.0,20150954.0,65,1.1079,0.6078,452.5,531.8,167,779.2,9,15,19.1,0.1128,2,1,97.7,26,33.1,4.1039,0.1538
1013201,MN,40.7690516,-73.9527803,Mixed-Use,80,43,21,7,8,0,0,1,2,4,0.4884,0.1628,0.186,0.0,0.0,0.0233,0.0465,0.093,54.75,6.9,1931,6853.0,2365010.0,84,2.3629,0.2199,681.8,531.7,73,471.1,0,0,0.0,0.0,3,2,12.5,20,25.46,3.3219,0.1
1013202,MN,40.77011,-73.9495212,Residential,22,8,2,1,0,0,0,3,0,2,0.25,0.125,0.0,0.0,0.0,0.375,0.0,0.25,10.19,8.2,1917,20967.0,2037652.0,28,2.0888,0.2717,750.8,553.2,52,446.9,0,0,0.0,0.0,4,3,0.0,2,2.55,1.0,0.0
1013203,MN,40.7708542,-73.9523229,Residential,98,48,25,12,6,0,0,0,2,3,0.5208,0.25,0.125,0.0,0.0,0.0,0.0417,0.0625,61.12,6.0,1928,3854.0,2165883.0,98,2.1197,0.2622,694.4,524.6,76,486.4,0,0,0.0,0.0,3,2,33.3,23,29.28,3.969,0.0
1013300,MN,40.7646103,-73.9883884,Mixed-Use,236,73,50,5,7,2,1,3,3,2,0.6849,0.0685,0.0959,0.0274,0.0137,0.0411,0.0411,0.0274,92.95,5.3,1924,5431.0,5587773.0,266,2.4287,0.2197,582.9,558.8,129,464.7,1,1,1.27,0.0137,3,2,17.4,13,16.55,2.8731,0.0769
1013400,MN,40.7718208,-73.9561137,Residential,276,97,45,19,22,1,0,4,2,4,0.4639,0.1959,0.2268,0.0103,0.0,0.0412,0.0206,0.0412,123.5,6.9,1922,4839.0,8914844.0,285,2.2187,0.2607,508.5,542.6,91,454.5,0,2,2.55,0.0206,3,2,44.0,50,63.66,4.6635,0.06
1013501,MN,40.7670142,-73.9942003,Mixed-Use,54,10,3,1,0,0,0,5,1,0,0.3,0.1,0.0,0.0,0.0,0.5,0.1,0.0,12.73,6.5,1950,38282.0,4386626.0,71,2.2977,0.2925,,519.2,39,733.4,0,5,6.37,0.5,3,3,0.0,5,6.37,1.371,0.6
1013502,MN,40.7695571,-73.991392,Mixed-Use,52,20,7,2,2,0,1,4,0,4,0.35,0.1,0.1,0.0,0.05,0.2,0.0,0.2,25.46,10.3,1953,39649.0,8318677.0,61,1.8294,0.326,770.8,532.9,53,813.6,1,4,5.09,0.2,3,2,21.8,13,16.55,2.9312,0.3077
1013601,MN,40.7725057,-73.9456842,Open Space,20,2,0,0,0,0,0,0,2,0,0.0,0.0,0.0,0.0,0.0,0.0,1.0,0.0,2.55,12.6,1930,41155.0,1906895.0,19,1.0581,0.6215,749.8,567.1,39,501.7,0,0,0.0,0.0,3,3,0.0,0,0.0,0.0,0.0
1013602,MN,40.7721525,-73.9483707,Residential,54,3,0,0,3,0,0,0,0,0,0.0,0.0,1.0,0.0,0.0,0.0,0.0,0.0,3.82,9.4,1936,7467.0,3152761.0,62,1.5555,0.3889,654.3,552.8,52,474.9,0,0,0.0,0.0,4,3,0.0,4,5.09,2.0,0.0
1013603,MN,40.7730106,-73.9507577,Residential,51,34,15,9,6,0,0,0,1,3,0.4412,0.2647,0.1765,0.0,0.0,0.0,0.0294,0.0882,43.29,7.7,1933,7362.0,2803444.0,56,1.97,0.2767,689.1,517.9,71,439.3,0,1,1.27,0.0294,4,3,0.0,18,22.92,3.5724,0.1667
1013604,MN,40.7740549,-73.9487003,Residential,148,9,5,1,3,0,0,0,0,0,0.5556,0.1111,0.3333,0.0,0.0,0.0,0.0,0.0,11.46,6.1,1919,3471.0,3040622.0,154,1.8372,0.3135,459.6,491.2,51,438.0,0,0,0.0,0.0,4,3,0.0,5,6.37,1.9219,0.0
1013700,MN,40.7651847,-73.9802733,Commercial,132,133,75,20,11,1,11,10,1,4,0.5639,0.1504,0.0827,0.0075,0.0827,0.0752,0.0075,0.0301,169.34,19.9,1938,11654.0,23374135.0,132,1.6454,0.3594,449.9,525.4,168,951.1,11,14,17.83,0.1053,1,1,100.0,37,47.11,4.4996,0.2703
1013800,MN,40.7752001,-73.9536929,Residential,302,67,33,10,18,0,0,2,3,1,0.4925,0.1493,0.2687,0.0,0.0,0.0299,0.0448,0.0149,85.31,6.3,1926,4261.0,8449811.0,319,2.1166,0.2708,491.2,485.4,80,516.9,0,0,0.0,0.0,3,2,33.3,30,38.2,4.0696,0.0667
1013900,MN,40.7672903,-73.986589,Residential,176,91,43,11,20,1,1,6,2,7,0.4725,0.1209,0.2198,0.011,0.011,0.0659,0.022,0.0769,115.86,7.2,1926,7326.0,9440207.0,212,2.3208,0.2377,551.6,523.2,127,1013.5,1,4,5.09,0.044,3,2,42.1,33,42.02,3.9085,0.1515
1014000,MN,40.7758359,-73.9581294,Residential,276,75,38,11,17,1,0,0,1,7,0.5067,0.1467,0.2267,0.0133,0.0,0.0,0.0133,0.0933,95.49,6.9,1919,4330.0,8236678.0,296,2.0776,0.3039,445.8,514.4,83,532.2,0,1,1.27,0.0133,3,2,36.1,33,42.02,4.1014,0.2424
1014200,MN,40.7771079,-73.9616269,Residential,276,30,15,7,2,0,2,0,4,0,0.5,0.2333,0.0667,0.0,0.0667,0.0,0.1333,0.0,38.2,7.3,1910,4257.0,8108371.0,277,2.2634,0.2524,507.6,505.8,65,723.2,2,9,11.46,0.3,3,2,33.3,10,12.73,1.761,0.3
1014401,MN,40.7752037,-73.9478917,Residential,108,10,3,3,2,0,0,1,0,1,0.3,0.3,0.2,0.0,0.0,0.1,0.0,0.1,12.73,6.7,1920,4767.0,3593219.0,117,1.9357,0.3217,580.6,471.8,52,474.9,0,0,0.0,0.0,3,3,0.0,5,6.37,2.3219,0.4
1014402,MN,40.7767854,-73.9462822,Residential,202,21,6,10,2,0,0,0,2,1,0.2857,0.4762,0.0952,0.0,0.0,0.0,0.0952,0.0476,26.74,5.5,1914,3780.0,4517185.0,209,2.1783,0.2458,533.5,480.5,46,482.6,0,0,0.0,0.0,3,3,0.0,16,20.37,3.4528,0.0625
1014500,MN,40.7701103,-73.9843455,Institutional,32,68,14,28,7,0,2,3,7,7,0.2059,0.4118,0.1029,0.0,0.0294,0.0441,0.1029,0.1029,86.58,24.9,1963,36530.0,11300099.0,36,1.7255,0.3478,443.6,484.6,112,1409.5,2,18,22.92,0.2647,2,1,50.8,42,53.48,4.1826,0.5238
1014601,MN,40.7770863,-73.9522389,Mixed-Use,118,97,46,9,27,3,0,3,0,9,0.4742,0.0928,0.2784,0.0309,0.0,0.0309,0.0,0.0928,123.5,6.3,1927,4363.0,2901890.0,130,2.2095,0.2926,491.2,491.5,82,508.0,0,0,0.0,0.0,3,2,30.8,46,58.57,4.3089,0.1087
1014602,MN,40.7789225,-73.950697,Residential,150,39,24,5,6,0,0,1,2,1,0.6154,0.1282,0.1538,0.0,0.0,0.0256,0.0513,0.0256,49.66,7.3,1929,5076.0,5517935.0,168,2.0134,0.2832,478.8,531.9,86,537.3,0,0,0.0,0.0,3,2,26.7,17,21.65,3.5725,0.1176
1014700,MN,40.7715928,-73.9888294,Institutional,15,34,12,2,1,2,0,6,8,3,0.3529,0.0588,0.0294,0.0588,0.0,0.1765,0.2353,0.0882,43.29,15.2,1981,30816.0,3308870.0,15,1.0413,0.5126,670.0,518.7,81,1007.1,0,1,1.27,0.0294,3,2,33.3,6,7.64,2.2516,0.3333
1014801,MN,40.7787657,-73.9562173,Mixed-Use,53,93,33,26,13,0,0,4,2,15,0.3548,0.2796,0.1398,0.0,0.0,0.043,0.0215,0.1613,118.41,8.7,1932,6358.0,2985807.0,53,1.9526,0.312,401.4,503.8,75,557.7,0,0,0.0,0.0,3,2,40.6,39,49.66,4.163,0.5641
1014802,MN,40.7812304,-73.9540577,Mixed-Use,157,70,35,12,18,0,1,1,0,3,0.5,0.1714,0.2571,0.0,0.0143,0.0143,0.0,0.0429,89.13,7.4,1924,5293.0,6275852.0,161,1.9378,0.3315,431.3,560.0,84,570.4,1,1,1.27,0.0143,3,2,36.0,42,53.48,4.1345,0.1905
1014900,MN,40.7722021,-73.9813532,Mixed-Use,52,44,17,0,2,6,2,12,4,1,0.3864,0.0,0.0455,0.1364,0.0455,0.2727,0.0909,0.0227,56.02,12.8,1941,24507.0,7357011.0,52,2.1986,0.2529,496.9,501.0,120,1413.3,2,16,20.37,0.3636,3,1,50.0,3,3.82,0.9183,0.0
1015001,MN,40.7802075,-73.9595492,Residential,37,28,5,11,1,0,0,5,4,2,0.1786,0.3929,0.0357,0.0,0.0,0.1786,0.1429,0.0714,35.65,11.1,1931,9054.0,2923648.0,37,1.6695,0.3672,580.0,543.4,70,588.2,0,6,7.64,0.2143,3,2,56.8,15,19.1,1.9899,0.2667
1015002,MN,40.7826333,-73.957492,Residential,91,14,6,3,0,0,0,2,1,2,0.4286,0.2143,0.0,0.0,0.0,0.1429,0.0714,0.1429,17.83,10.0,1924,9061.0,7057164.0,94,1.6387,0.4197,551.3,550.0,63,500.4,0,3,3.82,0.2143,3,2,29.4,4,5.09,2.0,0.5
1015101,MN,40.7740156,-73.9872964,Residential,16,24,1,3,0,1,0,8,10,1,0.0417,0.125,0.0,0.0417,0.0,0.3333,0.4167,0.0417,30.56,9.9,1934,53794.0,2839938.0,27,1.7624,0.39,619.6,527.2,85,1187.9,0,2,2.55,0.0833,3,2,23.6,5,6.37,1.9219,0.0
1015102,MN,40.7744238,-73.9904577,Mixed-Use,40,13,5,4,1,0,0,1,2,0,0.3846,0.3077,0.0769,0.0,0.0,0.0769,0.1538,0.0,16.55,29.2,2002,55032.0,7846602.0,21,2.3911,0.2199,699.5,602.8,53,760.1,0,1,1.27,0.0769,3,2,19.4,6,7.64,2.585,0.1667
1015200,MN,40.7794654,-73.9457438,Mixed-Use,64,24,12,6,1,0,1,2,0,2,0.5,0.25,0.0417,0.0,0.0417,0.0833,0.0,0.0833,30.56,8.9,1944,24784.0,4610942.0,73,2.5578,0.1987,523.7,504.8,55,620.1,1,1,1.27,0.0417,3,3,0.0,8,10.19,2.4056,0.0
1015301,MN,40.7746901,-73.9791472,Residential,138,26,10,8,0,1,0,1,3,3,0.3846,0.3077,0.0,0.0385,0.0,0.0385,0.1154,0.1154,33.1,6.2,1904,4552.0,4170521.0,148,2.3222,0.2281,475.1,487.9,92,1000.8,0,7,8.91,0.2692,2,2,64.0,11,14.01,2.5503,0.2727
1015302,MN,40.7756799,-73.9814781,Mixed-Use,68,49,18,15,4,0,1,7,1,3,0.3673,0.3061,0.0816,0.0,0.0204,0.1429,0.0204,0.0612,62.39,9.3,1912,7790.0,4933188.0,72,1.8676,0.3644,452.0,449.9,92,1016.0,1,3,3.82,0.0612,3,2,41.9,22,28.01,3.2656,0.5909
1015401,MN,40.7801571,-73.949514,Residential,113,39,17,9,11,1,0,1,0,0,0.4359,0.2308,0.2821,0.0256,0.0,0.0256,0.0,0.0,49.66,6.1,1924,5148.0,2536167.0,120,1.9829,0.2889,489.9,505.7,81,649.4,0,0,0.0,0.0,3,2,30.8,25,31.83,3.7337,0.08
1015402,MN,40.7815357,-73.9477155,Residential,100,22,8,5,5,0,0,0,3,1,0.3636,0.2273,0.2273,0.0,0.0,0.0,0.1364,0.0455,28.01,6.8,1931,3927.0,2555350.0,102,2.1399,0.2714,545.6,488.6,76,785.6,0,0,0.0,0.0,3,2,7.7,12,15.28,3.085,0.0833
1015403,MN,40.7826506,-73.9498269,Mixed-Use,9,32,15,8,1,1,0,4,1,2,0.4688,0.25,0.0312,0.0312,0.0,0.125,0.0312,0.0625,40.74,23.6,1985,40484.0,3736435.0,24,1.214,0.4608,472.4,524.3,87,724.5,0,0,0.0,0.0,3,2,28.6,15,19.1,3.2402,0.1333
1015501,MN,40.7766633,-73.9844224,Mixed-Use,16,36,11,9,10,0,0,0,1,5,0.3056,0.25,0.2778,0.0,0.0,0.0,0.0278,0.1389,45.84,21.8,1975,47511.0,4259819.0,16,0.6714,0.7306,443.9,473.4,80,870.9,0,0,0.0,0.0,3,2,20.6,21,26.74,3.4399,0.2381
1015502,MN,40.7783572,-73.9882971,Open Space,16,5,2,2,0,1,0,0,0,0,0.4,0.4,0.0,0.2,0.0,0.0,0.0,0.0,6.37,31.1,1980,124816.0,4197119.0,10,1.9175,0.3073,655.1,542.2,50,552.6,0,1,1.27,0.2,3,2,17.2,2,2.55,1.0,0.0
1015601,MN,40.7833859,-73.9475216,Mixed-Use,73,25,11,5,5,0,0,0,3,1,0.44,0.2,0.2,0.0,0.0,0.0,0.12,0.04,31.83,8.2,1935,6928.0,3507317.0,83,2.4826,0.2257,493.3,486.2,74,767.8,0,1,1.27,0.04,3,2,13.0,13,16.55,3.3927,0.0769
1015602,MN,40.7850102,-73.9472148,Residential,20,15,5,3,3,0,0,1,0,3,0.3333,0.2,0.2,0.0,0.0,0.0667,0.0,0.2,19.1,8.2,1943,61407.0,2787236.0,35,1.3706,0.4482,322.3,514.6,75,827.6,0,0,0.0,0.0,3,2,4.3,5,6.37,1.9219,0.2
1015700,MN,40.7774303,-73.9789089,Residential,323,112,56,25,19,0,1,4,2,5,0.5,0.2232,0.1696,0.0,0.0089,0.0357,0.0179,0.0446,142.6,5.9,1898,3981.0,8502136.0,345,2.1319,0.2666,505.6,519.5,99,728.3,1,5,6.37,0.0446,3,2,45.5,55,70.03,4.4575,0.2364
1015801,MN,40.784209,-73.9521872,Residential,221,40,11,11,10,1,0,2,3,2,0.275,0.275,0.25,0.025,0.0,0.05,0.075,0.05,50.93,4.9,1905,3766.0,4521003.0,222,2.2836,0.2333,522.0,516.5,85,629.0,0,0,0.0,0.0,3,2,14.3,24,30.56,3.8035,0.0
1015802,MN,40.7867295,-73.9506632,Mixed-Use,58,40,15,13,4,0,0,1,4,3,0.375,0.325,0.1,0.0,0.0,0.025,0.1,0.075,50.93,6.8,1929,5798.0,2334290.0,57,2.2891,0.2266,311.3,491.1,73,716.8,0,1,1.27,0.025,3,2,3.8,21,26.74,3.059,0.0476
1015900,MN,40.7793715,-73.9843442,Mixed-Use,222,46,11,9,17,0,0,0,3,6,0.2391,0.1957,0.3696,0.0,0.0,0.0,0.0652,0.1304,58.57,6.8,1905,109517.0,7892854.0,219,0.4365,0.8934,578.3,495.0,78,669.7,0,2,2.55,0.0435,3,2,36.2,31,39.47,4.2328,0.129
1016001,MN,40.7855046,-73.9556455,Residential,180,28,4,8,7,0,0,2,6,1,0.1429,0.2857,0.25,0.0,0.0,0.0714,0.2143,0.0357,35.65,6.1,1905,4596.0,4976768.0,196,2.1867,0.2537,605.6,536.0,67,518.2,0,2,2.55,0.0714,3,2,48.6,15,19.1,3.1396,0.0667
1016002,MN,40.7878793,-73.9535725,Residential,46,30,13,5,5,0,0,0,2,5,0.4333,0.1667,0.1667,0.0,0.0,0.0,0.0667,0.1667,38.2,7.8,1923,7195.0,2148010.0,47,1.9255,0.2897,514.6,495.5,62,635.3,0,2,2.55,0.0667,3,2,4.2,11,14.01,2.8454,0.0
1016100,MN,40.7798336,-73.9774276,Residential,326,70,38,17,11,0,0,2,2,0,0.5429,0.2429,0.1571,0.0,0.0,0.0286,0.0286,0.0,89.13,4.8,1895,3505.0,5001088.0,330,2.2279,0.2518,510.4,527.7,91,629.0,0,5,6.37,0.0714,3,2,40.5,41,52.2,4.3178,0.1707
1016200,MN,40.7872986,-73.9390088,Mixed-Use,33,0,0,0,0,0,0,0,0,0,0.0,0.0,0.0,0.0,0.0,0.0,0.0,0.0,0.0,10.6,1955,95442.0,5175532.0,36,2.2196,0.2729,735.6,530.5,40,468.6,0,0,0.0,0.0,3,3,0.0,0,0.0,0.0,0.0
1016300,MN,40.7824509,-73.9826623,Open Space,212,57,15,13,9,1,6,7,1,5,0.2632,0.2281,0.1579,0.0175,0.1053,0.1228,0.0175,0.0877,72.57,6.7,1907,14065.0,6785811.0,214,1.8265,0.4549,342.6,470.7,55,537.3,6,17,21.65,0.2982,3,2,6.2,24,30.56,3.4346,0.2083
1016400,MN,40.7878051,-73.9434542,Mixed-Use,60,32,5,11,5,1,1,1,5,3,0.1562,0.3438,0.1562,0.0312,0.0312,0.0312,0.1562,0.0938,40.74,5.2,1942,15946.0,3113779.0,65,2.1444,0.3035,629.9,493.6,74,714.3,1,2,2.55,0.0625,3,3,0.0,19,24.19,2.7926,0.1579
1016500,MN,40.7831891,-73.9759909,Institutional,218,73,35,19,8,1,0,6,2,2,0.4795,0.2603,0.1096,0.0137,0.0,0.0822,0.0274,0.0274,92.95,5.7,1898,7140.0,6418112.0,232,1.9363,0.3246,556.5,504.2,97,532.2,0,6,7.64,0.0822,3,2,34.5,36,45.84,4.0934,0.1944
1016600,MN,40.7895968,-73.9480477,Residential,253,81,40,28,12,1,0,0,0,0,0.4938,0.3457,0.1481,0.0123,0.0,0.0,0.0,0.0,103.13,4.7,1919,4456.0,3220287.0,248,2.7742,0.1792,517.0,511.9,87,700.3,0,0,0.0,0.0,3,3,0.0,50,63.66,3.7337,0.08
1016700,MN,40.7847601,-73.9798804,Open Space,173,100,40,23,24,0,3,2,2,6,0.4,0.23,0.24,0.0,0.03,0.02,0.02,0.06,127.32,6.5,1907,23868.0,5938822.0,186,1.1314,0.656,505.8,488.2,75,581.9,3,20,25.46,0.2,3,2,7.5,57,72.57,4.6676,0.0877
1016800,MN,40.7918672,-73.9513743,Residential,46,18,10,0,0,0,0,2,1,5,0.5556,0.0,0.0,0.0,0.0,0.1111,0.0556,0.2778,22.92,9.9,1943,31272.0,7034986.0,58,1.7299,0.3823,628.7,533.3,71,688.8,0,8,10.19,0.4444,3,3,0.0,6,7.64,1.2516,0.3333
1016900,MN,40.7850882,-73.9729826,Residential,329,66,33,8,12,1,0,1,8,3,0.5,0.1212,0.1818,0.0152,0.0,0.0152,0.1212,0.0455,84.03,5.3,1900,3974.0,6103912.0,347,2.3623,0.2166,449.6,490.0,83,567.9,0,4,5.09,0.0606,3,2,29.7,25,31.83,3.7835,0.0
1017000,MN,40.7902751,-73.9421939,Residential,152,42,11,17,7,0,0,0,2,5,0.2619,0.4048,0.1667,0.0,0.0,0.0,0.0476,0.119,53.48,4.8,1928,9004.0,3960658.0,164,2.2967,0.2827,502.2,465.9,61,648.1,0,0,0.0,0.0,3,3,0.0,28,35.65,3.3963,0.0357
1017100,MN,40.7875792,-73.9788305,Residential,198,73,31,18,16,1,0,2,0,5,0.4247,0.2466,0.2192,0.0137,0.0,0.0274,0.0,0.0685,92.95,6.6,1904,5117.0,7123332.0,210,2.2518,0.2423,462.1,471.1,59,473.6,0,11,14.01,0.1507,3,2,21.2,39,49.66,4.1091,0.1026
1017200,MN,40.7935778,-73.944663,Mixed-Use,264,59,28,13,11,1,0,1,2,3,0.4746,0.2203,0.1864,0.0169,0.0,0.0169,0.0339,0.0508,75.12,4.4,1922,4395.0,3438709.0,261,2.7003,0.1751,414.5,531.6,83,635.3,0,0,0.0,0.0,3,3,0.0,37,47.11,4.0645,0.1351
1017300,MN,40.7876072,-73.9710382,Residential,353,34,11,3,4,0,1,3,7,5,0.3235,0.0882,0.1176,0.0,0.0294,0.0882,0.2059,0.1471,43.29,4.9,1899,3644.0,6446900.0,361,2.3882,0.2189,548.9,522.9,93,478.7,1,2,2.55,0.0588,3,2,41.2,15,19.1,3.7736,0.0667
1017401,MN,40.7954281,-73.948736,Mixed-Use,37,12,4,2,2,0,0,2,1,1,0.3333,0.1667,0.1667,0.0,0.0,0.1667,0.0833,0.0833,15.28,7.6,1941,18055.0,2617861.0,40,2.0693,0.2817,588.1,545.7,81,897.6,0,4,5.09,0.3333,3,3,0.0,6,7.64,2.2516,0.0
1017402,MN,40.7964119,-73.9467503,Mixed-Use,27,9,3,3,1,0,0,0,2,0,0.3333,0.3333,0.1111,0.0,0.0,0.0,0.2222,0.0,11.46,8.8,1976,12224.0,1858713.0,28,1.5317,0.4537,524.9,543.3,85,788.1,0,1,1.27,0.1111,4,3,0.0,7,8.91,2.2359,0.0
1017500,MN,40.7903604,-73.9772741,Residential,192,40,13,5,11,0,1,1,3,6,0.325,0.125,0.275,0.0,0.025,0.025,0.075,0.15,50.93,6.9,1906,5442.0,8377844.0,196,2.0753,0.2804,492.2,539.7,66,455.8,1,4,5.09,0.1,3,2,15.8,22,28.01,3.7544,0.0909
1017700,MN,40.7903466,-73.9694982,Residential,130,39,10,7,7,0,0,2,9,4,0.2564,0.1795,0.1795,0.0,0.0,0.0513,0.2308,0.1026,49.66,6.6,1916,9901.0,6898153.0,183,1.9657,0.2974,509.3,496.6,84,553.9,0,4,5.09,0.1026,3,2,7.8,17,21.65,3.4548,0.1765
1017800,MN,40.7959163,-73.9335345,Mixed-Use,280,39,15,12,8,0,0,2,2,0,0.3846,0.3077,0.2051,0.0,0.0,0.0513,0.0513,0.0,49.66,4.1,1913,7104.0,3613952.0,284,2.865,0.1713,681.6,508.7,41,495.3,0,3,3.82,0.0769,3,3,0.0,23,29.28,3.5512,0.1739
1017900,MN,40.7923588,-73.9748598,Residential,166,78,36,16,17,0,0,1,3,5,0.4615,0.2051,0.2179,0.0,0.0,0.0128,0.0385,0.0641,99.31,6.9,1908,5282.0,6237747.0,165,1.9668,0.3176,328.1,496.6,62,547.5,0,14,17.83,0.1795,3,2,22.2,43,54.75,4.2374,0.0698
1018000,MN,40.7936601,-73.9403728,Residential,198,36,21,7,2,0,0,2,3,1,0.5833,0.1944,0.0556,0.0,0.0,0.0556,0.0833,0.0278,45.84,4.4,1938,8032.0,3423575.0,215,2.036,0.345,503.1,497.1,72,565.3,0,0,0.0,0.0,3,2,8.3,16,20.37,3.0244,0.0625
1018100,MN,40.7921282,-73.9676073,Residential,179,25,8,4,5,0,0,0,2,6,0.32,0.16,0.2,0.0,0.0,0.0,0.08,0.24,31.83,5.8,1907,5369.0,6527870.0,186,1.9161,0.3013,554.4,499.0,82,658.3,0,0,0.0,0.0,3,2,29.3,11,14.01,3.0958,0.0909
1018200,MN,40.7988883,-73.9411669,Residential,167,39,19,6,8,0,0,1,3,2,0.4872,0.1538,0.2051,0.0,0.0,0.0256,0.0769,0.0513,49.66,4.5,1924,7354.0,3439817.0,185,2.1075,0.321,482.4,543.4,88,658.3,0,3,3.82,0.0769,3,2,21.8,16,20.37,3.375,0.0625
1018300,MN,40.7951021,-73.9725541,Mixed-Use,121,92,35,20,18,2,2,8,2,5,0.3804,0.2174,0.1957,0.0217,0.0217,0.087,0.0217,0.0543,117.14,8.0,1920,14280.0,5789515.0,148,2.1319,0.3045,458.7,462.6,68,654.4,2,20,25.46,0.2174,3,2,20.0,43,54.75,4.229,0.1628
1018400,MN,40.8006522,-73.9443373,Residential,157,13,8,2,0,0,0,0,2,1,0.6154,0.1538,0.0,0.0,0.0,0.0,0.1538,0.0769,16.55,4.6,1976,7976.0,3599737.0,168,1.9551,0.3469,600.8,554.5,99,770.3,0,3,3.82,0.2308,3,3,0.0,7,8.91,2.5216,0.0
1018500,MN,40.7948421,-73.9669792,Residential,20,37,8,12,6,0,0,2,5,4,0.2162,0.3243,0.1622,0.0,0.0,0.0541,0.1351,0.1081,47.11,14.6,1971,53194.0,4386839.0,20,1.851,0.3525,475.6,498.9,85,679.9,0,4,5.09,0.1081,3,2,8.9,18,22.92,3.2663,0.6111
1018600,MN,40.7982342,-73.9505303,Residential,25,16,7,3,0,0,0,1,3,2,0.4375,0.1875,0.0,0.0,0.0,0.0625,0.1875,0.125,20.37,5.8,1929,38339.0,1620933.0,37,1.4153,0.5074,583.8,561.5,85,976.6,0,4,5.09,0.25,3,3,0.0,5,6.37,1.9219,0.0
1018700,MN,40.7978392,-73.9707571,Residential,165,67,24,16,17,0,1,3,1,5,0.3582,0.2388,0.2537,0.0,0.0149,0.0448,0.0149,0.0746,85.31,7.0,1911,5437.0,5910143.0,169,2.1265,0.3041,485.1,506.0,77,654.4,1,19,24.19,0.2836,3,2,19.7,43,54.75,4.3571,0.0465
1018800,MN,40.7975387,-73.9374213,Mixed-Use,322,22,10,5,3,0,0,0,0,4,0.4545,0.2273,0.1364,0.0,0.0,0.0,0.0,0.1818,28.01,4.2,1919,3127.0,3033387.0,322,2.5273,0.2299,594.7,509.2,76,570.4,0,1,1.27,0.0455,4,3,0.0,11,14.01,2.8454,0.0909
1018900,MN,40.797627,-73.9628862,Residential,192,35,8,13,6,1,2,0,1,4,0.2286,0.3714,0.1714,0.0286,0.0571,0.0,0.0286,0.1143,44.56,5.2,1917,10630.0,5064001.0,231,1.8202,0.4169,538.5,532.4,94,841.6,2,3,3.82,0.0857,3,3,0.0,23,29.28,3.2947,0.0
1019000,MN,40.8026094,-73.9473681,Mixed-Use,85,26,9,7,5,0,0,0,1,4,0.3462,0.2692,0.1923,0.0,0.0,0.0,0.0385,0.1538,33.1,4.9,1932,8836.0,2452757.0,83,2.0818,0.2662,551.6,537.9,95,767.8,0,0,0.0,0.0,4,3,0.0,10,12.73,2.9219,0.3
1019100,MN,40.8002703,-73.9689997,Mixed-Use,182,81,35,16,12,2,1,8,3,4,0.4321,0.1975,0.1481,0.0247,0.0123,0.0988,0.037,0.0494,103.13,6.4,1913,10712.0,5706252.0,192,1.865,0.3747,423.0,505.9,81,578.1,1,33,42.02,0.4074,3,2,18.7,33,42.02,3.9543,0.0909
1019200,MN,40.7982792,-73.9319407,Residential,52,14,2,6,0,0,0,2,3,1,0.1429,0.4286,0.0,0.0,0.0,0.1429,0.2143,0.0714,17.83,4.2,1926,23314.0,1342168.0,59,2.259,0.303,628.5,543.5,42,620.1,0,0,0.0,0.0,3,2,1.2,6,7.64,1.7925,0.0
1019300,MN,40.8003097,-73.962216,Residential,180,55,23,10,13,2,0,0,3,4,0.4182,0.1818,0.2364,0.0364,0.0,0.0,0.0545,0.0727,70.03,5.6,1919,6879.0,4590662.0,214,2.4356,0.2256,541.1,503.0,106,877.3,0,8,10.19,0.1455,4,3,0.0,31,39.47,4.0181,0.0968
1019400,MN,40.800316,-73.935839,Residential,189,12,3,4,0,0,0,2,1,2,0.25,0.3333,0.0,0.0,0.0,0.1667,0.0833,0.1667,15.28,5.0,1930,6900.0,3542100.0,169,2.4042,0.2623,483.8,464.6,66,776.7,0,0,0.0,0.0,3,2,4.3,6,7.64,1.7925,0.3333
1019500,MN,40.8025837,-73.9670529,Open Space,158,89,43,17,18,1,0,2,4,4,0.4831,0.191,0.2022,0.0112,0.0,0.0225,0.0449,0.0449,113.32,6.5,1916,23958.0,4902815.0,168,1.2585,0.616,506.3,469.3,87,779.2,0,12,15.28,0.1348,3,2,15.7,35,44.56,4.0227,0.1143
1019600,MN,40.8028218,-73.938472,Mixed-Use,185,8,4,3,0,0,0,0,0,1,0.5,0.375,0.0,0.0,0.0,0.0,0.0,0.125,10.19,4.5,1935,6364.0,3576564.0,144,2.9202,0.1585,389.9,502.0,78,1005.9,0,2,2.55,0.25,3,2,17.5,3,3.82,0.9183,0.0
1019701,MN,40.8046727,-73.9607253,Open Space,9,5,2,0,0,0,0,0,1,2,0.4,0.0,0.0,0.0,0.0,0.0,0.2,0.4,6.37,9.7,1957,225219.0,15055896.0,17,1.231,0.4989,479.1,529.3,109,692.6,0,7,8.91,1.4,3,3,0.0,0,0.0,0.0,0.0
1019702,MN,40.8023954,-73.9578804,Residential,75,30,16,7,5,1,0,0,0,1,0.5333,0.2333,0.1667,0.0333,0.0,0.0,0.0,0.0333,38.2,5.3,1919,3937.0,1172819.0,78,1.6762,0.3529,556.6,488.8,104,827.6,0,8,10.19,0.2667,3,2,3.1,13,16.55,3.1808,0.0
1019800,MN,40.8049446,-73.9412548,Open Space,114,29,9,8,4,1,0,2,1,4,0.3103,0.2759,0.1379,0.0345,0.0,0.069,0.0345,0.1379,36.92,4.4,1938,14958.0,2629314.0,121,2.1995,0.3176,536.1,538.4,95,932.0,0,1,1.27,0.0345,3,1,26.4,15,19.1,3.5069,0.2667
1019900,MN,40.8054793,-73.964895,Residential,148,72,40,14,7,0,0,1,4,6,0.5556,0.1944,0.0972,0.0,0.0,0.0139,0.0556,0.0833,91.67,6.8,1915,6537.0,5804452.0,144,2.0436,0.3297,525.4,510.5,93,777.9,0,12,15.28,0.1667,3,2,13.2,27,34.38,4.1064,0.1481
1020000,MN,40.8054253,-73.9455187,Residential,302,35,14,7,5,0,0,3,3,3,0.4,0.2,0.1429,0.0,0.0,0.0857,0.0857,0.0857,44.56,3.8,1901,2860.0,2819121.0,304,2.6479,0.1846,512.7,531.5,96,748.7,0,0,0.0,0.0,3,1,14.3,13,16.55,3.3927,0.3077
1020101,MN,40.8060197,-73.9604383,Institutional,26,5,5,0,0,0,0,0,0,0,1.0,0.0,0.0,0.0,0.0,0.0,0.0,0.0,6.37,7.8,1927,15376.0,2505270.0,28,1.4874,0.4832,492.7,542.6,103,657.0,0,5,6.37,1.0,3,3,0.0,0,0.0,0.0,0.0
1020102,MN,40.8049721,-73.9567049,Residential,132,29,16,6,3,1,0,1,0,2,0.5517,0.2069,0.1034,0.0345,0.0,0.0345,0.0,0.069,36.92,4.8,1911,4007.0,2022748.0,139,2.0247,0.2934,586.4,535.0,118,674.8,0,0,0.0,0.0,3,2,11.9,13,16.55,3.027,0.0769
1020300,MN,40.810594,-73.9600888,Institutional,25,34,12,8,3,1,0,2,6,2,0.3529,0.2353,0.0882,0.0294,0.0,0.0588,0.1765,0.0588,43.29,7.0,1920,57597.0,4408874.0,66,0.6926,0.7912,586.0,543.2,92,606.1,0,2,2.55,0.0588,4,2,9.8,13,16.55,3.027,0.0
1020500,MN,40.8088976,-73.9647813,Institutional,53,22,8,4,1,0,0,2,7,0,0.3636,0.1818,0.0455,0.0,0.0,0.0909,0.3182,0.0,28.01,10.3,1918,14284.0,4726460.0,63,1.2326,0.5061,291.0,456.9,50,550.0,0,7,8.91,0.3182,3,2,8.1,6,7.64,1.9183,0.5
1020600,MN,40.8082167,-73.9390781,Residential,270,7,0,1,0,0,0,0,6,0,0.0,0.1429,0.0,0.0,0.0,0.0,0.8571,0.0,8.91,4.0,1923,3654.0,2734897.0,257,2.6617,0.2074,555.7,565.4,83,707.9,0,0,0.0,0.0,4,3,0.0,1,1.27,-0.0,0.0
1020701,MN,40.8088411,-73.9585843,Residential,28,11,5,2,3,0,0,0,0,1,0.4545,0.1818,0.2727,0.0,0.0,0.0,0.0,0.0909,14.01,7.6,1927,10936.0,1663354.0,28,1.4803,0.4695,579.1,546.0,104,618.8,0,0,0.0,0.0,3,3,0.0,6,7.64,2.585,0.0
1020800,MN,40.8095259,-73.9420478,Residential,382,8,5,1,0,1,0,1,0,0,0.625,0.125,0.0,0.125,0.0,0.125,0.0,0.0,10.19,4.0,1920,2809.0,2787465.0,370,2.3777,0.2665,528.0,538.2,91,686.3,0,2,2.55,0.25,4,2,4.2,2,2.55,1.0,0.0
1020901,MN,40.8115104,-73.9544582,Mixed-Use,67,28,5,7,7,0,0,2,5,2,0.1786,0.25,0.25,0.0,0.0,0.0714,0.1786,0.0714,35.65,5.0,1926,12056.0,2359389.0,79,1.7952,0.4088,406.9,518.3,98,613.7,0,3,3.82,0.1071,3,1,21.3,12,15.28,3.085,0.5833
1021000,MN,40.8133578,-73.9352156,Residential,11,1,0,0,0,0,0,1,0,0,0.0,0.0,0.0,0.0,0.0,1.0,0.0,0.0,1.27,14.8,1953,217154.0,2579201.0,29,1.1242,0.4872,577.9,611.8,56,827.6,0,1,1.27,1.0,4,3,0.0,2,2.55,-0.0,1.0
1021100,MN,40.813807,-73.9599317,Residential,84,42,24,4,3,1,0,2,5,3,0.5714,0.0952,0.0714,0.0238,0.0,0.0476,0.119,0.0714,53.48,7.6,1923,19250.0,6177782.0,94,1.7415,0.448,574.6,487.2,67,644.3,0,5,6.37,0.119,3,2,17.7,11,14.01,2.8454,0.1818
1021200,MN,40.8144475,-73.9384046,Residential,67,14,3,3,1,0,0,1,4,2,0.2143,0.2143,0.0714,0.0,0.0,0.0714,0.2857,0.1429,17.83,5.9,1950,20342.0,5506832.0,67,2.0295,0.3236,491.4,562.2,62,755.0,0,0,0.0,0.0,4,3,0.0,5,6.37,1.371,0.0
1021303,MN,40.8140143,-73.9530957,Residential,141,8,3,0,0,0,0,2,2,1,0.375,0.0,0.0,0.0,0.0,0.25,0.25,0.125,10.19,4.8,1920,7629.0,3042883.0,143,2.8943,0.1544,455.1,532.9,102,655.7,0,0,0.0,0.0,3,3,0.0,0,0.0,0.0,0.0
1021400,MN,40.8178845,-73.9363193,Residential,15,8,2,4,1,0,0,0,1,0,0.25,0.5,0.125,0.0,0.0,0.0,0.125,0.0,10.19,9.2,1949,71777.0,1889749.0,18,2.0985,0.2936,595.1,581.9,67,662.1,0,0,0.0,0.0,4,3,0.0,5,6.37,1.371,0.2
1021500,MN,40.8131436,-73.9498013,Mixed-Use,83,9,4,3,1,1,0,0,0,0,0.4444,0.3333,0.1111,0.1111,0.0,0.0,0.0,0.0,11.46,5.9,1933,5661.0,1990144.0,77,1.8867,0.4284,583.3,489.4,117,604.8,0,2,2.55,0.2222,3,2,18.4,5,6.37,2.3219,0.0
1021600,MN,40.8007058,-73.9542798,Residential,226,4,3,0,0,0,0,0,1,0,0.75,0.0,0.0,0.0,0.0,0.0,0.25,0.0,5.09,5.1,1911,4859.0,4214537.0,251,2.0966,0.2894,422.0,506.6,88,963.8,0,2,2.55,0.5,3,3,0.0,0,0.0,0.0,0.0
1021703,MN,40.817135,-73.9506591,Institutional,21,6,1,0,0,0,0,1,4,0,0.1667,0.0,0.0,0.0,0.0,0.1667,0.6667,0.0,7.64,6.5,1965,81493.0,3026138.0,30,0.4942,0.8091,552.0,568.4,109,617.5,0,0,0.0,0.0,3,2,8.8,0,0.0,0.0,0.0
1021800,MN,40.8033843,-73.9522581,Residential,231,28,13,6,3,0,1,0,3,2,0.4643,0.2143,0.1071,0.0,0.0357,0.0,0.1071,0.0714,35.65,4.6,1936,4981.0,3992081.0,241,2.5313,0.2052,514.4,543.2,109,603.5,1,1,1.27,0.0357,3,3,0.0,13,16.55,3.5466,0.0769
1021900,MN,40.8171376,-73.957036,Mixed-Use,109,22,10,1,1,0,0,4,5,1,0.4545,0.0455,0.0455,0.0,0.0,0.1818,0.2273,0.0455,28.01,4.5,1927,22265.0,5021350.0,117,2.9273,0.1531,572.4,512.6,70,804.7,0,4,5.09,0.1818,3,2,6.5,1,1.27,-0.0,0.0
1022000,MN,40.8056639,-73.9503522,Residential,372,12,7,0,0,0,2,0,3,0,0.5833,0.0,0.0,0.0,0.1667,0.0,0.25,0.0,15.28,3.9,1904,3170.0,3378588.0,388,2.2902,0.2455,513.8,518.0,108,595.9,2,2,2.55,0.1667,4,3,0.0,1,1.27,-0.0,0.0
1022102,MN,40.8187697,-73.9461096,Open Space,161,11,5,0,2,0,0,1,3,0,0.4545,0.0,0.1818,0.0,0.0,0.0909,0.2727,0.0,14.01,3.7,1913,9650.0,1655711.0,186,1.7441,0.4491,556.2,537.6,101,655.7,0,2,2.55,0.1818,3,2,14.3,2,2.55,1.0,0.0
1022200,MN,40.8077583,-73.9491761,Mixed-Use,273,37,8,19,3,1,1,5,0,0,0.2162,0.5135,0.0811,0.027,0.027,0.1351,0.0,0.0,47.11,4.4,1922,4359.0,4761429.0,265,2.5125,0.2198,489.7,498.9,108,627.7,1,4,5.09,0.1081,2,1,53.3,26,33.1,3.7924,0.5385
1022301,MN,40.8206046,-73.9544595,Mixed-Use,129,11,5,2,1,1,0,0,1,1,0.4545,0.1818,0.0909,0.0909,0.0,0.0,0.0909,0.0909,14.01,5.0,1915,10454.0,2717363.0,126,2.7641,0.1706,552.7,545.5,82,648.1,0,0,0.0,0.0,3,3,0.0,4,5.09,1.5,0.25
1022302,MN,40.8205397,-73.9580517,Institutional,16,5,2,0,0,0,0,1,2,0,0.4,0.0,0.0,0.0,0.0,0.2,0.4,0.0,6.37,6.9,1935,36786.0,681968.0,24,2.0659,0.2993,477.1,495.6,47,530.9,0,8,10.19,1.6,3,3,0.0,1,1.27,-0.0,0.0
1022400,MN,40.8104065,-73.9458427,Residential,227,31,12,10,2,1,0,2,1,3,0.3871,0.3226,0.0645,0.0323,0.0,0.0645,0.0323,0.0968,39.47,3.9,1923,6374.0,3602175.0,251,2.2436,0.2376,541.3,506.0,112,509.3,0,1,1.27,0.0323,3,2,9.8,12,15.28,3.2516,0.4167
1022500,MN,40.8230902,-73.9518281,Residential,189,17,11,2,1,0,1,1,1,0,0.6471,0.1176,0.0588,0.0,0.0588,0.0588,0.0588,0.0,21.65,4.8,1913,5300.0,4125629.0,194,2.2462,0.2558,540.7,489.8,86,552.6,1,5,6.37,0.2941,3,2,7.4,3,3.82,1.585,0.3333
1022600,MN,40.8131944,-73.9446707,Residential,373,14,4,3,1,0,1,2,1,2,0.2857,0.2143,0.0714,0.0,0.0714,0.1429,0.0714,0.1429,17.83,3.7,1912,2847.0,2880781.0,384,2.3602,0.2407,550.9,504.2,107,552.6,1,1,1.27,0.0714,4,3,0.0,5,6.37,2.3219,0.0
1022700,MN,40.8230562,-73.9466438,Residential,351,13,4,1,3,0,0,1,3,1,0.3077,0.0769,0.2308,0.0,0.0,0.0769,0.2308,0.0769,16.55,3.9,1903,2880.0,3063348.0,362,2.4662,0.2051,495.1,533.8,102,483.8,0,3,3.82,0.2308,3,2,6.1,3,3.82,1.585,0.0
1022800,MN,40.8161865,-73.9435213,Residential,385,10,6,0,0,1,0,2,1,0,0.6,0.0,0.0,0.1,0.0,0.2,0.1,0.0,12.73,3.9,1913,3172.0,3427090.0,436,2.4378,0.2352,448.2,508.0,84,630.3,0,1,1.27,0.1,3,3,0.0,1,1.27,-0.0,0.0
1022900,MN,40.8254032,-73.9502429,Residential,187,16,5,7,1,0,1,0,1,1,0.3125,0.4375,0.0625,0.0,0.0625,0.0,0.0625,0.0625,20.37,4.7,1918,4893.0,3490785.0,196,2.4198,0.2317,445.2,467.5,78,570.4,1,3,3.82,0.1875,3,2,49.3,8,10.19,2.1556,0.375
1023000,MN,40.8182467,-73.9421376,Residential,262,12,6,1,2,0,0,0,2,1,0.5,0.0833,0.1667,0.0,0.0,0.0,0.1667,0.0833,15.28,4.6,1914,4644.0,3976516.0,313,2.3626,0.2406,556.3,522.2,91,668.5,0,0,0.0,0.0,4,3,0.0,5,6.37,2.3219,0.0
1023100,MN,40.8260097,-73.9446187,Residential,284,16,7,3,2,0,0,0,1,3,0.4375,0.1875,0.125,0.0,0.0,0.0,0.0625,0.1875,20.37,3.9,1908,5363.0,3027002.0,287,2.5136,0.2199,448.7,506.0,89,487.7,0,0,0.0,0.0,3,3,0.0,5,6.37,1.9219,0.2
1023200,MN,40.8208343,-73.939234,Mixed-Use,151,30,11,8,7,1,0,0,2,1,0.3667,0.2667,0.2333,0.0333,0.0,0.0,0.0667,0.0333,38.2,5.5,1926,8055.0,3859465.0,170,2.6436,0.194,570.3,497.7,75,634.1,0,0,0.0,0.0,3,3,0.0,16,20.37,2.8994,0.0
1023300,MN,40.8280576,-73.9480051,Mixed-Use,242,23,21,1,0,0,0,0,1,0,0.913,0.0435,0.0,0.0,0.0,0.0,0.0435,0.0,29.28,4.1,1918,7588.0,3055012.0,243,1.7556,0.052,551.5,516.8,85,560.2,0,0,0.0,0.0,3,2,11.4,2,2.55,1.0,0.0
1023400,MN,40.8238457,-73.9391722,Mixed-Use,83,9,3,2,2,0,0,0,2,0,0.3333,0.2222,0.2222,0.0,0.0,0.0,0.2222,0.0,11.46,5.4,1930,9016.0,2642965.0,104,2.077,0.2853,482.0,494.3,72,623.9,0,0,0.0,0.0,3,3,0.0,5,6.37,2.3219,0.0
1023501,MN,40.8292884,-73.9424284,Residential,184,8,1,3,0,0,2,2,0,0,0.125,0.375,0.0,0.0,0.25,0.25,0.0,0.0,10.19,4.4,1914,4947.0,3144060.0,186,2.6025,0.2124,518.6,534.9,87,639.2,2,3,3.82,0.375,4,3,0.0,5,6.37,1.9219,0.0
1023502,MN,40.8278605,-73.9389268,Residential,47,1,1,0,0,0,0,0,0,0,1.0,0.0,0.0,0.0,0.0,0.0,0.0,0.0,1.27,5.2,1919,5302.0,868811.0,47,2.1679,0.2692,480.1,523.4,64,780.5,0,0,0.0,0.0,3,3,0.0,0,0.0,0.0,0.0
1023600,MN,40.8263807,-73.9369468,Residential,68,5,0,1,0,0,0,0,4,0,0.0,0.2,0.0,0.0,0.0,0.0,0.8,0.0,6.37,6.0,1947,30843.0,4148494.0,78,2.474,0.2423,602.4,525.4,66,752.5,0,0,0.0,0.0,4,3,0.0,1,1.27,-0.0,0.0
1023700,MN,40.8302303,-73.9465231,Open Space,165,8,6,0,0,0,0,1,1,0,0.75,0.0,0.0,0.0,0.0,0.125,0.125,0.0,10.19,4.5,1914,14270.0,3081836.0,174,2.006,0.3779,535.4,532.6,78,690.1,0,1,1.27,0.125,3,2,11.4,1,1.27,-0.0,0.0
1023802,MN,40.7703846,-73.9420011,Institutional,1,4,1,1,0,0,0,1,0,1,0.25,0.25,0.0,0.0,0.0,0.25,0.0,0.25,5.09,8.0,1900,490397.0,661538.0,4,-0.0,1.0,,614.3,31,459.6,0,2,2.55,0.5,3,3,0.0,3,3.82,1.585,0.6667
1023803,MN,40.7620094,-73.9495204,Mixed-Use,3,6,1,1,0,1,0,0,3,0,0.1667,0.1667,0.0,0.1667,0.0,0.0,0.5,0.0,7.64,18.3,1973,148884.0,2044750.0,12,0.7587,0.6577,458.8,564.5,52,678.6,0,2,2.55,0.3333,3,3,0.0,1,1.27,-0.0,1.0
1023804,MN,40.7578082,-73.9533989,Residential,19,9,5,0,0,0,0,2,1,1,0.5556,0.0,0.0,0.0,0.0,0.2222,0.1111,0.1111,11.46,15.3,2010,270945.0,7376095.0,54,0.842,0.7403,143.1,536.6,43,448.2,0,16,20.37,1.7778,3,3,0.0,0,0.0,0.0,0.0
1023900,MN,40.8325955,-73.9408355,Residential,50,6,4,0,0,0,0,0,1,1,0.6667,0.0,0.0,0.0,0.0,0.0,0.1667,0.1667,7.64,4.8,1909,8662.0,1131425.0,53,2.2972,0.2442,307.4,498.3,59,790.7,0,2,2.55,0.3333,3,3,0.0,2,2.55,1.0,0.0
1024000,MN,40.7901672,-73.92172,Open Space,7,2,0,0,0,0,0,1,1,0,0.0,0.0,0.0,0.0,0.0,0.5,0.5,0.0,2.55,3.0,1965,3683267.0,95823.0,158,0.8314,0.7019,,491.5,13,841.6,0,0,0.0,0.0,5,5,0.0,0,0.0,0.0,0.0
1024100,MN,40.8336124,-73.9447019,Residential,112,19,11,0,4,0,0,2,1,1,0.5789,0.0,0.2105,0.0,0.0,0.1053,0.0526,0.0526,24.19,5.1,1915,12721.0,4517723.0,116,2.2488,0.2335,361.8,461.4,55,770.3,0,2,2.55,0.1053,3,2,9.8,3,3.82,1.585,0.0
1024200,MN,40.8045351,-73.9342958,Mixed-Use,110,21,6,5,2,1,0,0,4,3,0.2857,0.2381,0.0952,0.0476,0.0,0.0,0.1905,0.1429,26.74,4.8,1953,20294.0,3580524.0,88,2.7868,0.1678,270.4,430.3,46,767.8,0,2,2.55,0.0952,3,2,33.8,11,14.01,3.2776,0.3636
1024301,MN,40.8357927,-73.938889,Residential,137,6,0,2,1,0,0,1,1,1,0.0,0.3333,0.1667,0.0,0.0,0.1667,0.1667,0.1667,7.64,4.0,1906,4993.0,1789020.0,137,2.6699,0.1865,516.2,527.7,62,755.0,0,3,3.82,0.5,4,3,0.0,3,3.82,1.585,0.3333
1024302,MN,40.8308242,-73.936212,Mixed-Use,7,6,0,4,0,0,1,0,0,1,0.0,0.6667,0.0,0.0,0.1667,0.0,0.0,0.1667,7.64,12.5,1968,312120.0,3474856.0,20,1.4006,0.4768,522.7,487.9,39,844.2,1,1,1.27,0.1667,3,3,0.0,5,6.37,2.3219,0.0
1024500,MN,40.8360786,-73.9420055,Residential,229,4,3,0,0,0,0,0,1,0,0.75,0.0,0.0,0.0,0.0,0.0,0.25,0.0,5.09,4.8,1917,6044.0,5373562.0,232,2.0345,0.2997,496.8,455.6,61,839.1,0,0,0.0,0.0,3,2,16.1,1,1.27,-0.0,0.0
1024700,MN,40.8369642,-73.9457651,Mixed-Use,69,2,0,2,0,0,0,0,0,0,0.0,1.0,0.0,0.0,0.0,0.0,0.0,0.0,2.55,5.2,1918,26779.0,3822836.0,71,2.0585,0.3138,612.8,466.6,51,672.3,0,0,0.0,0.0,3,3,0.0,2,2.55,1.0,0.0
1024900,MN,40.8383801,-73.9371289,Institutional,40,5,1,1,0,0,0,0,3,0,0.2,0.2,0.0,0.0,0.0,0.0,0.6,0.0,6.37,4.4,1929,9419.0,792002.0,31,1.8445,0.3969,375.2,496.0,35,753.8,0,2,2.55,0.4,3,3,0.0,1,1.27,-0.0,0.0
1025100,MN,40.8400006,-73.9382857,Institutional,75,15,6,1,3,0,0,1,2,2,0.4,0.0667,0.2,0.0,0.0,0.0667,0.1333,0.1333,19.1,5.1,1928,13336.0,6012329.0,85,2.0187,0.3808,323.4,484.6,38,821.2,0,2,2.55,0.1333,3,2,10.6,2,2.55,1.0,0.0
1025300,MN,40.8427554,-73.9379622,Residential,162,35,13,8,5,0,0,2,0,7,0.3714,0.2286,0.1429,0.0,0.0,0.0571,0.0,0.2,44.56,4.9,1920,6607.0,3821615.0,164,2.2465,0.2671,427.8,564.2,55,828.9,0,0,0.0,0.0,3,2,14.0,11,14.01,3.0958,0.1818
1025500,MN,40.845267,-73.9422613,Open Space,70,7,4,1,0,0,0,1,0,1,0.5714,0.1429,0.0,0.0,0.0,0.1429,0.0,0.1429,8.91,7.3,1933,61942.0,7114840.0,67,1.5956,0.4901,480.7,607.3,54,706.6,0,2,2.55,0.2857,3,3,0.0,1,1.27,-0.0,0.0
1025700,MN,40.808574,-73.9543977,Residential,200,25,10,6,3,0,0,2,2,2,0.4,0.24,0.12,0.0,0.0,0.08,0.08,0.08,31.83,4.0,1921,4536.0,3287539.0,191,2.6824,0.1693,532.5,523.9,108,654.4,0,4,5.09,0.16,3,3,0.0,10,12.73,2.6464,0.0
1025900,MN,40.8231857,-73.9423907,Mixed-Use,86,28,9,9,6,0,0,1,0,3,0.3214,0.3214,0.2143,0.0,0.0,0.0357,0.0,0.1071,35.65,5.5,1931,5266.0,2054078.0,94,1.8267,0.342,504.8,487.1,83,527.1,0,0,0.0,0.0,3,2,4.5,12,15.28,2.585,0.1667
1026100,MN,40.8454629,-73.9345319,Residential,159,11,4,0,0,1,0,2,2,2,0.3636,0.0,0.0,0.0909,0.0,0.1818,0.1818,0.1818,14.01,4.9,1913,6227.0,3696068.0,163,2.2217,0.2717,584.5,432.6,68,615.0,0,1,1.27,0.0909,4,3,0.0,1,1.27,-0.0,0.0
1026300,MN,40.8469393,-73.9372177,Mixed-Use,102,43,15,9,7,1,0,4,1,6,0.3488,0.2093,0.1628,0.0233,0.0,0.093,0.0233,0.1395,54.75,5.1,1924,9269.0,3675652.0,104,2.2935,0.265,480.1,387.7,72,806.0,0,1,1.27,0.0233,3,2,20.0,18,22.92,3.5724,0.0
1026500,MN,40.8497134,-73.9393237,Mixed-Use,84,42,22,10,6,0,0,0,0,4,0.5238,0.2381,0.1429,0.0,0.0,0.0,0.0,0.0952,53.48,5.5,1921,14327.0,3314747.0,78,2.6327,0.1797,281.8,459.1,63,996.9,0,3,3.82,0.0714,3,2,13.8,19,24.19,3.6819,0.2105
1026700,MN,40.8502006,-73.9287127,Institutional,18,12,8,0,1,0,0,0,2,1,0.6667,0.0,0.0833,0.0,0.0,0.0,0.1667,0.0833,15.28,6.4,1941,18547.0,1147878.0,19,1.7291,0.3501,628.6,552.6,57,589.5,0,2,2.55,0.1667,3,3,0.0,1,1.27,-0.0,0.0
1026900,MN,40.8508255,-73.9309835,Mixed-Use,218,15,4,6,1,0,0,0,0,4,0.2667,0.4,0.0667,0.0,0.0,0.0,0.0,0.2667,19.1,4.0,1920,5090.0,3573949.0,210,2.5295,0.2035,577.0,479.7,70,775.4,0,0,0.0,0.0,3,2,4.0,8,10.19,2.75,0.25
1027100,MN,40.8517372,-73.9341615,Mixed-Use,122,32,10,14,2,0,0,0,2,4,0.3125,0.4375,0.0625,0.0,0.0,0.0,0.0625,0.125,40.74,4.6,1927,10237.0,3806309.0,126,2.5658,0.193,495.6,445.8,78,900.2,0,0,0.0,0.0,3,2,7.7,18,22.92,3.5033,0.7222
1027300,MN,40.8535495,-73.9373913,Residential,68,15,8,3,3,0,0,0,0,1,0.5333,0.2,0.2,0.0,0.0,0.0,0.0,0.0667,19.1,5.3,1932,21809.0,3874078.0,82,2.2183,0.2551,512.0,525.0,69,749.9,0,0,0.0,0.0,4,3,0.0,6,7.64,2.585,0.0
1027500,MN,40.8545213,-73.9395556,Mixed-Use,28,8,5,1,2,0,0,0,0,0,0.625,0.125,0.25,0.0,0.0,0.0,0.0,0.0,10.19,6.2,1934,95320.0,1920566.0,29,1.1613,0.5663,604.5,610.5,57,587.0,0,0,0.0,0.0,4,3,0.0,4,5.09,1.5,0.0
1027700,MN,40.8549348,-73.9284103,Institutional,62,12,6,2,0,0,0,0,4,0,0.5,0.1667,0.0,0.0,0.0,0.0,0.3333,0.0,15.28,5.2,1923,18905.0,3138563.0,82,1.4734,0.4312,595.1,538.2,49,601.0,0,0,0.0,0.0,3,3,0.0,4,5.09,2.0,0.25
1027900,MN,40.8554168,-73.931464,Residential,125,6,4,1,0,0,0,0,1,0,0.6667,0.1667,0.0,0.0,0.0,0.0,0.1667,0.0,7.64,4.8,1927,9766.0,4003570.0,135,2.5104,0.2267,548.7,504.0,57,864.5,0,1,1.27,0.1667,4,3,0.0,1,1.27,-0.0,0.0
1028100,MN,40.8564956,-73.9348151,Residential,23,8,2,1,1,0,0,0,4,0,0.25,0.125,0.125,0.0,0.0,0.0,0.5,0.0,10.19,5.1,1948,23361.0,1625445.0,25,1.3667,0.466,506.6,511.2,48,716.8,0,14,17.83,1.75,3,3,0.0,3,3.82,1.585,0.3333
1028300,MN,40.8587012,-73.9295087,Residential,68,3,1,1,0,0,0,0,1,0,0.3333,0.3333,0.0,0.0,0.0,0.0,0.3333,0.0,3.82,5.9,1940,16866.0,3471610.0,74,2.0457,0.3386,542.2,505.2,40,807.2,0,5,6.37,1.6667,4,3,0.0,2,2.55,1.0,0.0
1028500,MN,40.8616079,-73.9274799,Residential,90,11,5,1,0,0,0,0,3,2,0.4545,0.0909,0.0,0.0,0.0,0.0,0.2727,0.1818,14.01,4.4,1931,9496.0,2528385.0,88,2.3722,0.2536,530.1,522.5,34,788.1,0,0,0.0,0.0,3,2,2.9,2,2.55,1.0,0.0
1028700,MN,40.8645722,-73.9291697,Open Space,56,32,16,4,7,1,0,2,0,2,0.5,0.125,0.2188,0.0312,0.0,0.0625,0.0,0.0625,40.74,4.8,1932,119035.0,2349339.0,66,1.569,0.5203,468.9,388.2,26,1004.6,0,12,15.28,0.375,4,2,4.8,10,12.73,3.1219,0.0
1029100,MN,40.8643593,-73.9239124,Residential,130,13,2,3,2,0,0,3,2,1,0.1538,0.2308,0.1538,0.0,0.0,0.2308,0.1538,0.0769,16.55,4.7,1930,10687.0,4216347.0,135,2.0372,0.2958,396.5,507.7,30,627.7,0,0,0.0,0.0,3,2,3.9,4,5.09,1.5,0.0
1029300,MN,40.8660263,-73.9201487,Mixed-Use,94,12,5,3,1,0,0,0,3,0,0.4167,0.25,0.0833,0.0,0.0,0.0,0.25,0.0,15.28,4.2,1928,10736.0,2820276.0,103,2.1585,0.263,434.0,408.1,33,578.1,0,0,0.0,0.0,3,2,25.0,5,6.37,1.9219,0.4
1029500,MN,40.8676792,-73.9247514,Residential,102,9,2,2,1,0,0,1,2,1,0.2222,0.2222,0.1111,0.0,0.0,0.1111,0.2222,0.1111,11.46,4.7,1939,9326.0,3223859.0,116,2.1352,0.2661,435.2,636.6,32,411.3,0,1,1.27,0.1111,3,2,9.4,3,3.82,1.585,0.0
1029700,MN,40.8724534,-73.9195428,Open Space,6,1,1,0,0,0,0,0,0,0,1.0,0.0,0.0,0.0,0.0,0.0,0.0,0.0,1.27,4.0,1986,2167946.0,560679.0,19,0.142,0.9645,529.8,548.4,19,318.3,0,1,1.27,1.0,3,3,0.0,0,0.0,0.0,0.0
1029900,MN,40.8655866,-73.916102,Mixed-Use,98,1,1,0,0,0,0,0,0,0,1.0,0.0,0.0,0.0,0.0,0.0,0.0,0.0,1.27,3.8,1962,54877.0,4085784.0,121,2.3083,0.3175,403.6,512.1,27,552.6,0,0,0.0,0.0,4,2,4.3,1,1.27,-0.0,0.0
1030300,MN,40.8691796,-73.9184743,Mixed-Use,61,13,7,3,0,1,0,0,2,0,0.5385,0.2308,0.0,0.0769,0.0,0.0,0.1538,0.0,16.55,4.6,1933,17934.0,2436188.0,62,2.5837,0.2122,336.1,348.4,22,490.2,0,0,0.0,0.0,3,3,0.0,4,5.09,2.0,0.0
1030700,MN,40.8714017,-73.9166721,Residential,64,7,2,3,1,0,0,1,0,0,0.2857,0.4286,0.1429,0.0,0.0,0.1429,0.0,0.0,8.91,4.6,1938,9104.0,1992110.0,74,2.048,0.3802,487.8,537.9,24,505.5,0,0,0.0,0.0,4,3,0.0,6,7.64,2.585,0.1667
1030900,MN,40.8762622,-73.9106277,Residential,220,27,9,7,1,0,0,3,4,3,0.3333,0.2593,0.037,0.0,0.0,0.1111,0.1481,0.1111,34.38,3.2,1928,12763.0,3589134.0,243,2.3026,0.1181,465.5,591.3,23,971.5,0,0,0.0,0.0,4,2,9.5,8,10.19,2.75,0.625
1031100,MN,40.8475934,-73.9303845,Open Space,4,30,9,10,3,2,2,0,0,4,0.3,0.3333,0.1,0.0667,0.0667,0.0,0.0,0.1333,38.2,1.0,1949,1389975.0,20054.0,10,0.0012,0.9998,681.9,527.9,67,525.8,2,4,5.09,0.1333,4,2,2.6,18,22.92,3.4138,0.1111
1031703,MN,40.7157522,-74.0156991,Mixed-Use,25,45,29,3,0,4,1,3,2,3,0.6444,0.0667,0.0,0.0889,0.0222,0.0667,0.0444,0.0667,57.3,27.0,1995,171517.0,14051401.0,27,1.3896,0.0516,637.6,596.8,111,3002.3,1,18,22.92,0.4,3,2,10.8,6,7.64,2.2516,0.5
1031704,MN,40.708164,-74.0172167,Mixed-Use,24,25,11,6,2,0,1,3,1,1,0.44,0.24,0.08,0.0,0.04,0.12,0.04,0.04,31.83,19.0,1987,41307.0,7774409.0,27,1.5031,0.4567,573.1,484.6,153,6140.8,1,14,17.83,0.56,3,2,5.3,7,8.91,1.8424,0.0
1031900,MN,40.7016596,-74.0146714,Open Space,3,22,13,4,2,1,1,1,0,0,0.5909,0.1818,0.0909,0.0455,0.0455,0.0455,0.0,0.0,28.01,2.0,1956,357700.0,1069225.0,10,0.5159,0.7959,519.2,457.1,101,2425.5,1,17,21.65,0.7727,2,1,66.7,5,6.37,1.9219,0.0
